m0_hitungulang_log	huid	bigint	bigint	7655	medium	sum,count,avg
m0_hitungulang_log	hujenis	int	int	7655	medium	sum,count,avg
m0_hitungulang_log	huke	int	int	7655	medium	sum,count,avg
m0_hitungulang_log	huidtransaksibarang	bigint	bigint	7655	medium	sum,count,avg
m0_hitungulang_log	hustatus	int	int	7655	medium	sum,count,avg
0_updatehpp	hppupdate	double	double	4030	medium	avg
m0_sentence_s	sid	bigint	bigint	3320	medium	sum,count,avg
m0_report_filter	fid	bigint	bigint	3270	medium	sum,count,avg
m0_report_filter	fmodule	bigint	bigint	3270	medium	sum,count,avg
m0_report_filter	fmenu	bigint	bigint	3270	medium	sum,count,avg
m0_report_filter	fitem	bigint	bigint	3270	medium	sum,count,avg
m0_report_filter	fpanjang	bigint	bigint	3270	medium	sum,count,avg
m0_report_filter	fsd	bigint	bigint	3270	medium	sum,count,avg
m0_report_filter	fwajib	bigint	bigint	3270	medium	sum,count,avg
m0_sentence_s_copy1	sid	bigint	bigint	3265	medium	sum,count,avg
m0_report_filter_copy1	fid	bigint	bigint	3076	medium	sum,count,avg
m0_report_filter_copy1	fmodule	bigint	bigint	3076	medium	sum,count,avg
m0_report_filter_copy1	fmenu	bigint	bigint	3076	medium	sum,count,avg
m0_report_filter_copy1	fitem	bigint	bigint	3076	medium	sum,count,avg
m0_report_filter_copy1	fpanjang	bigint	bigint	3076	medium	sum,count,avg
m0_report_filter_copy1	fsd	bigint	bigint	3076	medium	sum,count,avg
m0_report_filter_copy1	fwajib	bigint	bigint	3076	medium	sum,count,avg
m0_sentence	sid	bigint	bigint	3060	medium	sum,count,avg
m0_sentence_stranslate	stid	bigint	bigint	3034	medium	sum,count,avg
m0_sentence_stranslate	stsentence	bigint	bigint	3034	medium	sum,count,avg
m0_userlog	ulid	bigint	bigint	2972	medium	sum,count,avg
m0_userlog	uluserid	bigint	bigint	2972	medium	sum,count,avg
m0_userlog	ulidmodule	bigint	bigint	2972	medium	sum,count,avg
m0_userlog	ulidmenu	bigint	bigint	2972	medium	sum,count,avg
m0_userlog	ulkodepa	bigint	bigint	2972	medium	sum,count,avg
0_hppglobal	id	double	double	2698	medium	avg
0_hppglobal	jml	double	double	2698	medium	avg
0_hppglobal	hpp	double	double	2698	medium	avg
0_hppglobal	nilai	double	double	2698	medium	avg
m1_cogs_fifo_in	cfiid	bigint	bigint	2622	medium	sum,count,avg
m1_cogs_fifo_in	cfiidbarang	bigint	bigint	2622	medium	sum,count,avg
m1_cogs_fifo_in	cfiidtransaksi	bigint	bigint	2622	medium	sum,count,avg
m1_cogs_fifo_in	cfijmlmasuk	double	double	2622	medium	avg
m1_cogs_fifo_in	cfijmlkeluar	double	double	2622	medium	avg
m1_cogs_fifo_in	cfisisa	double	double	2622	medium	avg
m1_cogs_fifo_in	cfiharga	double	double	2622	medium	avg
m1_item	bid	bigint	bigint	2279	medium	sum,count,avg
m1_item	bjenisdetail	int	int	2279	medium	sum,count,avg
m1_item	bretur	int	int	2279	medium	sum,count,avg
m1_item	bnilaisatuan	double	double	2279	medium	avg
m1_item	bnilaisatuandefault	double	double	2279	medium	avg
m1_item	bsubitemdari	bigint	bigint	2279	medium	sum,count,avg
m1_item	bsuplier	bigint	bigint unsigned	2279	medium	sum,count,avg
m1_item	bstokminimal	double	double	2279	medium	avg
m1_item	bstokmaksimal	double	double	2279	medium	avg
m1_item	breorder	double	double	2279	medium	avg
m1_item	bminorder	double	double	2279	medium	avg
m1_item	bjmlorderbeli	double	double	2279	medium	avg
m1_item	bjmlorderjual	double	double	2279	medium	avg
m1_item	bhargabeli	double	double	2279	medium	avg
m1_item	bhppaverage	double	double	2279	medium	avg
m1_item	bhargajual1	double	double	2279	medium	avg
m1_item	bhargajual2	double	double	2279	medium	avg
m1_item	bhargajual3	double	double	2279	medium	avg
m1_item	bhargajual4	double	double	2279	medium	avg
m1_item	bhargajual5	double	double	2279	medium	avg
m1_item	bstok	double	double	2279	medium	avg
m1_item	bkomisi	double	double	2279	medium	avg
m1_item	bmarginminimal	double	double	2279	medium	avg
m1_item	bapanjang	double	double	2279	medium	avg
m1_item	balebar	double	double	2279	medium	avg
m1_item	batinggi	double	double	2279	medium	avg
m1_item	baberat	double	double	2279	medium	avg
m1_item	bavolume	double	double	2279	medium	avg
m1_item	bpengganti	bigint	bigint	2279	medium	sum,count,avg
m1_item	burutan	bigint	bigint	2279	medium	sum,count,avg
m1_item	bcustom11	int	int	2279	medium	sum,count,avg
m1_item	bcustom12	double	double	2279	medium	avg
m1_item	bcustom13	int	int	2279	medium	sum,count,avg
m1_item	bcustom14	double	double	2279	medium	avg
m1_item	bcustom15	double	double	2279	medium	avg
m1_item	binputuser	bigint	bigint	2279	medium	sum,count,avg
m1_item	bmodifikasiuser	bigint	bigint	2279	medium	sum,count,avg
m1_item	bdownloaded	int	int	2279	medium	sum,count,avg
m1_item	bjmllapangan	double	double	2279	medium	avg
m1_item	bhargajual6	double	double	2279	medium	avg
m1_item	bhargajual7	double	double	2279	medium	avg
m1_item	bhargajual8	double	double	2279	medium	avg
m1_item	bhargajual9	double	double	2279	medium	avg
m1_item	bhargajual10	double	double	2279	medium	avg
m0_role_menu	rmmoduleid	bigint	bigint unsigned	2172	medium	sum,count,avg
m0_role_menu	rmmenuid	bigint	bigint unsigned	2172	medium	sum,count,avg
0_stokfebruari2018	jml	double	double	2153	medium	avg
0_stokfebruari2018	hpp	double	double	2153	medium	avg
0_stokjanuari2018	jml	double	double	2047	medium	avg
0_stokjanuari2018	hpp	double	double	2047	medium	avg
0_stokmaret2018	jml	double	double	1949	medium	avg
0_stokmaret2018	hpp	double	double	1949	medium	avg
m0_sentence_stranslate_copy1	stid	bigint	bigint	1948	medium	sum,count,avg
m0_sentence_stranslate_copy1	stsentence	bigint	bigint	1948	medium	sum,count,avg
m0_role_report_s	rrmoduleid	bigint	bigint	1860	medium	sum,count,avg
m0_role_report_s	rrmenuid	bigint	bigint	1860	medium	sum,count,avg
m0_role_report_s	rritem	int	int	1860	medium	sum,count,avg
m0_role_menu_s_copy1	rmid	bigint	bigint	1758	medium	sum,count,avg
m0_role_menu_s_copy1	rmmoduleid	bigint	bigint unsigned	1758	medium	sum,count,avg
m0_role_menu_s_copy1	rmmenuid	bigint	bigint unsigned	1758	medium	sum,count,avg
m0_role_menu_s	rmid	bigint	bigint	1618	medium	sum,count,avg
m0_role_menu_s	rmmoduleid	bigint	bigint unsigned	1618	medium	sum,count,avg
m0_role_menu_s	rmmenuid	bigint	bigint unsigned	1618	medium	sum,count,avg
m0_translate	tsentence	bigint	bigint	1370	medium	sum,count,avg
m0_sentence_translate	stid	bigint	bigint	1359	medium	sum,count,avg
m0_sentence_translate	stsentence	bigint	bigint	1359	medium	sum,count,avg
m0_report_lang	rlrid	bigint	bigint	1295	medium	sum,count,avg
m0_report_lang	rlrmoduleid	bigint	bigint	1295	medium	sum,count,avg
m0_report_lang	rlrmenuid	bigint	bigint	1295	medium	sum,count,avg
m0_report_lang	rlritem	int	int	1295	medium	sum,count,avg
0_saldoawal	hpp	double	double	1284	medium	avg
m2_transaction_journal	tid	bigint	bigint	1214	medium	sum,count,avg
m2_transaction_journal	tkodetabelangka	int	int	1214	medium	sum,count,avg
m2_transaction_journal	tidtransaksi	bigint	bigint	1214	medium	sum,count,avg
m2_transaction_journal	tkodepa	bigint	bigint	1214	medium	sum,count,avg
m2_transaction_journal	tkontak	bigint	bigint	1214	medium	sum,count,avg
m2_transaction_journal	tkurs	double	double	1214	medium	avg
m2_transaction_journal	tdebit	double	double	1214	medium	avg
m2_transaction_journal	tkredit	double	double	1214	medium	avg
m2_transaction_journal	tdebitvalas	double	double	1214	medium	avg
m2_transaction_journal	tkreditvalas	double	double	1214	medium	avg
m2_transaction_journal	turutan	int	int	1214	medium	sum,count,avg
m2_transaction_journal	tjmlrealisasium	double	double	1214	medium	avg
m2_transaction_journal	tjmlrevisi	int	int	1214	medium	sum,count,avg
m2_transaction_journal	tinputuser	bigint	bigint	1214	medium	sum,count,avg
m2_transaction_journal	tmodifikasiuser	bigint	bigint	1214	medium	sum,count,avg
m0_report	rid	bigint	bigint	1192	medium	sum,count,avg
m0_report	rmoduleid	bigint	bigint	1192	medium	sum,count,avg
m0_report	rmenuid	bigint	bigint	1192	medium	sum,count,avg
m0_report	ritem	int	int	1192	medium	sum,count,avg
m0_report	rquery	int	int	1192	medium	sum,count,avg
m0_report	raktif	int	int	1192	medium	sum,count,avg
m0_report	rurutan	int	int	1192	medium	sum,count,avg
m0_role_report	rrmoduleid	bigint	bigint	1163	medium	sum,count,avg
m0_role_report	rrmenuid	bigint	bigint	1163	medium	sum,count,avg
m0_role_report	rritem	int	int	1163	medium	sum,count,avg
m2_realization	rtahun	int	int	1094	medium	sum,count,avg
m2_realization	rjmldebit	double	double	1094	medium	avg
m2_realization	rjmlkredit	double	double	1094	medium	avg
m2_realization	ranggaran	double	double	1094	medium	avg
m2_realization	rkodepa	bigint	bigint	1094	medium	sum,count,avg
m_12_pos_item	piidbarang	bigint	bigint	1094	medium	sum,count,avg
m_12_pos_item	pistokminimal	double	double	1094	medium	avg
m_12_pos_item	pistokmaksimal	double	double	1094	medium	avg
m_12_pos_item	pistokreorder	double	double	1094	medium	avg
m_12_pos_item	pistokminorder	double	double	1094	medium	avg
m_12_pos_item	pihargajual1	double	double	1094	medium	avg
m_12_pos_item	pihargajual2	double	double	1094	medium	avg
m_12_pos_item	pihargajual3	double	double	1094	medium	avg
m_12_pos_item	pihargajual4	double	double	1094	medium	avg
m_12_pos_item	pihargajual5	double	double	1094	medium	avg
m_12_pos_item	picustomint1	int	int	1094	medium	sum,count,avg
m_12_pos_item	picustomint2	int	int	1094	medium	sum,count,avg
m_12_pos_item	picustomint3	int	int	1094	medium	sum,count,avg
m_12_pos_item	picustomdbl1	double	double	1094	medium	avg
m_12_pos_item	picustomdbl2	double	double	1094	medium	avg
m_12_pos_item	picustomdbl3	double	double	1094	medium	avg
m_12_pos_item	pidownloaded	int	int	1094	medium	sum,count,avg
m_12_pos_item	pihargaedited	int	int	1094	medium	sum,count,avg
m2r_hppglobalsk	id	double	double	1077	medium	avg
m2r_hppglobalsk	jml	double	double	1077	medium	avg
m2r_hppglobalsk	hpp	double	double	1077	medium	avg
m2r_hppglobalsk	nilai	double	double	1077	medium	avg
m0_report_copy	rid	bigint	bigint	1069	medium	sum,count,avg
m0_report_copy	rmoduleid	bigint	bigint	1069	medium	sum,count,avg
m0_report_copy	rmenuid	bigint	bigint	1069	medium	sum,count,avg
m0_report_copy	ritem	int	int	1069	medium	sum,count,avg
m0_report_copy	rquery	int	int	1069	medium	sum,count,avg
m0_report_copy	raktif	int	int	1069	medium	sum,count,avg
m0_report_copy	rurutan	int	int	1069	medium	sum,count,avg
m2r_hppglobalsa	id	double	double	1063	medium	avg
m2r_hppglobalsa	jml	double	double	1063	medium	avg
m2r_hppglobalsa	hpp	double	double	1063	medium	avg
m2r_hppglobalsa	nilai	double	double	1063	medium	avg
m0_setting	smodule	bigint	bigint	1023	medium	sum,count,avg
m0_setting	surutan	int	int	1023	medium	sum,count,avg
m0_setting_s	smodule	bigint	bigint	1017	medium	sum,count,avg
m0_setting_s	surutan	int	int	1017	medium	sum,count,avg
m0_msmq	module	int	int	1009	medium	sum,count,avg
m0_msmq	menu	int	int	1009	medium	sum,count,avg
m0_msmq	item	int	int	1009	medium	sum,count,avg
m0_msmq	fileformat	int	int	1009	medium	sum,count,avg
m0_msmq	print	int	int	1009	medium	sum,count,avg
m0_msmq	jmldata	bigint	bigint	1009	medium	sum,count,avg
m0_msmq	progress	int	int	1009	medium	sum,count,avg
m0_msmq	userid	bigint	bigint	1009	medium	sum,count,avg
m0_msmq	idtransaksi	bigint	bigint	1009	medium	sum,count,avg
m0_msmq	progresspersen	double	double	1009	medium	avg
m0_menu	mnmoduleid	bigint	bigint	843	medium	sum,count,avg
m0_menu	mnid	bigint	bigint	843	medium	sum,count,avg
m0_menu	mnurutan	bigint	bigint	843	medium	sum,count,avg
m0_menu	mnlebar	bigint	bigint	843	medium	sum,count,avg
m0_menu	mntinggi	bigint	bigint	843	medium	sum,count,avg
m0_menu	mnidtransaksi	bigint	bigint	843	medium	sum,count,avg
m1_no_serial_transaction	nstid	bigint	bigint	825	medium	sum,count,avg
m1_no_serial_transaction	nstidserialin	bigint	bigint	825	medium	sum,count,avg
m1_no_serial_transaction	nstidbarang	bigint	bigint	825	medium	sum,count,avg
m1_no_serial_transaction	nstidtransaksi	bigint	bigint	825	medium	sum,count,avg
m1_no_serial_transaction	nstjml	double	double	825	medium	avg
m1_no_serial_transaction	nstcustomdbl1	double	double	825	medium	avg
m1_no_serial_transaction	nstcustomdbl2	double	double	825	medium	avg
m1_no_serial_transaction	nstcustomdbl3	double	double	825	medium	avg
m0_hppaverage	id	bigint	bigint unsigned	747	medium	sum,count,avg
m0_hppaverage	idutama	bigint	bigint	747	medium	sum,count,avg
m0_hppaverage	iddetail	bigint	bigint	747	medium	sum,count,avg
m0_hppaverage	idbarang	bigint	bigint	747	medium	sum,count,avg
m0_hppaverage	customint1	int	int	747	medium	sum,count,avg
m0_hppaverage	customint2	int	int	747	medium	sum,count,avg
m0_hppaverage	customint3	int	int	747	medium	sum,count,avg
m0_hppaverage	customint4	int	int	747	medium	sum,count,avg
m0_hppaverage	customint5	int	int	747	medium	sum,count,avg
m0_hppaverage	customint6	int	int	747	medium	sum,count,avg
m0_hppaverage	customint7	int	int	747	medium	sum,count,avg
m0_hppaverage	customint8	int	int	747	medium	sum,count,avg
m0_hppaverage	customint9	int	int	747	medium	sum,count,avg
m0_hppaverage	customint10	int	int	747	medium	sum,count,avg
m0_hppaverage	customdbl1	double	double	747	medium	avg
m0_hppaverage	customdbl2	double	double	747	medium	avg
m0_hppaverage	customdbl3	double	double	747	medium	avg
m0_hppaverage	customdbl4	double	double	747	medium	avg
m0_hppaverage	customdbl5	double	double	747	medium	avg
m0_hppaverage	customdbl6	double	double	747	medium	avg
m0_hppaverage	customdbl7	double	double	747	medium	avg
m0_hppaverage	customdbl8	double	double	747	medium	avg
m0_hppaverage	customdbl9	double	double	747	medium	avg
m0_hppaverage	customdbl10	double	double	747	medium	avg
m1_item_transaction	id	bigint	bigint unsigned	730	medium	sum,count,avg
m1_item_transaction	kodepa	int	int	730	medium	sum,count,avg
m1_item_transaction	idutama	bigint	bigint	730	medium	sum,count,avg
m1_item_transaction	iddetail	bigint	bigint	730	medium	sum,count,avg
m1_item_transaction	kontak	bigint	bigint	730	medium	sum,count,avg
m1_item_transaction	idbarang	bigint	bigint	730	medium	sum,count,avg
m1_item_transaction	jml	double	double	730	medium	avg
m1_item_transaction	jmlbarang	double	double	730	medium	avg
m1_item_transaction	kurs	double	double	730	medium	avg
m1_item_transaction	harga	double	double	730	medium	avg
m1_item_transaction	jmldiskon	double	double	730	medium	avg
m1_item_transaction	idhppikm	bigint	bigint unsigned	730	medium	sum,count,avg
m1_item_transaction	idhppikk	bigint	bigint	730	medium	sum,count,avg
m1_item_transaction	hpp	double	double	730	medium	avg
m1_item_transaction	inputuser	bigint	bigint	730	medium	sum,count,avg
m1_item_transaction	customint1	int	int	730	medium	sum,count,avg
m1_item_transaction	customint2	int	int	730	medium	sum,count,avg
m1_item_transaction	customint3	int	int	730	medium	sum,count,avg
m1_item_transaction	customint4	int	int	730	medium	sum,count,avg
m1_item_transaction	customint5	int	int	730	medium	sum,count,avg
m1_item_transaction	customint6	int	int	730	medium	sum,count,avg
m1_item_transaction	customint7	int	int	730	medium	sum,count,avg
m1_item_transaction	customint8	int	int	730	medium	sum,count,avg
m1_item_transaction	customint9	int	int	730	medium	sum,count,avg
m1_item_transaction	customint10	int	int	730	medium	sum,count,avg
m1_item_transaction	customdbl1	double	double	730	medium	avg
m1_item_transaction	customdbl2	double	double	730	medium	avg
m1_item_transaction	customdbl3	double	double	730	medium	avg
m1_item_transaction	customdbl4	double	double	730	medium	avg
m1_item_transaction	customdbl5	double	double	730	medium	avg
m1_item_transaction	customdbl6	double	double	730	medium	avg
m1_item_transaction	customdbl7	double	double	730	medium	avg
m1_item_transaction	customdbl8	double	double	730	medium	avg
m1_item_transaction	customdbl9	double	double	730	medium	avg
m1_item_transaction	customdbl10	double	double	730	medium	avg
m1_no_batch_transaction	nbtid	bigint	bigint	713	medium	sum,count,avg
m1_no_batch_transaction	nbtidbatchin	bigint	bigint	713	medium	sum,count,avg
m1_no_batch_transaction	nbtidbarang	bigint	bigint	713	medium	sum,count,avg
m1_no_batch_transaction	nbtidtransaksi	bigint	bigint	713	medium	sum,count,avg
m1_no_batch_transaction	nbtjml	double	double	713	medium	avg
m1_no_batch_transaction	nbtcustomdbl1	double	double	713	medium	avg
m1_no_batch_transaction	nbtcustomdbl2	double	double	713	medium	avg
m1_no_batch_transaction	nbtcustomdbl3	double	double	713	medium	avg
m1_no_serial_in	nsiidserialin	bigint	bigint	613	medium	sum,count,avg
m1_no_serial_in	nsiidbarang	bigint	bigint	613	medium	sum,count,avg
m1_no_serial_in	nsiidtransaksi	bigint	bigint	613	medium	sum,count,avg
m1_no_serial_in	nsijmlmasuk	double	double	613	medium	avg
m1_no_serial_in	nsijmlkeluar	double	double	613	medium	avg
m1_no_serial_in	nsijmlsisa	double	double	613	medium	avg
m1_no_serial_in	nsicustomdbl1	double	double	613	medium	avg
m1_no_serial_in	nsicustomdbl2	double	double	613	medium	avg
m1_no_serial_in	nsicustomdbl3	double	double	613	medium	avg
m2r_hppgudangsk_jml	id	double	double	594	medium	avg
m2r_hppgudangsk_jml	jml	double	double	594	medium	avg
m2r_hppgudangsa_jml	id	double	double	586	medium	avg
m2r_hppgudangsa_jml	jml	double	double	586	medium	avg
m0_menu_s_lang	mnlmoduleid	bigint	bigint	546	medium	sum,count,avg
m0_menu_s_lang	mnlmnid	bigint	bigint	546	medium	sum,count,avg
0_customer	limitkredit	double	double	537	medium	avg
m3_ib_detail	idibdetail	bigint	bigint	513	medium	sum,count,avg
m3_ib_detail	idib	bigint	bigint	513	medium	sum,count,avg
m3_ib_detail	idbarang	bigint	bigint	513	medium	sum,count,avg
m3_ib_detail	jml	double	double	513	medium	avg
m3_ib_detail	nilaisatuan	double	double	513	medium	avg
m3_ib_detail	jmlbarang	double	double	513	medium	avg
m3_ib_detail	kurs	double	double	513	medium	avg
m3_ib_detail	hpplama	double	double	513	medium	avg
m3_ib_detail	hpp	double	double	513	medium	avg
m3_ib_detail	urutan	int	int	513	medium	sum,count,avg
m3_ib_detail	customdbl1	double	double	513	medium	avg
m3_ib_detail	customdbl2	double	double	513	medium	avg
m3_ib_detail	customdbl3	double	double	513	medium	avg
m1_no_serial_transaction_history	nstidhistory	bigint	bigint	458	medium	sum,count,avg
m1_no_serial_transaction_history	nstidtransaksihistory	bigint	bigint	458	medium	sum,count,avg
m1_no_serial_transaction_history	nstid	bigint	bigint	458	medium	sum,count,avg
m1_no_serial_transaction_history	nstidserialin	bigint	bigint	458	medium	sum,count,avg
m1_no_serial_transaction_history	nstidbarang	bigint	bigint	458	medium	sum,count,avg
m1_no_serial_transaction_history	nstidtransaksi	bigint	bigint	458	medium	sum,count,avg
m1_no_serial_transaction_history	nstjml	double	double	458	medium	avg
m1_no_serial_transaction_history	nstcustomdbl1	double	double	458	medium	avg
m1_no_serial_transaction_history	nstcustomdbl2	double	double	458	medium	avg
m1_no_serial_transaction_history	nstcustomdbl3	double	double	458	medium	avg
dateasset	urutan	int	int	436	medium	sum,count,avg
m3_sp_detail_progress	idprogressdetail	int	int	426	medium	sum,count,avg
m3_sp_detail_progress	idprogress	int	int	426	medium	sum,count,avg
m3_sp_detail_progress	idspdetail	bigint	bigint	426	medium	sum,count,avg
m3_sp_detail_progress	idsp	bigint	bigint	426	medium	sum,count,avg
m3_sp_detail_progress	idbarang	bigint	bigint	426	medium	sum,count,avg
m3_sp_detail_progress	jmlsistem	double	double	426	medium	avg
m3_sp_detail_progress	jmlfisik	double	double	426	medium	avg
m3_sp_detail_progress	jmlbagus	double	double	426	medium	avg
m3_sp_detail_progress	jmlrusak	double	double	426	medium	avg
m3_sp_detail_progress	selisih	double	double	426	medium	avg
m3_sp_detail_progress	nilaisatuan	double	double	426	medium	avg
m3_sp_detail_progress	jmlbarangsistem	double	double	426	medium	avg
m3_sp_detail_progress	jmlbarangfisik	double	double	426	medium	avg
m3_sp_detail_progress	jmlbarangbagus	double	double	426	medium	avg
m3_sp_detail_progress	jmlbarangrusak	double	double	426	medium	avg
m3_sp_detail_progress	selisihbarang	double	double	426	medium	avg
m3_sp_detail_progress	jmlsa	double	double	426	medium	avg
m3_sp_detail_progress	urutan	int	int	426	medium	sum,count,avg
m3_sp_detail_progress	customdbl1	double	double	426	medium	avg
m3_sp_detail_progress	customdbl2	double	double	426	medium	avg
m3_sp_detail_progress	customdbl3	double	double	426	medium	avg
m3_sp_detail	idspdetail	bigint	bigint	424	medium	sum,count,avg
m3_sp_detail	idsp	bigint	bigint	424	medium	sum,count,avg
m3_sp_detail	idbarang	bigint	bigint	424	medium	sum,count,avg
m3_sp_detail	jmlsistem	double	double	424	medium	avg
m3_sp_detail	jmlfisik	double	double	424	medium	avg
m3_sp_detail	jmlbagus	double	double	424	medium	avg
m3_sp_detail	jmlrusak	double	double	424	medium	avg
m3_sp_detail	selisih	double	double	424	medium	avg
m3_sp_detail	nilaisatuan	double	double	424	medium	avg
m3_sp_detail	jmlbarangsistem	double	double	424	medium	avg
m3_sp_detail	jmlbarangfisik	double	double	424	medium	avg
m3_sp_detail	jmlbarangbagus	double	double	424	medium	avg
m3_sp_detail	jmlbarangrusak	double	double	424	medium	avg
m3_sp_detail	selisihbarang	double	double	424	medium	avg
m3_sp_detail	jmlsa	double	double	424	medium	avg
m3_sp_detail	urutan	int	int	424	medium	sum,count,avg
m3_sp_detail	customdbl1	double	double	424	medium	avg
m3_sp_detail	customdbl2	double	double	424	medium	avg
m3_sp_detail	customdbl3	double	double	424	medium	avg
m0_menu_lang	mnlmoduleid	bigint	bigint	423	medium	sum,count,avg
m0_menu_lang	mnlmnid	bigint	bigint	423	medium	sum,count,avg
0_so_1	nourut	double	double	415	medium	avg
0_so_1	jml	double	double	415	medium	avg
0_so_1	jmlrealisasi	double	double	415	medium	avg
0_so_1	harga	double	double	415	medium	avg
0_so_1	kurs	double	double	415	medium	avg
0_so_1	rate	double	double	415	medium	avg
0_so_1	jmlpajak	double	double	415	medium	avg
0_so_update	kurs	double	double	415	medium	avg
0_so_update	harga	double	double	415	medium	avg
0_so_update	pajak	double	double	415	medium	avg
m1_coa	cid	bigint	bigint	409	medium	sum,count,avg
m1_coa	ctipe	int	int unsigned	409	medium	sum,count,avg
m1_coa	ckategori	int	int	409	medium	sum,count,avg
m1_coa	curutan	int	int unsigned	409	medium	sum,count,avg
m1_coa	clevel	int	int unsigned	409	medium	sum,count,avg
m1_coa	cinputuser	bigint	bigint unsigned	409	medium	sum,count,avg
m1_coa	cmodifikasiuser	bigint	bigint unsigned	409	medium	sum,count,avg
m1_coa	ccustomint1	int	int	409	medium	sum,count,avg
m1_coa	ccustomint2	int	int	409	medium	sum,count,avg
m1_coa	ccustomint3	int	int	409	medium	sum,count,avg
m1_coa	ccustomint4	int	int	409	medium	sum,count,avg
m1_coa	ccustomint5	int	int	409	medium	sum,count,avg
m1_coa	ccustomint6	int	int	409	medium	sum,count,avg
m1_coa	ccustomint7	int	int	409	medium	sum,count,avg
m1_coa	ccustomint8	int	int	409	medium	sum,count,avg
m1_coa	ccustomint9	int	int	409	medium	sum,count,avg
m1_coa	ccustomint10	int	int	409	medium	sum,count,avg
m1_coa	ccustomdbl1	double	double	409	medium	avg
m1_coa	ccustomdbl2	double	double	409	medium	avg
m1_coa	ccustomdbl3	double	double	409	medium	avg
m1_coa	ccustomdbl4	double	double	409	medium	avg
m1_coa	ccustomdbl5	double	double	409	medium	avg
m1_coa	ccustomdbl6	double	double	409	medium	avg
m1_coa	ccustomdbl7	double	double	409	medium	avg
m1_coa	ccustomdbl8	double	double	409	medium	avg
m1_coa	ccustomdbl9	double	double	409	medium	avg
m1_coa	ccustomdbl10	double	double	409	medium	avg
m0_menu_s_copy1	mnmoduleid	bigint	bigint	400	medium	sum,count,avg
m0_menu_s_copy1	mnid	bigint	bigint	400	medium	sum,count,avg
m0_menu_s_copy1	mnurutan	bigint	bigint	400	medium	sum,count,avg
m0_menu_s_copy1	mnidtransaksi	bigint	bigint	400	medium	sum,count,avg
m3_sp_detail_history	idhistorydetail	int	int	394	medium	sum,count,avg
m3_sp_detail_history	idhistory	int	int	394	medium	sum,count,avg
m3_sp_detail_history	idspdetail	bigint	bigint	394	medium	sum,count,avg
m3_sp_detail_history	idsp	bigint	bigint	394	medium	sum,count,avg
m3_sp_detail_history	idbarang	bigint	bigint	394	medium	sum,count,avg
m3_sp_detail_history	jmlsistem	double	double	394	medium	avg
m3_sp_detail_history	jmlfisik	double	double	394	medium	avg
m3_sp_detail_history	jmlbagus	double	double	394	medium	avg
m3_sp_detail_history	jmlrusak	double	double	394	medium	avg
m3_sp_detail_history	selisih	double	double	394	medium	avg
m3_sp_detail_history	nilaisatuan	double	double	394	medium	avg
m3_sp_detail_history	jmlbarangsistem	double	double	394	medium	avg
m3_sp_detail_history	jmlbarangfisik	double	double	394	medium	avg
m3_sp_detail_history	jmlbarangbagus	double	double	394	medium	avg
m3_sp_detail_history	jmlbarangrusak	double	double	394	medium	avg
m3_sp_detail_history	selisihbarang	double	double	394	medium	avg
m3_sp_detail_history	jmlsa	double	double	394	medium	avg
m3_sp_detail_history	urutan	int	int	394	medium	sum,count,avg
m3_sp_detail_history	customdbl1	double	double	394	medium	avg
m3_sp_detail_history	customdbl2	double	double	394	medium	avg
m3_sp_detail_history	customdbl3	double	double	394	medium	avg
m0_msmq_journal	mjidtransaksi	bigint	bigint	371	medium	sum,count,avg
m0_msmq_journal	mjprogress	int	int	371	medium	sum,count,avg
m0_msmq_journal	mjuserid	bigint	bigint	371	medium	sum,count,avg
m0_menu_s	mnmoduleid	bigint	bigint	338	medium	sum,count,avg
m0_menu_s	mnid	bigint	bigint	338	medium	sum,count,avg
m0_menu_s	mnurutan	bigint	bigint	338	medium	sum,count,avg
m0_menu_s	mnidtransaksi	bigint	bigint	338	medium	sum,count,avg
0_ar	kurs	double	double	328	medium	avg
0_ar	nilaiawal	double	double	328	medium	avg
0_ar	nilaiakhir	double	double	328	medium	avg
m2r_hppgudangsk	id	double	double	288	medium	avg
m2r_hppgudangsk	hpp	double	double	288	medium	avg
m2r_hppgudangsa	id	double	double	285	medium	avg
m2r_hppgudangsa	hpp	double	double	285	medium	avg
m0_setting_lang	slmodule	bigint	bigint	269	medium	sum,count,avg
m0_msmq_cogs	mcidtransaksi	bigint	bigint	253	medium	sum,count,avg
m0_msmq_cogs	mcprogress	int	int	253	medium	sum,count,avg
m0_msmq_cogs	mcuserid	bigint	bigint	253	medium	sum,count,avg
m1_coa_copy1	cid	bigint	bigint	246	medium	sum,count,avg
m1_coa_copy1	ctipe	int	int unsigned	246	medium	sum,count,avg
m1_coa_copy1	ckategori	int	int	246	medium	sum,count,avg
m1_coa_copy1	curutan	int	int unsigned	246	medium	sum,count,avg
m1_coa_copy1	clevel	int	int unsigned	246	medium	sum,count,avg
m1_coa_copy1	cinputuser	bigint	bigint unsigned	246	medium	sum,count,avg
m1_coa_copy1	cmodifikasiuser	bigint	bigint unsigned	246	medium	sum,count,avg
m1_coa_copy1	ccustomint1	int	int	246	medium	sum,count,avg
m1_coa_copy1	ccustomint2	int	int	246	medium	sum,count,avg
m1_coa_copy1	ccustomint3	int	int	246	medium	sum,count,avg
m1_coa_copy1	ccustomint4	int	int	246	medium	sum,count,avg
m1_coa_copy1	ccustomint5	int	int	246	medium	sum,count,avg
m1_coa_copy1	ccustomint6	int	int	246	medium	sum,count,avg
m1_coa_copy1	ccustomint7	int	int	246	medium	sum,count,avg
m1_coa_copy1	ccustomint8	int	int	246	medium	sum,count,avg
m1_coa_copy1	ccustomint9	int	int	246	medium	sum,count,avg
m1_coa_copy1	ccustomint10	int	int	246	medium	sum,count,avg
m1_coa_copy1	ccustomdbl1	double	double	246	medium	avg
m1_coa_copy1	ccustomdbl2	double	double	246	medium	avg
m1_coa_copy1	ccustomdbl3	double	double	246	medium	avg
m1_coa_copy1	ccustomdbl4	double	double	246	medium	avg
m1_coa_copy1	ccustomdbl5	double	double	246	medium	avg
m1_coa_copy1	ccustomdbl6	double	double	246	medium	avg
m1_coa_copy1	ccustomdbl7	double	double	246	medium	avg
m1_coa_copy1	ccustomdbl8	double	double	246	medium	avg
m1_coa_copy1	ccustomdbl9	double	double	246	medium	avg
m1_coa_copy1	ccustomdbl10	double	double	246	medium	avg
m4_po_detail	idpodetail	bigint	bigint	243	medium	sum,count,avg
m4_po_detail	idpo	bigint	bigint	243	medium	sum,count,avg
m4_po_detail	idbarang	bigint	bigint	243	medium	sum,count,avg
m4_po_detail	jml	double	double	243	medium	avg
m4_po_detail	nilaisatuan	double	double	243	medium	avg
m4_po_detail	jmlbarang	double	double	243	medium	avg
m4_po_detail	kurs	double	double	243	medium	avg
m4_po_detail	harga	double	double	243	medium	avg
m4_po_detail	jmldiskon	double	double	243	medium	avg
m4_po_detail	jmlpajak1	double	double	243	medium	avg
m4_po_detail	jmlpajak2	double	double	243	medium	avg
m4_po_detail	urutan	int	int	243	medium	sum,count,avg
m4_po_detail	idprdetail	bigint	bigint	243	medium	sum,count,avg
m4_po_detail	idcsdetail	bigint	bigint	243	medium	sum,count,avg
m4_po_detail	idrqdetail	bigint	bigint	243	medium	sum,count,avg
m4_po_detail	idbsdetail	bigint	bigint	243	medium	sum,count,avg
m4_po_detail	jmlipc	double	double	243	medium	avg
m4_po_detail	jmlgrn	double	double	243	medium	avg
m4_po_detail	jmlri	double	double	243	medium	avg
m4_po_detail	jmldnr	double	double	243	medium	avg
m4_po_detail	jmlprt	double	double	243	medium	avg
m4_po_detail	jmlrealisasi	double	double	243	medium	avg
m4_po_detail	customdbl1	double	double	243	medium	avg
m4_po_detail	customdbl2	double	double	243	medium	avg
m4_po_detail	customdbl3	double	double	243	medium	avg
m0_nomor_next	tahun	bigint	bigint	234	medium	sum,count,avg
m0_nomor_next	noberikutnya	double	double	234	medium	avg
0_ap	kurs	double	double	217	medium	avg
0_ap	nilaiawal	double	double	217	medium	avg
0_ap	nilaiakhir	double	double	217	medium	avg
m0_usergrupmenu	ugmmoduleid	bigint	bigint unsigned	209	medium	sum,count,avg
m0_usergrupmenu	ugmmenuid	bigint	bigint unsigned	209	medium	sum,count,avg
m0_usergrupmenu	ugmusergrup	bigint	bigint unsigned	209	medium	sum,count,avg
m1_cogs_fifo_out	cfoid	bigint	bigint	208	medium	sum,count,avg
m1_cogs_fifo_out	cfoidbarang	bigint	bigint	208	medium	sum,count,avg
m1_cogs_fifo_out	cfoidtransaksi	bigint	bigint	208	medium	sum,count,avg
m1_cogs_fifo_out	cfojmlkeluar	double	double	208	medium	avg
m1_cogs_fifo_out	cfoharga	double	double	208	medium	avg
m1_cogs_fifo_out	cfoidcfi	bigint	bigint	208	medium	sum,count,avg
m1_item_transaction_history	idhistory	bigint	bigint	207	medium	sum,count,avg
m1_item_transaction_history	id	bigint	bigint unsigned	207	medium	sum,count,avg
m1_item_transaction_history	kodepa	int	int	207	medium	sum,count,avg
m1_item_transaction_history	idutama	bigint	bigint	207	medium	sum,count,avg
m1_item_transaction_history	iddetail	bigint	bigint	207	medium	sum,count,avg
m1_item_transaction_history	kontak	bigint	bigint	207	medium	sum,count,avg
m1_item_transaction_history	idbarang	bigint	bigint	207	medium	sum,count,avg
m1_item_transaction_history	jml	double	double	207	medium	avg
m1_item_transaction_history	jmlbarang	double	double	207	medium	avg
m1_item_transaction_history	kurs	double	double	207	medium	avg
m1_item_transaction_history	harga	double	double	207	medium	avg
m1_item_transaction_history	jmldiskon	double	double	207	medium	avg
m1_item_transaction_history	idhppikm	bigint	bigint unsigned	207	medium	sum,count,avg
m1_item_transaction_history	idhppikk	bigint	bigint	207	medium	sum,count,avg
m1_item_transaction_history	hpp	double	double	207	medium	avg
m1_item_transaction_history	inputuser	bigint	bigint	207	medium	sum,count,avg
m1_item_transaction_history	customint1	int	int	207	medium	sum,count,avg
m1_item_transaction_history	customint2	int	int	207	medium	sum,count,avg
m1_item_transaction_history	customint3	int	int	207	medium	sum,count,avg
m1_item_transaction_history	customint4	int	int	207	medium	sum,count,avg
m1_item_transaction_history	customint5	int	int	207	medium	sum,count,avg
m1_item_transaction_history	customint6	int	int	207	medium	sum,count,avg
m1_item_transaction_history	customint7	int	int	207	medium	sum,count,avg
m1_item_transaction_history	customint8	int	int	207	medium	sum,count,avg
m1_item_transaction_history	customint9	int	int	207	medium	sum,count,avg
m1_item_transaction_history	customint10	int	int	207	medium	sum,count,avg
m1_item_transaction_history	customdbl1	double	double	207	medium	avg
m1_item_transaction_history	customdbl2	double	double	207	medium	avg
m1_item_transaction_history	customdbl3	double	double	207	medium	avg
m1_item_transaction_history	customdbl4	double	double	207	medium	avg
m1_item_transaction_history	customdbl5	double	double	207	medium	avg
m1_item_transaction_history	customdbl6	double	double	207	medium	avg
m1_item_transaction_history	customdbl7	double	double	207	medium	avg
m1_item_transaction_history	customdbl8	double	double	207	medium	avg
m1_item_transaction_history	customdbl9	double	double	207	medium	avg
m1_item_transaction_history	customdbl10	double	double	207	medium	avg
m1_item_stock_warehouse	idbarang	bigint	bigint	194	medium	sum,count,avg
m1_item_stock_warehouse	stok	double	double	194	medium	avg
m4_grn_detail	idgrndetail	bigint	bigint	169	medium	sum,count,avg
m4_grn_detail	idgrn	bigint	bigint	169	medium	sum,count,avg
m4_grn_detail	idbarang	bigint	bigint	169	medium	sum,count,avg
m4_grn_detail	jml	double	double	169	medium	avg
m4_grn_detail	nilaisatuan	double	double	169	medium	avg
m4_grn_detail	jmlbarang	double	double	169	medium	avg
m4_grn_detail	kurs	double	double	169	medium	avg
m4_grn_detail	harga	double	double	169	medium	avg
m4_grn_detail	jmldiskon	double	double	169	medium	avg
m4_grn_detail	jmlpajak1	double	double	169	medium	avg
m4_grn_detail	jmlpajak2	double	double	169	medium	avg
m4_grn_detail	urutan	int	int	169	medium	sum,count,avg
m4_grn_detail	idprdetail	bigint	bigint	169	medium	sum,count,avg
m4_grn_detail	idcsdetail	bigint	bigint	169	medium	sum,count,avg
m4_grn_detail	idrqdetail	bigint	bigint	169	medium	sum,count,avg
m4_grn_detail	idbsdetail	bigint	bigint	169	medium	sum,count,avg
m4_grn_detail	idpodetail	bigint	bigint	169	medium	sum,count,avg
m4_grn_detail	idipcdetail	bigint	bigint	169	medium	sum,count,avg
m4_grn_detail	jmlri	double	double	169	medium	avg
m4_grn_detail	jmldnr	double	double	169	medium	avg
m4_grn_detail	jmlprt	double	double	169	medium	avg
m4_grn_detail	jmlts	double	double	169	medium	avg
m4_grn_detail	jmlrealisasi	double	double	169	medium	avg
m4_grn_detail	customdbl1	double	double	169	medium	avg
m4_grn_detail	customdbl2	double	double	169	medium	avg
m4_grn_detail	customdbl3	double	double	169	medium	avg
m0_language_detail	ldid	int	int	165	medium	sum,count,avg
m4_grn_detail_history	idhistorydetail	bigint	bigint	163	medium	sum,count,avg
m4_grn_detail_history	idhistory	bigint	bigint	163	medium	sum,count,avg
m4_grn_detail_history	idgrndetail	bigint	bigint	163	medium	sum,count,avg
m4_grn_detail_history	idgrn	bigint	bigint	163	medium	sum,count,avg
m4_grn_detail_history	idbarang	bigint	bigint	163	medium	sum,count,avg
m4_grn_detail_history	jml	double	double	163	medium	avg
m4_grn_detail_history	nilaisatuan	double	double	163	medium	avg
m4_grn_detail_history	jmlbarang	double	double	163	medium	avg
m4_grn_detail_history	kurs	double	double	163	medium	avg
m4_grn_detail_history	harga	double	double	163	medium	avg
m4_grn_detail_history	jmldiskon	double	double	163	medium	avg
m4_grn_detail_history	jmlpajak1	double	double	163	medium	avg
m4_grn_detail_history	jmlpajak2	double	double	163	medium	avg
m4_grn_detail_history	urutan	int	int	163	medium	sum,count,avg
m4_grn_detail_history	idprdetail	bigint	bigint	163	medium	sum,count,avg
m4_grn_detail_history	idcsdetail	bigint	bigint	163	medium	sum,count,avg
m4_grn_detail_history	idrqdetail	bigint	bigint	163	medium	sum,count,avg
m4_grn_detail_history	idbsdetail	bigint	bigint	163	medium	sum,count,avg
m4_grn_detail_history	idpodetail	bigint	bigint	163	medium	sum,count,avg
m4_grn_detail_history	idipcdetail	bigint	bigint	163	medium	sum,count,avg
m4_grn_detail_history	jmlri	double	double	163	medium	avg
m4_grn_detail_history	jmldnr	double	double	163	medium	avg
m4_grn_detail_history	jmlprt	double	double	163	medium	avg
m4_grn_detail_history	jmlts	double	double	163	medium	avg
m4_grn_detail_history	jmlrealisasi	double	double	163	medium	avg
m4_grn_detail_history	customdbl1	double	double	163	medium	avg
m4_grn_detail_history	customdbl2	double	double	163	medium	avg
m4_grn_detail_history	customdbl3	double	double	163	medium	avg
m4_po_detail_history	idhistorydetail	bigint	bigint	159	medium	sum,count,avg
m4_po_detail_history	idhistory	bigint	bigint	159	medium	sum,count,avg
m4_po_detail_history	idpodetail	bigint	bigint	159	medium	sum,count,avg
m4_po_detail_history	idpo	bigint	bigint	159	medium	sum,count,avg
m4_po_detail_history	idbarang	bigint	bigint	159	medium	sum,count,avg
m4_po_detail_history	jml	double	double	159	medium	avg
m4_po_detail_history	nilaisatuan	double	double	159	medium	avg
m4_po_detail_history	jmlbarang	double	double	159	medium	avg
m4_po_detail_history	kurs	double	double	159	medium	avg
m4_po_detail_history	harga	double	double	159	medium	avg
m4_po_detail_history	jmldiskon	double	double	159	medium	avg
m4_po_detail_history	jmlpajak1	double	double	159	medium	avg
m4_po_detail_history	jmlpajak2	double	double	159	medium	avg
m4_po_detail_history	urutan	int	int	159	medium	sum,count,avg
m4_po_detail_history	idprdetail	bigint	bigint	159	medium	sum,count,avg
m4_po_detail_history	idcsdetail	bigint	bigint	159	medium	sum,count,avg
m4_po_detail_history	idrqdetail	bigint	bigint	159	medium	sum,count,avg
m4_po_detail_history	idbsdetail	bigint	bigint	159	medium	sum,count,avg
m4_po_detail_history	jmlipc	double	double	159	medium	avg
m4_po_detail_history	jmlgrn	double	double	159	medium	avg
m4_po_detail_history	jmlri	double	double	159	medium	avg
m4_po_detail_history	jmldnr	double	double	159	medium	avg
m4_po_detail_history	jmlprt	double	double	159	medium	avg
m4_po_detail_history	jmlrealisasi	double	double	159	medium	avg
m4_po_detail_history	customdbl1	double	double	159	medium	avg
m4_po_detail_history	customdbl2	double	double	159	medium	avg
m4_po_detail_history	customdbl3	double	double	159	medium	avg
m1_no_batch_in	nbiidbatchin	bigint	bigint	153	medium	sum,count,avg
m1_no_batch_in	nbiidbarang	bigint	bigint	153	medium	sum,count,avg
m1_no_batch_in	nbiidtransaksi	bigint	bigint	153	medium	sum,count,avg
m1_no_batch_in	nbijmlmasuk	double	double	153	medium	avg
m1_no_batch_in	nbijmlkeluar	double	double	153	medium	avg
m1_no_batch_in	nbijmlsisa	double	double	153	medium	avg
m1_no_batch_in	nbicustomdbl1	double	double	153	medium	avg
m1_no_batch_in	nbicustomdbl2	double	double	153	medium	avg
m1_no_batch_in	nbicustomdbl3	double	double	153	medium	avg
m1_item_history	bidhistory	bigint	bigint	150	medium	sum,count,avg
m1_item_history	bid	bigint	bigint	150	medium	sum,count,avg
m1_item_history	bjenisdetail	int	int	150	medium	sum,count,avg
m1_item_history	bretur	int	int	150	medium	sum,count,avg
m1_item_history	bnilaisatuan	double	double	150	medium	avg
m1_item_history	bnilaisatuandefault	double	double	150	medium	avg
m1_item_history	bsubitemdari	bigint	bigint	150	medium	sum,count,avg
m1_item_history	bsuplier	bigint	bigint unsigned	150	medium	sum,count,avg
m1_item_history	bstokminimal	double	double	150	medium	avg
m1_item_history	bstokmaksimal	double	double	150	medium	avg
m1_item_history	breorder	double	double	150	medium	avg
m1_item_history	bminorder	double	double	150	medium	avg
m1_item_history	bjmlorderbeli	double	double	150	medium	avg
m1_item_history	bjmlorderjual	double	double	150	medium	avg
m1_item_history	bhargabeli	double	double	150	medium	avg
m1_item_history	bhppaverage	double	double	150	medium	avg
m1_item_history	bhargajual1	double	double	150	medium	avg
m1_item_history	bhargajual2	double	double	150	medium	avg
m1_item_history	bhargajual3	double	double	150	medium	avg
m1_item_history	bhargajual4	double	double	150	medium	avg
m1_item_history	bhargajual5	double	double	150	medium	avg
m1_item_history	bstok	double	double	150	medium	avg
m1_item_history	bkomisi	double	double	150	medium	avg
m1_item_history	bmarginminimal	double	double	150	medium	avg
m1_item_history	bapanjang	double	double	150	medium	avg
m1_item_history	balebar	double	double	150	medium	avg
m1_item_history	batinggi	double	double	150	medium	avg
m1_item_history	bavolume	double	double	150	medium	avg
m1_item_history	baberat	double	double	150	medium	avg
m1_item_history	bpengganti	bigint	bigint	150	medium	sum,count,avg
m1_item_history	burutan	bigint	bigint	150	medium	sum,count,avg
m1_item_history	bcustom11	int	int	150	medium	sum,count,avg
m1_item_history	bcustom12	double	double	150	medium	avg
m1_item_history	bcustom13	int	int	150	medium	sum,count,avg
m1_item_history	bcustom14	double	double	150	medium	avg
m1_item_history	bcustom15	double	double	150	medium	avg
m1_item_history	binputuser	bigint	bigint	150	medium	sum,count,avg
m1_item_history	bmodifikasiuser	bigint	bigint	150	medium	sum,count,avg
m1_item_history	bdownloaded	int	int	150	medium	sum,count,avg
m1_item_history	bjmllapangan	double	double	150	medium	avg
m1_item_history	bhargajual6	double	double	150	medium	avg
m1_item_history	bhargajual7	double	double	150	medium	avg
m1_item_history	bhargajual8	double	double	150	medium	avg
m1_item_history	bhargajual9	double	double	150	medium	avg
m1_item_history	bhargajual10	double	double	150	medium	avg
m4_po	poid	bigint	bigint	146	medium	sum,count,avg
m4_po	pokodepa	bigint	bigint	146	medium	sum,count,avg
m4_po	posupplier	bigint	bigint	146	medium	sum,count,avg
m4_po	pobagianpembelian	bigint	bigint	146	medium	sum,count,avg
m4_po	pokurs	double	double	146	medium	avg
m4_po	pojmldiskon	double	double	146	medium	avg
m4_po	pobiayalain	double	double	146	medium	avg
m4_po	pojmlbayar	double	double	146	medium	avg
m4_po	poidpr	bigint	bigint	146	medium	sum,count,avg
m4_po	poidcs	bigint	bigint	146	medium	sum,count,avg
m4_po	poidrq	bigint	bigint	146	medium	sum,count,avg
m4_po	poidbs	bigint	bigint	146	medium	sum,count,avg
m4_po	pojmlrevisi	int	int	146	medium	sum,count,avg
m4_po	poinputuser	bigint	bigint unsigned	146	medium	sum,count,avg
m4_po	pomodifikasiuser	bigint	bigint unsigned	146	medium	sum,count,avg
m4_po	pocustomint1	int	int	146	medium	sum,count,avg
m4_po	pocustomint2	int	int	146	medium	sum,count,avg
m4_po	pocustomint3	int	int	146	medium	sum,count,avg
m4_po	pocustomdbl1	double	double	146	medium	avg
m4_po	pocustomdbl2	double	double	146	medium	avg
m4_po	pocustomdbl3	double	double	146	medium	avg
m0_dashboardmail	did	bigint	bigint	140	medium	sum,count,avg
m0_dashboardmail	didtransaksi	bigint	bigint	140	medium	sum,count,avg
m0_dashboardmail	diduser	bigint	bigint	140	medium	sum,count,avg
m0_dashboardmail	dview	int	int	140	medium	sum,count,avg
m5_ic_detail_history	idhistorydetail	bigint	bigint	139	medium	sum,count,avg
m5_ic_detail_history	idhistory	bigint	bigint	139	medium	sum,count,avg
m5_ic_detail_history	idicdetail	bigint	bigint	139	medium	sum,count,avg
m5_ic_detail_history	idic	bigint	bigint	139	medium	sum,count,avg
m5_ic_detail_history	idtransaksi	bigint	bigint	139	medium	sum,count,avg
m5_ic_detail_history	kurs	double	double	139	medium	avg
m5_ic_detail_history	terbayar	double	double	139	medium	avg
m5_ic_detail_history	rencana	double	double	139	medium	avg
m5_ic_detail_history	sisa	double	double	139	medium	avg
m5_ic_detail_history	jmlbayar	double	double	139	medium	avg
m5_ic_detail_history	jmlbayarvalas	double	double	139	medium	avg
m5_ic_detail_history	jmldiskontermin	double	double	139	medium	avg
m5_ic_detail_history	jmldiskonterminvalas	double	double	139	medium	avg
m5_ic_detail_history	jmlpv	double	double	139	medium	avg
m5_ic_detail_history	jmlpvvalas	double	double	139	medium	avg
m5_ic_detail_history	statuspv	double	double	139	medium	avg
m5_ic_detail_history	urutan	int	int	139	medium	sum,count,avg
m5_ic_detail_history	customdbl1	double	double	139	medium	avg
m5_ic_detail_history	customdbl2	double	double	139	medium	avg
m5_ic_detail_history	customdbl3	double	double	139	medium	avg
m0_nomor	moduleid	int	int	137	medium	sum,count,avg
m0_nomor	menuid	bigint	bigint	137	medium	sum,count,avg
m4_pr_detail	idprdetail	bigint	bigint	132	medium	sum,count,avg
m4_pr_detail	idpr	bigint	bigint	132	medium	sum,count,avg
m4_pr_detail	idbarang	bigint	bigint	132	medium	sum,count,avg
m4_pr_detail	jml	double	double	132	medium	avg
m4_pr_detail	nilaisatuan	double	double	132	medium	avg
m4_pr_detail	jmlbarang	double	double	132	medium	avg
m4_pr_detail	kurs	double	double	132	medium	avg
m4_pr_detail	harga	double	double	132	medium	avg
m4_pr_detail	jmldiskon	double	double	132	medium	avg
m4_pr_detail	jmlpajak1	double	double	132	medium	avg
m4_pr_detail	jmlpajak2	double	double	132	medium	avg
m4_pr_detail	hargajual	double	double	132	medium	avg
m4_pr_detail	stokterakhir	double	double	132	medium	avg
m4_pr_detail	supplier	bigint	bigint	132	medium	sum,count,avg
m4_pr_detail	urutan	int	int	132	medium	sum,count,avg
m4_pr_detail	idsqdetail	bigint	bigint	132	medium	sum,count,avg
m4_pr_detail	jmlsq	double	double	132	medium	avg
m4_pr_detail	jmlcs	double	double	132	medium	avg
m4_pr_detail	jmlrq	double	double	132	medium	avg
m4_pr_detail	jmlpo	double	double	132	medium	avg
m4_pr_detail	jmlipc	double	double	132	medium	avg
m4_pr_detail	jmlgrn	double	double	132	medium	avg
m4_pr_detail	jmlri	double	double	132	medium	avg
m4_pr_detail	jmldnr	double	double	132	medium	avg
m4_pr_detail	jmlprt	double	double	132	medium	avg
m4_pr_detail	jmlrealisasi	double	double	132	medium	avg
m4_pr_detail	customdbl1	double	double	132	medium	avg
m4_pr_detail	customdbl2	double	double	132	medium	avg
m4_pr_detail	customdbl3	double	double	132	medium	avg
m4_ri_detail_history	idhistorydetail	bigint	bigint	125	medium	sum,count,avg
m4_ri_detail_history	idhistory	bigint	bigint	125	medium	sum,count,avg
m4_ri_detail_history	idridetail	bigint	bigint	125	medium	sum,count,avg
m4_ri_detail_history	idri	bigint	bigint unsigned	125	medium	sum,count,avg
m4_ri_detail_history	idbarang	bigint	bigint	125	medium	sum,count,avg
m4_ri_detail_history	jml	double	double	125	medium	avg
m4_ri_detail_history	nilaisatuan	double	double	125	medium	avg
m4_ri_detail_history	jmlbarang	double	double	125	medium	avg
m4_ri_detail_history	kurs	double	double	125	medium	avg
m4_ri_detail_history	harga	double	double	125	medium	avg
m4_ri_detail_history	jmldiskon	double	double	125	medium	avg
m4_ri_detail_history	jmlpajak1	double	double	125	medium	avg
m4_ri_detail_history	jmlpajak2	double	double	125	medium	avg
m4_ri_detail_history	urutan	int	int	125	medium	sum,count,avg
m4_ri_detail_history	idprdetail	bigint	bigint	125	medium	sum,count,avg
m4_ri_detail_history	idcsdetail	bigint	bigint	125	medium	sum,count,avg
m4_ri_detail_history	idrqdetail	bigint	bigint	125	medium	sum,count,avg
m4_ri_detail_history	idbsdetail	bigint	bigint	125	medium	sum,count,avg
m4_ri_detail_history	idpodetail	bigint	bigint	125	medium	sum,count,avg
m4_ri_detail_history	idipcdetail	bigint	bigint	125	medium	sum,count,avg
m4_ri_detail_history	idgrndetail	bigint	bigint	125	medium	sum,count,avg
m4_ri_detail_history	jmldnr	double	double	125	medium	avg
m4_ri_detail_history	jmlprt	double	double	125	medium	avg
m4_ri_detail_history	jmlrealisasi	double	double	125	medium	avg
m4_ri_detail_history	customdbl1	double	double	125	medium	avg
m4_ri_detail_history	customdbl2	double	double	125	medium	avg
m4_ri_detail_history	customdbl3	double	double	125	medium	avg
m6_bom_out_history	idhistoryout	bigint	bigint	123	medium	sum,count,avg
m6_bom_out_history	idhistory	bigint	bigint	123	medium	sum,count,avg
m6_bom_out_history	idbomout	bigint	bigint	123	medium	sum,count,avg
m6_bom_out_history	idbom	bigint	bigint	123	medium	sum,count,avg
m6_bom_out_history	idbarang	bigint	bigint	123	medium	sum,count,avg
m6_bom_out_history	jml	double	double	123	medium	avg
m6_bom_out_history	nilaisatuan	double	double	123	medium	avg
m6_bom_out_history	jmlbarang	double	double	123	medium	avg
m6_bom_out_history	kurs	double	double	123	medium	avg
m6_bom_out_history	harga	double	double	123	medium	avg
m6_bom_out_history	hpp	double	double	123	medium	avg
m6_bom_out_history	idhppkhususmasuk	bigint	bigint	123	medium	sum,count,avg
m6_bom_out_history	idhppfifomasuk	bigint	bigint	123	medium	sum,count,avg
m6_bom_out_history	urutan	int	int	123	medium	sum,count,avg
m6_bom_out_history	customdbl1	double	double	123	medium	avg
m6_bom_out_history	customdbl2	double	double	123	medium	avg
m6_bom_out_history	customdbl3	double	double	123	medium	avg
m1_no_batch_out	nboid	bigint	bigint	120	medium	sum,count,avg
m1_no_batch_out	nboidbatchin	bigint	bigint	120	medium	sum,count,avg
m1_no_batch_out	nboidbarang	bigint	bigint	120	medium	sum,count,avg
m1_no_batch_out	nboidtransaksi	bigint	bigint	120	medium	sum,count,avg
m1_no_batch_out	nbojmlkeluar	double	double	120	medium	avg
m4_grn_history	grnidhistory	bigint	bigint	118	medium	sum,count,avg
m4_grn_history	grnid	bigint	bigint	118	medium	sum,count,avg
m4_grn_history	grnkodepa	bigint	bigint	118	medium	sum,count,avg
m4_grn_history	grnsupplier	bigint	bigint	118	medium	sum,count,avg
m4_grn_history	grnbagianpembelian	bigint	bigint	118	medium	sum,count,avg
m4_grn_history	grnkurs	double	double	118	medium	avg
m4_grn_history	grnjmldiskon	double	double	118	medium	avg
m4_grn_history	grnbiayalain	double	double	118	medium	avg
m4_grn_history	grnjmlbayar	double	double	118	medium	avg
m4_grn_history	grnidpr	bigint	bigint	118	medium	sum,count,avg
m4_grn_history	grnidcs	bigint	bigint	118	medium	sum,count,avg
m4_grn_history	grnidrq	bigint	bigint	118	medium	sum,count,avg
m4_grn_history	grnidbs	bigint	bigint	118	medium	sum,count,avg
m4_grn_history	grnidpo	bigint	bigint	118	medium	sum,count,avg
m4_grn_history	grnidipc	bigint	bigint	118	medium	sum,count,avg
m4_grn_history	grnjmlrevisi	int	int	118	medium	sum,count,avg
m4_grn_history	grninputuser	bigint	bigint unsigned	118	medium	sum,count,avg
m4_grn_history	grnmodifikasiuser	bigint	bigint unsigned	118	medium	sum,count,avg
m4_grn_history	grncustomint1	int	int	118	medium	sum,count,avg
m4_grn_history	grncustomint2	int	int	118	medium	sum,count,avg
m4_grn_history	grncustomint3	int	int	118	medium	sum,count,avg
m4_grn_history	grncustomdbl1	double	double	118	medium	avg
m4_grn_history	grncustomdbl2	double	double	118	medium	avg
m4_grn_history	grncustomdbl3	double	double	118	medium	avg
m4_vp_detail_history	idhistorydetail	bigint	bigint	115	medium	sum,count,avg
m4_vp_detail_history	idhistory	bigint	bigint	115	medium	sum,count,avg
m4_vp_detail_history	idvpdetail	bigint	bigint	115	medium	sum,count,avg
m4_vp_detail_history	idvp	bigint	bigint	115	medium	sum,count,avg
m4_vp_detail_history	idtransaksi	bigint	bigint	115	medium	sum,count,avg
m4_vp_detail_history	kurs	double	double	115	medium	avg
m4_vp_detail_history	terbayar	double	double	115	medium	avg
m4_vp_detail_history	rencana	double	double	115	medium	avg
m4_vp_detail_history	sisa	double	double	115	medium	avg
m4_vp_detail_history	jmlbayar	double	double	115	medium	avg
m4_vp_detail_history	jmlbayarvalas	double	double	115	medium	avg
m4_vp_detail_history	jmldiskontermin	double	double	115	medium	avg
m4_vp_detail_history	jmldiskonterminvalas	double	double	115	medium	avg
m4_vp_detail_history	idvppdetail	bigint	bigint	115	medium	sum,count,avg
m4_vp_detail_history	urutan	int	int	115	medium	sum,count,avg
m4_vp_detail_history	customdbl1	double	double	115	medium	avg
m4_vp_detail_history	customdbl2	double	double	115	medium	avg
m4_vp_detail_history	customdbl3	double	double	115	medium	avg
m4_po_history	poidhistory	bigint	bigint	114	medium	sum,count,avg
m4_po_history	poid	bigint	bigint	114	medium	sum,count,avg
m4_po_history	pokodepa	bigint	bigint	114	medium	sum,count,avg
m4_po_history	posupplier	bigint	bigint	114	medium	sum,count,avg
m4_po_history	pobagianpembelian	bigint	bigint	114	medium	sum,count,avg
m4_po_history	pokurs	double	double	114	medium	avg
m4_po_history	pojmldiskon	double	double	114	medium	avg
m4_po_history	pobiayalain	double	double	114	medium	avg
m4_po_history	pojmlbayar	double	double	114	medium	avg
m4_po_history	poidpr	bigint	bigint	114	medium	sum,count,avg
m4_po_history	poidcs	bigint	bigint	114	medium	sum,count,avg
m4_po_history	poidrq	bigint	bigint	114	medium	sum,count,avg
m4_po_history	poidbs	bigint	bigint	114	medium	sum,count,avg
m4_po_history	pojmlrevisi	int	int	114	medium	sum,count,avg
m4_po_history	poinputuser	bigint	bigint unsigned	114	medium	sum,count,avg
m4_po_history	pomodifikasiuser	bigint	bigint unsigned	114	medium	sum,count,avg
m4_po_history	pocustomint1	int	int	114	medium	sum,count,avg
m4_po_history	pocustomint2	int	int	114	medium	sum,count,avg
m4_po_history	pocustomint3	int	int	114	medium	sum,count,avg
m4_po_history	pocustomdbl1	double	double	114	medium	avg
m4_po_history	pocustomdbl2	double	double	114	medium	avg
m4_po_history	pocustomdbl3	double	double	114	medium	avg
m1_no_batch_transaction_history	nbtidhistory	bigint	bigint	113	medium	sum,count,avg
m1_no_batch_transaction_history	nbtidtransaksihistory	bigint	bigint	113	medium	sum,count,avg
m1_no_batch_transaction_history	nbtid	bigint	bigint	113	medium	sum,count,avg
m1_no_batch_transaction_history	nbtidbatchin	bigint	bigint	113	medium	sum,count,avg
m1_no_batch_transaction_history	nbtidbarang	bigint	bigint	113	medium	sum,count,avg
m1_no_batch_transaction_history	nbtidtransaksi	bigint	bigint	113	medium	sum,count,avg
m1_no_batch_transaction_history	nbtjml	double	double	113	medium	avg
m1_no_batch_transaction_history	nbtcustomdbl1	double	double	113	medium	avg
m1_no_batch_transaction_history	nbtcustomdbl2	double	double	113	medium	avg
m1_no_batch_transaction_history	nbtcustomdbl3	double	double	113	medium	avg
m4_ri_detail	idridetail	bigint	bigint	113	medium	sum,count,avg
m4_ri_detail	idri	bigint	bigint unsigned	113	medium	sum,count,avg
m4_ri_detail	idbarang	bigint	bigint	113	medium	sum,count,avg
m4_ri_detail	jml	double	double	113	medium	avg
m4_ri_detail	nilaisatuan	double	double	113	medium	avg
m4_ri_detail	jmlbarang	double	double	113	medium	avg
m4_ri_detail	kurs	double	double	113	medium	avg
m4_ri_detail	harga	double	double	113	medium	avg
m4_ri_detail	jmldiskon	double	double	113	medium	avg
m4_ri_detail	jmlpajak1	double	double	113	medium	avg
m4_ri_detail	jmlpajak2	double	double	113	medium	avg
m4_ri_detail	urutan	int	int	113	medium	sum,count,avg
m4_ri_detail	idprdetail	bigint	bigint	113	medium	sum,count,avg
m4_ri_detail	idcsdetail	bigint	bigint	113	medium	sum,count,avg
m4_ri_detail	idrqdetail	bigint	bigint	113	medium	sum,count,avg
m4_ri_detail	idbsdetail	bigint	bigint	113	medium	sum,count,avg
m4_ri_detail	idpodetail	bigint	bigint	113	medium	sum,count,avg
m4_ri_detail	idipcdetail	bigint	bigint	113	medium	sum,count,avg
m4_ri_detail	idgrndetail	bigint	bigint	113	medium	sum,count,avg
m4_ri_detail	jmldnr	double	double	113	medium	avg
m4_ri_detail	jmlprt	double	double	113	medium	avg
m4_ri_detail	jmlrealisasi	double	double	113	medium	avg
m4_ri_detail	customdbl1	double	double	113	medium	avg
m4_ri_detail	customdbl2	double	double	113	medium	avg
m4_ri_detail	customdbl3	double	double	113	medium	avg
m5_si_detail	idsidetail	bigint	bigint	109	medium	sum,count,avg
m5_si_detail	idsi	bigint	bigint unsigned	109	medium	sum,count,avg
m5_si_detail	idbarang	bigint	bigint	109	medium	sum,count,avg
m5_si_detail	jml	double	double	109	medium	avg
m5_si_detail	nilaisatuan	double	double	109	medium	avg
m5_si_detail	jmlbarang	double	double	109	medium	avg
m5_si_detail	kurs	double	double	109	medium	avg
m5_si_detail	idhppkhususmasuk	bigint	bigint	109	medium	sum,count,avg
m5_si_detail	idhppfifomasuk	bigint	bigint	109	medium	sum,count,avg
m5_si_detail	harga	double	double	109	medium	avg
m5_si_detail	hpp	double	double	109	medium	avg
m5_si_detail	jmldiskon	double	double	109	medium	avg
m5_si_detail	jmlpajak1	double	double	109	medium	avg
m5_si_detail	jmlpajak2	double	double	109	medium	avg
m5_si_detail	urutan	int	int	109	medium	sum,count,avg
m5_si_detail	idsqdetail	bigint	bigint	109	medium	sum,count,avg
m5_si_detail	idsodetail	bigint	bigint	109	medium	sum,count,avg
m5_si_detail	idpidetail	bigint	bigint	109	medium	sum,count,avg
m5_si_detail	idpldetail	bigint	bigint	109	medium	sum,count,avg
m5_si_detail	iddodetail	bigint	bigint	109	medium	sum,count,avg
m5_si_detail	iddrdetail	bigint	bigint	109	medium	sum,count,avg
m5_si_detail	jmlrnr	double	double	109	medium	avg
m5_si_detail	jmlsr	double	double	109	medium	avg
m5_si_detail	jmlrealisasi	double	double	109	medium	avg
m5_si_detail	isbonusfrom	bigint	bigint	109	medium	sum,count,avg
m5_si_detail	customdbl1	double	double	109	medium	avg
m5_si_detail	customdbl2	double	double	109	medium	avg
m5_si_detail	customdbl3	double	double	109	medium	avg
m8_content_role	ruserid	int	int	108	medium	sum,count,avg
m8_content_role	rakses	int	int	108	medium	sum,count,avg
m1_no_serial_out	nsoid	bigint	bigint	101	medium	sum,count,avg
m1_no_serial_out	nsoidserialin	bigint	bigint	101	medium	sum,count,avg
m1_no_serial_out	nsoidbarang	bigint	bigint	101	medium	sum,count,avg
m1_no_serial_out	nsoidtransaksi	bigint	bigint	101	medium	sum,count,avg
m1_no_serial_out	nsojmlkeluar	double	double	101	medium	avg
m4_pr_detail_history	idhistorydetail	int	int	100	medium	sum,count,avg
m4_pr_detail_history	idhistory	int	int	100	medium	sum,count,avg
m4_pr_detail_history	idprdetail	bigint	bigint	100	medium	sum,count,avg
m4_pr_detail_history	idpr	bigint	bigint	100	medium	sum,count,avg
m4_pr_detail_history	idbarang	bigint	bigint	100	medium	sum,count,avg
m4_pr_detail_history	jml	double	double	100	medium	avg
m4_pr_detail_history	nilaisatuan	double	double	100	medium	avg
m4_pr_detail_history	jmlbarang	double	double	100	medium	avg
m4_pr_detail_history	kurs	double	double	100	medium	avg
m4_pr_detail_history	harga	double	double	100	medium	avg
m4_pr_detail_history	jmldiskon	double	double	100	medium	avg
m4_pr_detail_history	jmlpajak1	double	double	100	medium	avg
m4_pr_detail_history	jmlpajak2	double	double	100	medium	avg
m4_pr_detail_history	hargajual	double	double	100	medium	avg
m4_pr_detail_history	stokterakhir	double	double	100	medium	avg
m4_pr_detail_history	supplier	bigint	bigint	100	medium	sum,count,avg
m4_pr_detail_history	urutan	int	int	100	medium	sum,count,avg
m4_pr_detail_history	idsqdetail	bigint	bigint	100	medium	sum,count,avg
m4_pr_detail_history	jmlsq	double	double	100	medium	avg
m4_pr_detail_history	jmlcs	double	double	100	medium	avg
m4_pr_detail_history	jmlrq	double	double	100	medium	avg
m4_pr_detail_history	jmlpo	double	double	100	medium	avg
m4_pr_detail_history	jmlipc	double	double	100	medium	avg
m4_pr_detail_history	jmlgrn	double	double	100	medium	avg
m4_pr_detail_history	jmlri	double	double	100	medium	avg
m4_pr_detail_history	jmldnr	double	double	100	medium	avg
m4_pr_detail_history	jmlprt	double	double	100	medium	avg
m4_pr_detail_history	jmlrealisasi	double	double	100	medium	avg
m4_pr_detail_history	customdbl1	double	double	100	medium	avg
m4_pr_detail_history	customdbl2	double	double	100	medium	avg
m4_pr_detail_history	customdbl3	double	double	100	medium	avg
m4_vp_detail	idvpdetail	bigint	bigint	97	medium	sum,count,avg
m4_vp_detail	idvp	bigint	bigint	97	medium	sum,count,avg
m4_vp_detail	idtransaksi	bigint	bigint	97	medium	sum,count,avg
m4_vp_detail	kurs	double	double	97	medium	avg
m4_vp_detail	terbayar	double	double	97	medium	avg
m4_vp_detail	rencana	double	double	97	medium	avg
m4_vp_detail	sisa	double	double	97	medium	avg
m4_vp_detail	jmlbayar	double	double	97	medium	avg
m4_vp_detail	jmlbayarvalas	double	double	97	medium	avg
m4_vp_detail	jmldiskontermin	double	double	97	medium	avg
m4_vp_detail	jmldiskonterminvalas	double	double	97	medium	avg
m4_vp_detail	idvppdetail	bigint	bigint	97	medium	sum,count,avg
m4_vp_detail	urutan	int	int	97	medium	sum,count,avg
m4_vp_detail	customdbl1	double	double	97	medium	avg
m4_vp_detail	customdbl2	double	double	97	medium	avg
m4_vp_detail	customdbl3	double	double	97	medium	avg
m4_grn	grnid	bigint	bigint	96	medium	sum,count,avg
m4_grn	grnkodepa	bigint	bigint	96	medium	sum,count,avg
m4_grn	grnsupplier	bigint	bigint	96	medium	sum,count,avg
m4_grn	grnbagianpembelian	bigint	bigint	96	medium	sum,count,avg
m4_grn	grnkurs	double	double	96	medium	avg
m4_grn	grnjmldiskon	double	double	96	medium	avg
m4_grn	grnbiayalain	double	double	96	medium	avg
m4_grn	grnjmlbayar	double	double	96	medium	avg
m4_grn	grnidpr	bigint	bigint	96	medium	sum,count,avg
m4_grn	grnidcs	bigint	bigint	96	medium	sum,count,avg
m4_grn	grnidrq	bigint	bigint	96	medium	sum,count,avg
m4_grn	grnidbs	bigint	bigint	96	medium	sum,count,avg
m4_grn	grnidpo	bigint	bigint	96	medium	sum,count,avg
m4_grn	grnidipc	bigint	bigint	96	medium	sum,count,avg
m4_grn	grnjmlrevisi	int	int	96	medium	sum,count,avg
m4_grn	grninputuser	bigint	bigint unsigned	96	medium	sum,count,avg
m4_grn	grnmodifikasiuser	bigint	bigint unsigned	96	medium	sum,count,avg
m4_grn	grncustomint1	int	int	96	medium	sum,count,avg
m4_grn	grncustomint2	int	int	96	medium	sum,count,avg
m4_grn	grncustomint3	int	int	96	medium	sum,count,avg
m4_grn	grncustomdbl1	double	double	96	medium	avg
m4_grn	grncustomdbl2	double	double	96	medium	avg
m4_grn	grncustomdbl3	double	double	96	medium	avg
m5_so_detail	idsodetail	bigint	bigint	94	medium	sum,count,avg
m5_so_detail	idso	bigint	bigint	94	medium	sum,count,avg
m5_so_detail	idbarang	bigint	bigint	94	medium	sum,count,avg
m5_so_detail	jml	double	double	94	medium	avg
m5_so_detail	nilaisatuan	double	double	94	medium	avg
m5_so_detail	jmlbarang	double	double	94	medium	avg
m5_so_detail	kurs	double	double	94	medium	avg
m5_so_detail	harga	double	double	94	medium	avg
m5_so_detail	jmldiskon	double	double	94	medium	avg
m5_so_detail	jmlpajak1	double	double	94	medium	avg
m5_so_detail	jmlpajak2	double	double	94	medium	avg
m5_so_detail	urutan	int	int	94	medium	sum,count,avg
m5_so_detail	idsqdetail	bigint	bigint	94	medium	sum,count,avg
m5_so_detail	jmlpi	double	double	94	medium	avg
m5_so_detail	jmlpl	double	double	94	medium	avg
m5_so_detail	jmldo	double	double	94	medium	avg
m5_so_detail	jmldr	double	double	94	medium	avg
m5_so_detail	jmlsi	double	double	94	medium	avg
m5_so_detail	jmlrnr	double	double	94	medium	avg
m5_so_detail	jmlsr	double	double	94	medium	avg
m5_so_detail	jmlrealisasi	double	double	94	medium	avg
m5_so_detail	customdbl1	double	double	94	medium	avg
m5_so_detail	customdbl2	double	double	94	medium	avg
m5_so_detail	customdbl3	double	double	94	medium	avg
0_so	nourut	double	double	93	medium	avg
0_so	jml	double	double	93	medium	avg
0_so	jmlrealisasi	double	double	93	medium	avg
0_so	harga	double	double	93	medium	avg
0_so	kurs	double	double	93	medium	avg
0_so	rate	double	double	93	medium	avg
0_so	jmlpajak	double	double	93	medium	avg
0_po_1	nourut	double	double	87	medium	avg
0_po_1	jml	double	double	87	medium	avg
0_po_1	jmlgrn	double	double	87	medium	avg
0_po_1	harga	double	double	87	medium	avg
0_po_1	kurs	double	double	87	medium	avg
0_po_1	rate	double	double	87	medium	avg
0_po_1	jmlpajak	double	double	87	medium	avg
m1_item_booking_po	idbarang	bigint	bigint	86	medium	sum,count,avg
m1_item_booking_po	jmlbooking	double	double	86	medium	avg
m2r_hppglobalms	id	double	double	86	medium	avg
m2r_hppglobalms	jml	double	double	86	medium	avg
m2r_hppglobalms	hpp	double	double	86	medium	avg
m2r_hppglobalms	nilai	double	double	86	medium	avg
m5_si_history	siidhistory	bigint	bigint	83	medium	sum,count,avg
m5_si_history	siid	bigint	bigint	83	medium	sum,count,avg
m5_si_history	sikodepa	bigint	bigint	83	medium	sum,count,avg
m5_si_history	sicustomer	bigint	bigint	83	medium	sum,count,avg
m5_si_history	sibagianpenjualan	bigint	bigint	83	medium	sum,count,avg
m5_si_history	sikurs	double	double	83	medium	avg
m5_si_history	sijmldiskon	double	double	83	medium	avg
m5_si_history	sibiayalain	double	double	83	medium	avg
m5_si_history	sijmluangmuka	double	double	83	medium	avg
m5_si_history	sijmlbayar	double	double	83	medium	avg
m5_si_history	sibayartunai	double	double	83	medium	avg
m5_si_history	sibayarkkredit	double	double	83	medium	avg
m5_si_history	sibayarkdebit	double	double	83	medium	avg
m5_si_history	sibayarvoucher	double	double	83	medium	avg
m5_si_history	sibayarpoin	double	double	83	medium	avg
m5_si_history	sibayarjmlpoin	double	double	83	medium	avg
m5_si_history	sicharge	double	double	83	medium	avg
m5_si_history	sijmlkembali	double	double	83	medium	avg
m5_si_history	sipoinsebelumnya	double	double	83	medium	avg
m5_si_history	sipoindidapat	double	double	83	medium	avg
m5_si_history	siidsq	bigint	bigint	83	medium	sum,count,avg
m5_si_history	siidso	bigint	bigint	83	medium	sum,count,avg
m5_si_history	siidas	bigint	bigint	83	medium	sum,count,avg
m5_si_history	siidpi	bigint	bigint	83	medium	sum,count,avg
m5_si_history	siidpl	bigint	bigint	83	medium	sum,count,avg
m5_si_history	siiddo	bigint	bigint	83	medium	sum,count,avg
m5_si_history	siiddr	bigint	bigint	83	medium	sum,count,avg
m5_si_history	sijmlrevisi	int	int	83	medium	sum,count,avg
m5_si_history	siinputuser	bigint	bigint unsigned	83	medium	sum,count,avg
m5_si_history	simodifikasiuser	bigint	bigint unsigned	83	medium	sum,count,avg
m5_si_history	sicustomint1	int	int	83	medium	sum,count,avg
m5_si_history	sicustomint2	int	int	83	medium	sum,count,avg
m5_si_history	sicustomint3	int	int	83	medium	sum,count,avg
m5_si_history	sicustomint4	int	int	83	medium	sum,count,avg
m5_si_history	sicustomint5	int	int	83	medium	sum,count,avg
m5_si_history	sicustomint6	int	int	83	medium	sum,count,avg
m5_si_history	sicustomint7	int	int	83	medium	sum,count,avg
m5_si_history	sicustomint8	int	int	83	medium	sum,count,avg
m5_si_history	sicustomint9	int	int	83	medium	sum,count,avg
m5_si_history	sicustomint10	int	int	83	medium	sum,count,avg
m5_si_history	sicustomdbl1	double	double	83	medium	avg
m5_si_history	sicustomdbl2	double	double	83	medium	avg
m5_si_history	sicustomdbl3	double	double	83	medium	avg
m5_si_history	sicustomdbl4	double	double	83	medium	avg
m5_si_history	sicustomdbl5	double	double	83	medium	avg
m5_si_history	sicustomdbl6	double	double	83	medium	avg
m5_si_history	sicustomdbl7	double	double	83	medium	avg
m5_si_history	sicustomdbl8	double	double	83	medium	avg
m5_si_history	sicustomdbl9	double	double	83	medium	avg
m5_si_history	sicustomdbl10	double	double	83	medium	avg
m5_si	siid	bigint	bigint	81	medium	sum,count,avg
m5_si	sikodepa	bigint	bigint	81	medium	sum,count,avg
m5_si	sicustomer	bigint	bigint	81	medium	sum,count,avg
m5_si	sibagianpenjualan	bigint	bigint	81	medium	sum,count,avg
m5_si	sikurs	double	double	81	medium	avg
m5_si	sijmldiskon	double	double	81	medium	avg
m5_si	sibiayalain	double	double	81	medium	avg
m5_si	sijmluangmuka	double	double	81	medium	avg
m5_si	sijmlbayar	double	double	81	medium	avg
m5_si	sibayartunai	double	double	81	medium	avg
m5_si	sibayarkkredit	double	double	81	medium	avg
m5_si	sibayarkdebit	double	double	81	medium	avg
m5_si	sibayarvoucher	double	double	81	medium	avg
m5_si	sibayarpoin	double	double	81	medium	avg
m5_si	sibayarjmlpoin	double	double	81	medium	avg
m5_si	sicharge	double	double	81	medium	avg
m5_si	sijmlkembali	double	double	81	medium	avg
m5_si	sipoinsebelumnya	double	double	81	medium	avg
m5_si	sipoindidapat	double	double	81	medium	avg
m5_si	siidsq	bigint	bigint	81	medium	sum,count,avg
m5_si	siidso	bigint	bigint	81	medium	sum,count,avg
m5_si	siidas	bigint	bigint	81	medium	sum,count,avg
m5_si	siidpi	bigint	bigint	81	medium	sum,count,avg
m5_si	siidpl	bigint	bigint	81	medium	sum,count,avg
m5_si	siiddo	bigint	bigint	81	medium	sum,count,avg
m5_si	siiddr	bigint	bigint	81	medium	sum,count,avg
m5_si	sijmlrevisi	int	int	81	medium	sum,count,avg
m5_si	siinputuser	bigint	bigint unsigned	81	medium	sum,count,avg
m5_si	simodifikasiuser	bigint	bigint unsigned	81	medium	sum,count,avg
m5_si	sicustomint1	int	int	81	medium	sum,count,avg
m5_si	sicustomint2	int	int	81	medium	sum,count,avg
m5_si	sicustomint3	int	int	81	medium	sum,count,avg
m5_si	sicustomint4	int	int	81	medium	sum,count,avg
m5_si	sicustomint5	int	int	81	medium	sum,count,avg
m5_si	sicustomint6	int	int	81	medium	sum,count,avg
m5_si	sicustomint7	int	int	81	medium	sum,count,avg
m5_si	sicustomint8	int	int	81	medium	sum,count,avg
m5_si	sicustomint9	int	int	81	medium	sum,count,avg
m5_si	sicustomint10	int	int	81	medium	sum,count,avg
m5_si	sicustomdbl1	double	double	81	medium	avg
m5_si	sicustomdbl2	double	double	81	medium	avg
m5_si	sicustomdbl3	double	double	81	medium	avg
m5_si	sicustomdbl4	double	double	81	medium	avg
m5_si	sicustomdbl5	double	double	81	medium	avg
m5_si	sicustomdbl6	double	double	81	medium	avg
m5_si	sicustomdbl7	double	double	81	medium	avg
m5_si	sicustomdbl8	double	double	81	medium	avg
m5_si	sicustomdbl9	double	double	81	medium	avg
m5_si	sicustomdbl10	double	double	81	medium	avg
m4_pr	prid	bigint	bigint	80	medium	sum,count,avg
m4_pr	prkodepa	bigint	bigint	80	medium	sum,count,avg
m4_pr	prdimintaoleh	bigint	bigint	80	medium	sum,count,avg
m4_pr	prmintake	bigint	bigint	80	medium	sum,count,avg
m4_pr	prkurs	double	double	80	medium	avg
m4_pr	prjmldiskon	double	double	80	medium	avg
m4_pr	prbiayalain	double	double	80	medium	avg
m4_pr	pridsq	bigint	bigint	80	medium	sum,count,avg
m4_pr	prjmlrevisi	int	int	80	medium	sum,count,avg
m4_pr	prinputuser	bigint	bigint unsigned	80	medium	sum,count,avg
m4_pr	prmodifikasiuser	bigint	bigint unsigned	80	medium	sum,count,avg
m4_pr	prcustomint1	int	int	80	medium	sum,count,avg
m4_pr	prcustomint2	int	int	80	medium	sum,count,avg
m4_pr	prcustomint3	int	int	80	medium	sum,count,avg
m4_pr	prcustomdbl1	double	double	80	medium	avg
m4_pr	prcustomdbl2	double	double	80	medium	avg
m4_pr	prcustomdbl3	double	double	80	medium	avg
m0_statistic	sid	bigint	bigint	77	medium	sum,count,avg
m0_statistic	smodule	bigint	bigint	77	medium	sum,count,avg
m4_pr_history	pridhistory	int	int	76	medium	sum,count,avg
m4_pr_history	prid	bigint	bigint	76	medium	sum,count,avg
m4_pr_history	prkodepa	bigint	bigint	76	medium	sum,count,avg
m4_pr_history	prdimintaoleh	bigint	bigint	76	medium	sum,count,avg
m4_pr_history	prmintake	bigint	bigint	76	medium	sum,count,avg
m4_pr_history	prkurs	double	double	76	medium	avg
m4_pr_history	prjmldiskon	double	double	76	medium	avg
m4_pr_history	prbiayalain	double	double	76	medium	avg
m4_pr_history	pridsq	bigint	bigint	76	medium	sum,count,avg
m4_pr_history	prjmlrevisi	int	int	76	medium	sum,count,avg
m4_pr_history	prinputuser	bigint	bigint unsigned	76	medium	sum,count,avg
m4_pr_history	prmodifikasiuser	bigint	bigint unsigned	76	medium	sum,count,avg
m4_pr_history	prcustomint1	int	int	76	medium	sum,count,avg
m4_pr_history	prcustomint2	int	int	76	medium	sum,count,avg
m4_pr_history	prcustomint3	int	int	76	medium	sum,count,avg
m4_pr_history	prcustomdbl1	double	double	76	medium	avg
m4_pr_history	prcustomdbl2	double	double	76	medium	avg
m4_pr_history	prcustomdbl3	double	double	76	medium	avg
m5_pv_detail	idpvdetail	bigint	bigint	76	medium	sum,count,avg
m5_pv_detail	idpv	bigint	bigint	76	medium	sum,count,avg
m5_pv_detail	idtransaksi	bigint	bigint	76	medium	sum,count,avg
m5_pv_detail	kurs	double	double	76	medium	avg
m5_pv_detail	terbayar	double	double	76	medium	avg
m5_pv_detail	rencana	double	double	76	medium	avg
m5_pv_detail	sisa	double	double	76	medium	avg
m5_pv_detail	jmlbayar	double	double	76	medium	avg
m5_pv_detail	jmlbayarvalas	double	double	76	medium	avg
m5_pv_detail	jmldiskontermin	double	double	76	medium	avg
m5_pv_detail	jmldiskonterminvalas	double	double	76	medium	avg
m5_pv_detail	idicdetail	bigint	bigint	76	medium	sum,count,avg
m5_pv_detail	urutan	int	int	76	medium	sum,count,avg
m5_pv_detail	customdbl1	double	double	76	medium	avg
m5_pv_detail	customdbl2	double	double	76	medium	avg
m5_pv_detail	customdbl3	double	double	76	medium	avg
m2_realization_project	rptahun	int	int	75	medium	sum,count,avg
m2_realization_project	rpjmldebit	double	double	75	medium	avg
m2_realization_project	rpjmlkredit	double	double	75	medium	avg
m2_realization_project	rpanggaran	double	double	75	medium	avg
m2_realization_project	rpkodepa	bigint	bigint	75	medium	sum,count,avg
m5_si_detail_history	idhistorydetail	bigint	bigint	73	medium	sum,count,avg
m5_si_detail_history	idhistory	bigint	bigint	73	medium	sum,count,avg
m5_si_detail_history	idsidetail	bigint	bigint	73	medium	sum,count,avg
m5_si_detail_history	idsi	bigint	bigint unsigned	73	medium	sum,count,avg
m5_si_detail_history	idbarang	bigint	bigint	73	medium	sum,count,avg
m5_si_detail_history	jml	double	double	73	medium	avg
m5_si_detail_history	nilaisatuan	double	double	73	medium	avg
m5_si_detail_history	jmlbarang	double	double	73	medium	avg
m5_si_detail_history	kurs	double	double	73	medium	avg
m5_si_detail_history	idhppkhususmasuk	bigint	bigint	73	medium	sum,count,avg
m5_si_detail_history	idhppfifomasuk	bigint	bigint	73	medium	sum,count,avg
m5_si_detail_history	harga	double	double	73	medium	avg
m5_si_detail_history	hpp	double	double	73	medium	avg
m5_si_detail_history	jmldiskon	double	double	73	medium	avg
m5_si_detail_history	jmlpajak1	double	double	73	medium	avg
m5_si_detail_history	jmlpajak2	double	double	73	medium	avg
m5_si_detail_history	urutan	int	int	73	medium	sum,count,avg
m5_si_detail_history	idsqdetail	bigint	bigint	73	medium	sum,count,avg
m5_si_detail_history	idsodetail	bigint	bigint	73	medium	sum,count,avg
m5_si_detail_history	idpidetail	bigint	bigint	73	medium	sum,count,avg
m5_si_detail_history	idpldetail	bigint	bigint	73	medium	sum,count,avg
m5_si_detail_history	iddodetail	bigint	bigint	73	medium	sum,count,avg
m5_si_detail_history	iddrdetail	bigint	bigint	73	medium	sum,count,avg
m5_si_detail_history	jmlrnr	double	double	73	medium	avg
m5_si_detail_history	jmlsr	double	double	73	medium	avg
m5_si_detail_history	jmlrealisasi	double	double	73	medium	avg
m5_si_detail_history	isbonusfrom	bigint	bigint	73	medium	sum,count,avg
m5_si_detail_history	customdbl1	double	double	73	medium	avg
m5_si_detail_history	customdbl2	double	double	73	medium	avg
m5_si_detail_history	customdbl3	double	double	73	medium	avg
m8_content	cmodule	int	int	72	medium	sum,count,avg
m8_content	curutan	int	int	72	medium	sum,count,avg
m8_content	caktif	int	int	72	medium	sum,count,avg
m8_content	cinputuser	bigint	bigint	72	medium	sum,count,avg
m8_content	cmodifikasiuser	bigint	bigint	72	medium	sum,count,avg
m6_pdr_out_history	idhistoryout	bigint	bigint	69	medium	sum,count,avg
m6_pdr_out_history	idhistory	bigint	bigint	69	medium	sum,count,avg
m6_pdr_out_history	idpdrout	bigint	bigint	69	medium	sum,count,avg
m6_pdr_out_history	idpdr	bigint	bigint	69	medium	sum,count,avg
m6_pdr_out_history	idbarang	bigint	bigint	69	medium	sum,count,avg
m6_pdr_out_history	jml	double	double	69	medium	avg
m6_pdr_out_history	nilaisatuan	double	double	69	medium	avg
m6_pdr_out_history	jmlbarang	double	double	69	medium	avg
m6_pdr_out_history	kurs	double	double	69	medium	avg
m6_pdr_out_history	harga	double	double	69	medium	avg
m6_pdr_out_history	hpp	double	double	69	medium	avg
m6_pdr_out_history	idhppkhususmasuk	bigint	bigint	69	medium	sum,count,avg
m6_pdr_out_history	idhppfifomasuk	bigint	bigint	69	medium	sum,count,avg
m6_pdr_out_history	urutan	int	int	69	medium	sum,count,avg
m6_pdr_out_history	idbomout	bigint	bigint	69	medium	sum,count,avg
m6_pdr_out_history	jmlwo	double	double	69	medium	avg
m6_pdr_out_history	jmlmrs	double	double	69	medium	avg
m6_pdr_out_history	jmlmrn	double	double	69	medium	avg
m6_pdr_out_history	jmlpd	double	double	69	medium	avg
m6_pdr_out_history	jmlrealisasi	double	double	69	medium	avg
m6_pdr_out_history	customdbl1	double	double	69	medium	avg
m6_pdr_out_history	customdbl2	double	double	69	medium	avg
m6_pdr_out_history	customdbl3	double	double	69	medium	avg
m5_sq_detail	idsqdetail	bigint	bigint	68	medium	sum,count,avg
m5_sq_detail	idsq	bigint	bigint	68	medium	sum,count,avg
m5_sq_detail	idbarang	bigint	bigint	68	medium	sum,count,avg
m5_sq_detail	jml	double	double	68	medium	avg
m5_sq_detail	nilaisatuan	double	double	68	medium	avg
m5_sq_detail	jmlbarang	double	double	68	medium	avg
m5_sq_detail	kurs	double	double	68	medium	avg
m5_sq_detail	harga	double	double	68	medium	avg
m5_sq_detail	jmldiskon	double	double	68	medium	avg
m5_sq_detail	jmlpajak1	double	double	68	medium	avg
m5_sq_detail	jmlpajak2	double	double	68	medium	avg
m5_sq_detail	urutan	int	int	68	medium	sum,count,avg
m5_sq_detail	idprdetail	bigint	bigint	68	medium	sum,count,avg
m5_sq_detail	jmlpr	double	double	68	medium	avg
m5_sq_detail	jmlso	double	double	68	medium	avg
m5_sq_detail	jmlpi	double	double	68	medium	avg
m5_sq_detail	jmlpl	double	double	68	medium	avg
m5_sq_detail	jmldo	double	double	68	medium	avg
m5_sq_detail	jmldr	double	double	68	medium	avg
m5_sq_detail	jmlsi	double	double	68	medium	avg
m5_sq_detail	jmlrnr	double	double	68	medium	avg
m5_sq_detail	jmlsr	double	double	68	medium	avg
m5_sq_detail	jmlrealisasi	double	double	68	medium	avg
m5_sq_detail	customdbl1	double	double	68	medium	avg
m5_sq_detail	customdbl2	double	double	68	medium	avg
m5_sq_detail	customdbl3	double	double	68	medium	avg
m4_vpp_detail_history	idhistorydetail	bigint	bigint	67	medium	sum,count,avg
m4_vpp_detail_history	idhistory	bigint	bigint	67	medium	sum,count,avg
m4_vpp_detail_history	idvppdetail	bigint	bigint	67	medium	sum,count,avg
m4_vpp_detail_history	idvpp	bigint	bigint	67	medium	sum,count,avg
m4_vpp_detail_history	idtransaksi	bigint	bigint	67	medium	sum,count,avg
m4_vpp_detail_history	kurs	double	double	67	medium	avg
m4_vpp_detail_history	terbayar	double	double	67	medium	avg
m4_vpp_detail_history	rencana	double	double	67	medium	avg
m4_vpp_detail_history	sisa	double	double	67	medium	avg
m4_vpp_detail_history	jmlbayar	double	double	67	medium	avg
m4_vpp_detail_history	jmlbayarvalas	double	double	67	medium	avg
m4_vpp_detail_history	jmldiskontermin	double	double	67	medium	avg
m4_vpp_detail_history	jmldiskonterminvalas	double	double	67	medium	avg
m4_vpp_detail_history	jmlvp	double	double	67	medium	avg
m4_vpp_detail_history	jmlvpvalas	double	double	67	medium	avg
m4_vpp_detail_history	urutan	int	int	67	medium	sum,count,avg
m4_vpp_detail_history	customdbl1	double	double	67	medium	avg
m4_vpp_detail_history	customdbl2	double	double	67	medium	avg
m4_vpp_detail_history	customdbl3	double	double	67	medium	avg
m5_ic_detail	idicdetail	bigint	bigint	67	medium	sum,count,avg
m5_ic_detail	idic	bigint	bigint	67	medium	sum,count,avg
m5_ic_detail	idtransaksi	bigint	bigint	67	medium	sum,count,avg
m5_ic_detail	kurs	double	double	67	medium	avg
m5_ic_detail	terbayar	double	double	67	medium	avg
m5_ic_detail	rencana	double	double	67	medium	avg
m5_ic_detail	sisa	double	double	67	medium	avg
m5_ic_detail	jmlbayar	double	double	67	medium	avg
m5_ic_detail	jmlbayarvalas	double	double	67	medium	avg
m5_ic_detail	jmldiskontermin	double	double	67	medium	avg
m5_ic_detail	jmldiskonterminvalas	double	double	67	medium	avg
m5_ic_detail	jmlpv	double	double	67	medium	avg
m5_ic_detail	jmlpvvalas	double	double	67	medium	avg
m5_ic_detail	statuspv	double	double	67	medium	avg
m5_ic_detail	urutan	int	int	67	medium	sum,count,avg
m5_ic_detail	customdbl1	double	double	67	medium	avg
m5_ic_detail	customdbl2	double	double	67	medium	avg
m5_ic_detail	customdbl3	double	double	67	medium	avg
m4_ri	riid	bigint	bigint	63	medium	sum,count,avg
m4_ri	rikodepa	bigint	bigint	63	medium	sum,count,avg
m4_ri	risupplier	bigint	bigint	63	medium	sum,count,avg
m4_ri	ribagianpembelian	bigint	bigint	63	medium	sum,count,avg
m4_ri	rikurs	double	double	63	medium	avg
m4_ri	rijmldiskon	double	double	63	medium	avg
m4_ri	ribiayalain	double	double	63	medium	avg
m4_ri	rijmlbayar	double	double	63	medium	avg
m4_ri	riidpr	bigint	bigint	63	medium	sum,count,avg
m4_ri	riidcs	bigint	bigint	63	medium	sum,count,avg
m4_ri	riidrq	bigint	bigint	63	medium	sum,count,avg
m4_ri	riidbs	bigint	bigint	63	medium	sum,count,avg
m4_ri	riidpo	bigint	bigint	63	medium	sum,count,avg
m4_ri	riidipc	bigint	bigint	63	medium	sum,count,avg
m4_ri	riidgrn	bigint	bigint	63	medium	sum,count,avg
m4_ri	rijmlrevisi	int	int	63	medium	sum,count,avg
m4_ri	riinputuser	bigint	bigint unsigned	63	medium	sum,count,avg
m4_ri	rimodifikasiuser	bigint	bigint unsigned	63	medium	sum,count,avg
m4_ri	ricustomint1	int	int	63	medium	sum,count,avg
m4_ri	ricustomint2	int	int	63	medium	sum,count,avg
m4_ri	ricustomint3	int	int	63	medium	sum,count,avg
m4_ri	ricustomdbl1	double	double	63	medium	avg
m4_ri	ricustomdbl2	double	double	63	medium	avg
m4_ri	ricustomdbl3	double	double	63	medium	avg
m4_ri	rijmluangmuka	double	double	63	medium	avg
m4_ri	riidap	bigint	bigint	63	medium	sum,count,avg
m5_do_detail	iddodetail	bigint	bigint	63	medium	sum,count,avg
m5_do_detail	iddo	bigint	bigint	63	medium	sum,count,avg
m5_do_detail	idbarang	bigint	bigint	63	medium	sum,count,avg
m5_do_detail	jml	double	double	63	medium	avg
m5_do_detail	nilaisatuan	double	double	63	medium	avg
m5_do_detail	jmlbarang	double	double	63	medium	avg
m5_do_detail	kurs	double	double	63	medium	avg
m5_do_detail	idhppkhususmasuk	bigint	bigint	63	medium	sum,count,avg
m5_do_detail	idhppfifomasuk	bigint	bigint	63	medium	sum,count,avg
m5_do_detail	harga	double	double	63	medium	avg
m5_do_detail	hpp	double	double	63	medium	avg
m5_do_detail	jmldiskon	double	double	63	medium	avg
m5_do_detail	jmlpajak1	double	double	63	medium	avg
m5_do_detail	jmlpajak2	double	double	63	medium	avg
m5_do_detail	urutan	int	int	63	medium	sum,count,avg
m5_do_detail	idsqdetail	bigint	bigint	63	medium	sum,count,avg
m5_do_detail	idsodetail	bigint	bigint	63	medium	sum,count,avg
m5_do_detail	idpidetail	bigint	bigint	63	medium	sum,count,avg
m5_do_detail	idpldetail	bigint	bigint	63	medium	sum,count,avg
m5_do_detail	jmldr	double	double	63	medium	avg
m5_do_detail	jmlsi	double	double	63	medium	avg
m5_do_detail	jmlrnr	double	double	63	medium	avg
m5_do_detail	jmlsr	double	double	63	medium	avg
m5_do_detail	jmlrealisasi	double	double	63	medium	avg
m5_do_detail	customdbl1	double	double	63	medium	avg
m5_do_detail	customdbl2	double	double	63	medium	avg
m5_do_detail	customdbl3	double	double	63	medium	avg
m5_so_detail_history	idhistorydetail	bigint	bigint	63	medium	sum,count,avg
m5_so_detail_history	idhistory	bigint	bigint	63	medium	sum,count,avg
m5_so_detail_history	idsodetail	bigint	bigint	63	medium	sum,count,avg
m5_so_detail_history	idso	bigint	bigint	63	medium	sum,count,avg
m5_so_detail_history	idbarang	bigint	bigint	63	medium	sum,count,avg
m5_so_detail_history	jml	double	double	63	medium	avg
m5_so_detail_history	nilaisatuan	double	double	63	medium	avg
m5_so_detail_history	jmlbarang	double	double	63	medium	avg
m5_so_detail_history	kurs	double	double	63	medium	avg
m5_so_detail_history	harga	double	double	63	medium	avg
m5_so_detail_history	jmldiskon	double	double	63	medium	avg
m5_so_detail_history	jmlpajak1	double	double	63	medium	avg
m5_so_detail_history	jmlpajak2	double	double	63	medium	avg
m5_so_detail_history	urutan	int	int	63	medium	sum,count,avg
m5_so_detail_history	idsqdetail	bigint	bigint	63	medium	sum,count,avg
m5_so_detail_history	jmlpi	double	double	63	medium	avg
m5_so_detail_history	jmlpl	double	double	63	medium	avg
m5_so_detail_history	jmldo	double	double	63	medium	avg
m5_so_detail_history	jmldr	double	double	63	medium	avg
m5_so_detail_history	jmlsi	double	double	63	medium	avg
m5_so_detail_history	jmlrnr	double	double	63	medium	avg
m5_so_detail_history	jmlsr	double	double	63	medium	avg
m5_so_detail_history	jmlrealisasi	double	double	63	medium	avg
m5_so_detail_history	customdbl1	double	double	63	medium	avg
m5_so_detail_history	customdbl2	double	double	63	medium	avg
m5_so_detail_history	customdbl3	double	double	63	medium	avg
m4_ri_history	riidhistory	bigint	bigint	61	medium	sum,count,avg
m4_ri_history	riid	bigint	bigint	61	medium	sum,count,avg
m4_ri_history	rikodepa	bigint	bigint	61	medium	sum,count,avg
m4_ri_history	risupplier	bigint	bigint	61	medium	sum,count,avg
m4_ri_history	ribagianpembelian	bigint	bigint	61	medium	sum,count,avg
m4_ri_history	rikurs	double	double	61	medium	avg
m4_ri_history	rijmldiskon	double	double	61	medium	avg
m4_ri_history	ribiayalain	double	double	61	medium	avg
m4_ri_history	rijmlbayar	double	double	61	medium	avg
m4_ri_history	riidpr	bigint	bigint	61	medium	sum,count,avg
m4_ri_history	riidcs	bigint	bigint	61	medium	sum,count,avg
m4_ri_history	riidrq	bigint	bigint	61	medium	sum,count,avg
m4_ri_history	riidbs	bigint	bigint	61	medium	sum,count,avg
m4_ri_history	riidpo	bigint	bigint	61	medium	sum,count,avg
m4_ri_history	riidipc	bigint	bigint	61	medium	sum,count,avg
m4_ri_history	riidgrn	bigint	bigint	61	medium	sum,count,avg
m4_ri_history	rijmlrevisi	int	int	61	medium	sum,count,avg
m4_ri_history	riinputuser	bigint	bigint unsigned	61	medium	sum,count,avg
m4_ri_history	rimodifikasiuser	bigint	bigint unsigned	61	medium	sum,count,avg
m4_ri_history	ricustomint1	int	int	61	medium	sum,count,avg
m4_ri_history	ricustomint2	int	int	61	medium	sum,count,avg
m4_ri_history	ricustomint3	int	int	61	medium	sum,count,avg
m4_ri_history	ricustomdbl1	double	double	61	medium	avg
m4_ri_history	ricustomdbl2	double	double	61	medium	avg
m4_ri_history	ricustomdbl3	double	double	61	medium	avg
m4_ri_history	rijmluangmuka	double	double	61	medium	avg
m4_ri_history	riidap	bigint	bigint	61	medium	sum,count,avg
m6_pd_out_history	idhistoryout	bigint	bigint	58	medium	sum,count,avg
m6_pd_out_history	idhistory	bigint	bigint	58	medium	sum,count,avg
m6_pd_out_history	idpdout	bigint	bigint	58	medium	sum,count,avg
m6_pd_out_history	idpd	bigint	bigint	58	medium	sum,count,avg
m6_pd_out_history	idbarang	bigint	bigint	58	medium	sum,count,avg
m6_pd_out_history	jml	double	double	58	medium	avg
m6_pd_out_history	nilaisatuan	double	double	58	medium	avg
m6_pd_out_history	jmlbarang	double	double	58	medium	avg
m6_pd_out_history	kurs	double	double	58	medium	avg
m6_pd_out_history	harga	double	double	58	medium	avg
m6_pd_out_history	hpp	double	double	58	medium	avg
m6_pd_out_history	idhppkhususmasuk	bigint	bigint	58	medium	sum,count,avg
m6_pd_out_history	idhppfifomasuk	bigint	bigint	58	medium	sum,count,avg
m6_pd_out_history	urutan	int	int	58	medium	sum,count,avg
m6_pd_out_history	idbomout	bigint	bigint	58	medium	sum,count,avg
m6_pd_out_history	idpdrout	bigint	bigint	58	medium	sum,count,avg
m6_pd_out_history	idwoout	bigint	bigint	58	medium	sum,count,avg
m6_pd_out_history	idmrsout	bigint	bigint	58	medium	sum,count,avg
m6_pd_out_history	idmrnout	bigint	bigint	58	medium	sum,count,avg
m6_pd_out_history	customdbl1	double	double	58	medium	avg
m6_pd_out_history	customdbl2	double	double	58	medium	avg
m6_pd_out_history	customdbl3	double	double	58	medium	avg
m5_so	soid	bigint	bigint	54	medium	sum,count,avg
m5_so	sokodepa	bigint	bigint	54	medium	sum,count,avg
m5_so	socustomer	bigint	bigint	54	medium	sum,count,avg
m5_so	sobagianpenjualan	bigint	bigint	54	medium	sum,count,avg
m5_so	sokurs	double	double	54	medium	avg
m5_so	sojmldiskon	double	double	54	medium	avg
m5_so	sobiayalain	double	double	54	medium	avg
m5_so	sojmlbayar	double	double	54	medium	avg
m5_so	soidsq	bigint	bigint	54	medium	sum,count,avg
m5_so	sojmlrevisi	int	int	54	medium	sum,count,avg
m5_so	soinputuser	bigint	bigint unsigned	54	medium	sum,count,avg
m5_so	somodifikasiuser	bigint	bigint unsigned	54	medium	sum,count,avg
m5_so	socustomint1	int	int	54	medium	sum,count,avg
m5_so	socustomint2	int	int	54	medium	sum,count,avg
m5_so	socustomint3	int	int	54	medium	sum,count,avg
m5_so	socustomdbl1	double	double	54	medium	avg
m5_so	socustomdbl2	double	double	54	medium	avg
m5_so	socustomdbl3	double	double	54	medium	avg
0_stokapril2018	jml	double	double	52	medium	avg
0_stokapril2018	hpp	double	double	52	medium	avg
0_stokapril2018	urutan	int	int	52	medium	sum,count,avg
m2_gj_detail	idgjdetail	bigint	bigint	52	medium	sum,count,avg
m2_gj_detail	idgj	bigint	bigint	52	medium	sum,count,avg
m2_gj_detail	kurs	double	double	52	medium	avg
m2_gj_detail	debit	double	double	52	medium	avg
m2_gj_detail	debitvalas	double	double	52	medium	avg
m2_gj_detail	kredit	double	double	52	medium	avg
m2_gj_detail	kreditvalas	double	double	52	medium	avg
m2_gj_detail	urutan	int	int	52	medium	sum,count,avg
m2_gj_detail	isclose	int	int	52	medium	sum,count,avg
m2_gj_detail	customdbl1	double	double	52	medium	avg
m2_gj_detail	customdbl2	double	double	52	medium	avg
m2_gj_detail	customdbl3	double	double	52	medium	avg
m5_ic_history	icidhistory	bigint	bigint	52	medium	sum,count,avg
m5_ic_history	icid	bigint	bigint	52	medium	sum,count,avg
m5_ic_history	ickodepa	bigint	bigint	52	medium	sum,count,avg
m5_ic_history	iccustomer	bigint	bigint	52	medium	sum,count,avg
m5_ic_history	icbagianpenjualan	bigint	bigint	52	medium	sum,count,avg
m5_ic_history	icbagianpenagihan	bigint	bigint	52	medium	sum,count,avg
m5_ic_history	ickurs	double	double	52	medium	avg
m5_ic_history	icjmltagih	double	double	52	medium	avg
m5_ic_history	icjmltagihvalas	double	double	52	medium	avg
m5_ic_history	icbayar	double	double	52	medium	avg
m5_ic_history	icbayarvalas	double	double	52	medium	avg
m5_ic_history	icselisihkurs	double	double	52	medium	avg
m5_ic_history	icdiskontermin	double	double	52	medium	avg
m5_ic_history	icdiskonterminvalas	double	double	52	medium	avg
m5_ic_history	icjmlrevisi	int	int	52	medium	sum,count,avg
m5_ic_history	icinputuser	bigint	bigint unsigned	52	medium	sum,count,avg
m5_ic_history	icmodifikasiuser	bigint	bigint unsigned	52	medium	sum,count,avg
m5_ic_history	iccustomint1	int	int	52	medium	sum,count,avg
m5_ic_history	iccustomint2	int	int	52	medium	sum,count,avg
m5_ic_history	iccustomint3	int	int	52	medium	sum,count,avg
m5_ic_history	iccustomdbl1	double	double	52	medium	avg
m5_ic_history	iccustomdbl2	double	double	52	medium	avg
m5_ic_history	iccustomdbl3	double	double	52	medium	avg
m5_do_detail_history	idhistorydetail	bigint	bigint	51	medium	sum,count,avg
m5_do_detail_history	idhistory	bigint	bigint	51	medium	sum,count,avg
m5_do_detail_history	iddodetail	bigint	bigint	51	medium	sum,count,avg
m5_do_detail_history	iddo	bigint	bigint	51	medium	sum,count,avg
m5_do_detail_history	idbarang	bigint	bigint	51	medium	sum,count,avg
m5_do_detail_history	jml	double	double	51	medium	avg
m5_do_detail_history	nilaisatuan	double	double	51	medium	avg
m5_do_detail_history	jmlbarang	double	double	51	medium	avg
m5_do_detail_history	kurs	double	double	51	medium	avg
m5_do_detail_history	idhppkhususmasuk	bigint	bigint	51	medium	sum,count,avg
m5_do_detail_history	idhppfifomasuk	bigint	bigint	51	medium	sum,count,avg
m5_do_detail_history	harga	double	double	51	medium	avg
m5_do_detail_history	hpp	double	double	51	medium	avg
m5_do_detail_history	jmldiskon	double	double	51	medium	avg
m5_do_detail_history	jmlpajak1	double	double	51	medium	avg
m5_do_detail_history	jmlpajak2	double	double	51	medium	avg
m5_do_detail_history	urutan	int	int	51	medium	sum,count,avg
m5_do_detail_history	idsqdetail	bigint	bigint	51	medium	sum,count,avg
m5_do_detail_history	idsodetail	bigint	bigint	51	medium	sum,count,avg
m5_do_detail_history	idpidetail	bigint	bigint	51	medium	sum,count,avg
m5_do_detail_history	idpldetail	bigint	bigint	51	medium	sum,count,avg
m5_do_detail_history	jmldr	double	double	51	medium	avg
m5_do_detail_history	jmlsi	double	double	51	medium	avg
m5_do_detail_history	jmlrnr	double	double	51	medium	avg
m5_do_detail_history	jmlsr	double	double	51	medium	avg
m5_do_detail_history	jmlrealisasi	double	double	51	medium	avg
m5_do_detail_history	customdbl1	double	double	51	medium	avg
m5_do_detail_history	customdbl2	double	double	51	medium	avg
m5_do_detail_history	customdbl3	double	double	51	medium	avg
m5_pv_detail_history	idhistorydetail	bigint	bigint	51	medium	sum,count,avg
m5_pv_detail_history	idhistory	bigint	bigint	51	medium	sum,count,avg
m5_pv_detail_history	idpvdetail	bigint	bigint	51	medium	sum,count,avg
m5_pv_detail_history	idpv	bigint	bigint	51	medium	sum,count,avg
m5_pv_detail_history	idtransaksi	bigint	bigint	51	medium	sum,count,avg
m5_pv_detail_history	kurs	double	double	51	medium	avg
m5_pv_detail_history	terbayar	double	double	51	medium	avg
m5_pv_detail_history	rencana	double	double	51	medium	avg
m5_pv_detail_history	sisa	double	double	51	medium	avg
m5_pv_detail_history	jmlbayar	double	double	51	medium	avg
m5_pv_detail_history	jmlbayarvalas	double	double	51	medium	avg
m5_pv_detail_history	jmldiskontermin	double	double	51	medium	avg
m5_pv_detail_history	jmldiskonterminvalas	double	double	51	medium	avg
m5_pv_detail_history	idicdetail	bigint	bigint	51	medium	sum,count,avg
m5_pv_detail_history	urutan	int	int	51	medium	sum,count,avg
m5_pv_detail_history	customdbl1	double	double	51	medium	avg
m5_pv_detail_history	customdbl2	double	double	51	medium	avg
m5_pv_detail_history	customdbl3	double	double	51	medium	avg
m0_hapusdata	id	int	int	49	medium	sum,count,avg
m5_sq_detail_history	idhistorydetail	bigint	bigint	49	medium	sum,count,avg
m5_sq_detail_history	idhistory	bigint	bigint	49	medium	sum,count,avg
m5_sq_detail_history	idsqdetail	bigint	bigint	49	medium	sum,count,avg
m5_sq_detail_history	idsq	bigint	bigint	49	medium	sum,count,avg
m5_sq_detail_history	idbarang	bigint	bigint	49	medium	sum,count,avg
m5_sq_detail_history	jml	double	double	49	medium	avg
m5_sq_detail_history	nilaisatuan	double	double	49	medium	avg
m5_sq_detail_history	jmlbarang	double	double	49	medium	avg
m5_sq_detail_history	kurs	double	double	49	medium	avg
m5_sq_detail_history	harga	double	double	49	medium	avg
m5_sq_detail_history	jmldiskon	double	double	49	medium	avg
m5_sq_detail_history	jmlpajak1	double	double	49	medium	avg
m5_sq_detail_history	jmlpajak2	double	double	49	medium	avg
m5_sq_detail_history	urutan	int	int	49	medium	sum,count,avg
m5_sq_detail_history	idprdetail	bigint	bigint	49	medium	sum,count,avg
m5_sq_detail_history	jmlpr	double	double	49	medium	avg
m5_sq_detail_history	jmlso	double	double	49	medium	avg
m5_sq_detail_history	jmlpi	double	double	49	medium	avg
m5_sq_detail_history	jmlpl	double	double	49	medium	avg
m5_sq_detail_history	jmldo	double	double	49	medium	avg
m5_sq_detail_history	jmldr	double	double	49	medium	avg
m5_sq_detail_history	jmlsi	double	double	49	medium	avg
m5_sq_detail_history	jmlrnr	double	double	49	medium	avg
m5_sq_detail_history	jmlsr	double	double	49	medium	avg
m5_sq_detail_history	jmlrealisasi	double	double	49	medium	avg
m5_sq_detail_history	customdbl1	double	double	49	medium	avg
m5_sq_detail_history	customdbl2	double	double	49	medium	avg
m5_sq_detail_history	customdbl3	double	double	49	medium	avg
m1_item_booking	idbarang	bigint	bigint	48	medium	sum,count,avg
m1_item_booking	jmlbooking	double	double	48	medium	avg
m4_vpp_detail	idvppdetail	bigint	bigint	48	medium	sum,count,avg
m4_vpp_detail	idvpp	bigint	bigint	48	medium	sum,count,avg
m4_vpp_detail	idtransaksi	bigint	bigint	48	medium	sum,count,avg
m4_vpp_detail	kurs	double	double	48	medium	avg
m4_vpp_detail	terbayar	double	double	48	medium	avg
m4_vpp_detail	rencana	double	double	48	medium	avg
m4_vpp_detail	sisa	double	double	48	medium	avg
m4_vpp_detail	jmlbayar	double	double	48	medium	avg
m4_vpp_detail	jmlbayarvalas	double	double	48	medium	avg
m4_vpp_detail	jmldiskontermin	double	double	48	medium	avg
m4_vpp_detail	jmldiskonterminvalas	double	double	48	medium	avg
m4_vpp_detail	jmlvp	double	double	48	medium	avg
m4_vpp_detail	jmlvpvalas	double	double	48	medium	avg
m4_vpp_detail	urutan	int	int	48	medium	sum,count,avg
m4_vpp_detail	customdbl1	double	double	48	medium	avg
m4_vpp_detail	customdbl2	double	double	48	medium	avg
m4_vpp_detail	customdbl3	double	double	48	medium	avg
m4_rq_detail	idrqdetail	bigint	bigint	45	medium	sum,count,avg
m4_rq_detail	idrq	bigint	bigint	45	medium	sum,count,avg
m4_rq_detail	idbarang	bigint	bigint	45	medium	sum,count,avg
m4_rq_detail	jml	double	double	45	medium	avg
m4_rq_detail	nilaisatuan	double	double	45	medium	avg
m4_rq_detail	jmlbarang	double	double	45	medium	avg
m4_rq_detail	kurs	double	double	45	medium	avg
m4_rq_detail	harga	double	double	45	medium	avg
m4_rq_detail	jmldiskon	double	double	45	medium	avg
m4_rq_detail	jmlpajak1	double	double	45	medium	avg
m4_rq_detail	jmlpajak2	double	double	45	medium	avg
m4_rq_detail	urutan	int	int	45	medium	sum,count,avg
m4_rq_detail	idprdetail	bigint	bigint	45	medium	sum,count,avg
m4_rq_detail	idcsdetail	bigint	bigint	45	medium	sum,count,avg
m4_rq_detail	jmlpo	double	double	45	medium	avg
m4_rq_detail	jmlipc	double	double	45	medium	avg
m4_rq_detail	jmlgrn	double	double	45	medium	avg
m4_rq_detail	jmlri	double	double	45	medium	avg
m4_rq_detail	jmldnr	double	double	45	medium	avg
m4_rq_detail	jmlprt	double	double	45	medium	avg
m4_rq_detail	jmlrealisasi	double	double	45	medium	avg
m4_rq_detail	customdbl1	double	double	45	medium	avg
m4_rq_detail	customdbl2	double	double	45	medium	avg
m4_rq_detail	customdbl3	double	double	45	medium	avg
m5_so_history	soidhistory	bigint	bigint	45	medium	sum,count,avg
m5_so_history	soid	bigint	bigint	45	medium	sum,count,avg
m5_so_history	sokodepa	bigint	bigint	45	medium	sum,count,avg
m5_so_history	socustomer	bigint	bigint	45	medium	sum,count,avg
m5_so_history	sobagianpenjualan	bigint	bigint	45	medium	sum,count,avg
m5_so_history	sokurs	double	double	45	medium	avg
m5_so_history	sojmldiskon	double	double	45	medium	avg
m5_so_history	sobiayalain	double	double	45	medium	avg
m5_so_history	sojmlbayar	double	double	45	medium	avg
m5_so_history	soidsq	bigint	bigint	45	medium	sum,count,avg
m5_so_history	sojmlrevisi	int	int	45	medium	sum,count,avg
m5_so_history	soinputuser	bigint	bigint unsigned	45	medium	sum,count,avg
m5_so_history	somodifikasiuser	bigint	bigint unsigned	45	medium	sum,count,avg
m5_so_history	socustomint1	int	int	45	medium	sum,count,avg
m5_so_history	socustomint2	int	int	45	medium	sum,count,avg
m5_so_history	socustomint3	int	int	45	medium	sum,count,avg
m5_so_history	socustomdbl1	double	double	45	medium	avg
m5_so_history	socustomdbl2	double	double	45	medium	avg
m5_so_history	socustomdbl3	double	double	45	medium	avg
m6_pdr_history	pdridhistory	bigint	bigint	45	medium	sum,count,avg
m6_pdr_history	pdrid	bigint	bigint	45	medium	sum,count,avg
m6_pdr_history	pdrkodepa	bigint	bigint	45	medium	sum,count,avg
m6_pdr_history	pdrdimintaoleh	bigint	bigint	45	medium	sum,count,avg
m6_pdr_history	pdrmintake	bigint	bigint	45	medium	sum,count,avg
m6_pdr_history	pdrkurs	double	double	45	medium	avg
m6_pdr_history	pdridbom	bigint	bigint	45	medium	sum,count,avg
m6_pdr_history	pdrjmlrevisi	int	int	45	medium	sum,count,avg
m6_pdr_history	pdrinputuser	bigint	bigint unsigned	45	medium	sum,count,avg
m6_pdr_history	pdrmodifikasiuser	bigint	bigint unsigned	45	medium	sum,count,avg
m6_pdr_history	pdrcustomint1	int	int	45	medium	sum,count,avg
m6_pdr_history	pdrcustomint2	int	int	45	medium	sum,count,avg
m6_pdr_history	pdrcustomint3	int	int	45	medium	sum,count,avg
m6_pdr_history	pdrcustomdbl1	double	double	45	medium	avg
m6_pdr_history	pdrcustomdbl2	double	double	45	medium	avg
m6_pdr_history	pdrcustomdbl3	double	double	45	medium	avg
m6_pdr_history	pdraktivitas	bigint	bigint	45	medium	sum,count,avg
m6_pdr_in_history	idhistoryin	bigint	bigint	45	medium	sum,count,avg
m6_pdr_in_history	idhistory	bigint	bigint	45	medium	sum,count,avg
m6_pdr_in_history	idpdrin	bigint	bigint	45	medium	sum,count,avg
m6_pdr_in_history	idpdr	bigint	bigint	45	medium	sum,count,avg
m6_pdr_in_history	idbarang	bigint	bigint	45	medium	sum,count,avg
m6_pdr_in_history	jml	double	double	45	medium	avg
m6_pdr_in_history	nilaisatuan	double	double	45	medium	avg
m6_pdr_in_history	jmlbarang	double	double	45	medium	avg
m6_pdr_in_history	kurs	double	double	45	medium	avg
m6_pdr_in_history	harga	double	double	45	medium	avg
m6_pdr_in_history	hpppersen	double	double	45	medium	avg
m6_pdr_in_history	hpp	double	double	45	medium	avg
m6_pdr_in_history	urutan	int	int	45	medium	sum,count,avg
m6_pdr_in_history	idbomin	bigint	bigint	45	medium	sum,count,avg
m6_pdr_in_history	jmlwo	double	double	45	medium	avg
m6_pdr_in_history	jmlmrs	double	double	45	medium	avg
m6_pdr_in_history	jmlmrn	double	double	45	medium	avg
m6_pdr_in_history	jmlpd	double	double	45	medium	avg
m6_pdr_in_history	jmlrealisasi	double	double	45	medium	avg
m6_pdr_in_history	customdbl1	double	double	45	medium	avg
m6_pdr_in_history	customdbl2	double	double	45	medium	avg
m6_pdr_in_history	customdbl3	double	double	45	medium	avg
m0_import_target	itmoduleid	bigint	bigint	44	medium	sum,count,avg
m0_import_target	itmenuid	bigint	bigint	44	medium	sum,count,avg
m5_sq	sqid	bigint	bigint	44	medium	sum,count,avg
m5_sq	sqkodepa	bigint	bigint	44	medium	sum,count,avg
m5_sq	sqcustomer	bigint	bigint	44	medium	sum,count,avg
m5_sq	sqbagianpenjualan	bigint	bigint	44	medium	sum,count,avg
m5_sq	sqkurs	double	double	44	medium	avg
m5_sq	sqjmldiskon	double	double	44	medium	avg
m5_sq	sqbiayalain	double	double	44	medium	avg
m5_sq	sqidpr	bigint	bigint	44	medium	sum,count,avg
m5_sq	sqjmlrevisi	int	int	44	medium	sum,count,avg
m5_sq	sqinputuser	bigint	bigint unsigned	44	medium	sum,count,avg
m5_sq	sqmodifikasiuser	bigint	bigint unsigned	44	medium	sum,count,avg
m5_sq	sqcustomint1	int	int	44	medium	sum,count,avg
m5_sq	sqcustomint2	int	int	44	medium	sum,count,avg
m5_sq	sqcustomint3	int	int	44	medium	sum,count,avg
m5_sq	sqcustomdbl1	double	double	44	medium	avg
m5_sq	sqcustomdbl2	double	double	44	medium	avg
m5_sq	sqcustomdbl3	double	double	44	medium	avg
m6_bom_history	bomidhistory	bigint	bigint	43	medium	sum,count,avg
m6_bom_history	bomid	bigint	bigint	43	medium	sum,count,avg
m6_bom_history	bomkodepa	bigint	bigint	43	medium	sum,count,avg
m6_bom_history	bompembuat	bigint	bigint	43	medium	sum,count,avg
m6_bom_history	bomkurs	double	double	43	medium	avg
m6_bom_history	bomjmlrevisi	int	int	43	medium	sum,count,avg
m6_bom_history	bominputuser	bigint	bigint unsigned	43	medium	sum,count,avg
m6_bom_history	bommodifikasiuser	bigint	bigint unsigned	43	medium	sum,count,avg
m6_bom_history	bomcustomint1	int	int	43	medium	sum,count,avg
m6_bom_history	bomcustomint2	int	int	43	medium	sum,count,avg
m6_bom_history	bomcustomint3	int	int	43	medium	sum,count,avg
m6_bom_history	bomcustomdbl1	double	double	43	medium	avg
m6_bom_history	bomcustomdbl2	double	double	43	medium	avg
m6_bom_history	bomcustomdbl3	double	double	43	medium	avg
m6_bom_history	bomaktivitas	bigint	bigint	43	medium	sum,count,avg
m6_bom_in_history	idhistoryin	bigint	bigint	43	medium	sum,count,avg
m6_bom_in_history	idhistory	bigint	bigint	43	medium	sum,count,avg
m6_bom_in_history	idbomin	bigint	bigint	43	medium	sum,count,avg
m6_bom_in_history	idbom	bigint	bigint	43	medium	sum,count,avg
m6_bom_in_history	idbarang	bigint	bigint	43	medium	sum,count,avg
m6_bom_in_history	jml	double	double	43	medium	avg
m6_bom_in_history	nilaisatuan	double	double	43	medium	avg
m6_bom_in_history	jmlbarang	double	double	43	medium	avg
m6_bom_in_history	kurs	double	double	43	medium	avg
m6_bom_in_history	harga	double	double	43	medium	avg
m6_bom_in_history	hpppersen	double	double	43	medium	avg
m6_bom_in_history	hpp	double	double	43	medium	avg
m6_bom_in_history	urutan	int	int	43	medium	sum,count,avg
m6_bom_in_history	customdbl1	double	double	43	medium	avg
m6_bom_in_history	customdbl2	double	double	43	medium	avg
m6_bom_in_history	customdbl3	double	double	43	medium	avg
m6_pd_out	idpdout	bigint	bigint	43	medium	sum,count,avg
m6_pd_out	idpd	bigint	bigint	43	medium	sum,count,avg
m6_pd_out	idbarang	bigint	bigint	43	medium	sum,count,avg
m6_pd_out	jml	double	double	43	medium	avg
m6_pd_out	nilaisatuan	double	double	43	medium	avg
m6_pd_out	jmlbarang	double	double	43	medium	avg
m6_pd_out	kurs	double	double	43	medium	avg
m6_pd_out	harga	double	double	43	medium	avg
m6_pd_out	hpp	double	double	43	medium	avg
m6_pd_out	idhppkhususmasuk	bigint	bigint	43	medium	sum,count,avg
m6_pd_out	idhppfifomasuk	bigint	bigint	43	medium	sum,count,avg
m6_pd_out	urutan	int	int	43	medium	sum,count,avg
m6_pd_out	idbomout	bigint	bigint	43	medium	sum,count,avg
m6_pd_out	idpdrout	bigint	bigint	43	medium	sum,count,avg
m6_pd_out	idwoout	bigint	bigint	43	medium	sum,count,avg
m6_pd_out	idmrsout	bigint	bigint	43	medium	sum,count,avg
m6_pd_out	idmrnout	bigint	bigint	43	medium	sum,count,avg
m6_pd_out	customdbl1	double	double	43	medium	avg
m6_pd_out	customdbl2	double	double	43	medium	avg
m6_pd_out	customdbl3	double	double	43	medium	avg
m0_labarugi	lrurutan	int	int	42	medium	sum,count,avg
m0_labarugi	lrlevel	int	int	42	medium	sum,count,avg
m0_labarugi	lrbold	int	int	42	medium	sum,count,avg
m0_labarugi	lrsum	int	int	42	medium	sum,count,avg
m8_content_copy1	cmodule	int	int	42	medium	sum,count,avg
m8_content_copy1	curutan	int	int	42	medium	sum,count,avg
m8_content_copy1	caktif	int	int	42	medium	sum,count,avg
m8_content_copy1	cinputuser	bigint	bigint	42	medium	sum,count,avg
m8_content_copy1	cmodifikasiuser	bigint	bigint	42	medium	sum,count,avg
0_po	nourut	double	double	41	medium	avg
0_po	jml	double	double	41	medium	avg
0_po	jmlgrn	double	double	41	medium	avg
0_po	harga	double	double	41	medium	avg
0_po	kurs	double	double	41	medium	avg
0_po	rate	double	double	41	medium	avg
0_po	jmlpajak	double	double	41	medium	avg
m1_contact_history	kidhistory	bigint	bigint	41	medium	sum,count,avg
m1_contact_history	kid	bigint	bigint	41	medium	sum,count,avg
m1_contact_history	ksalesman	bigint	bigint	41	medium	sum,count,avg
m1_contact_history	kbatashutang	double	double	41	medium	avg
m1_contact_history	kbagpembelian	bigint	bigint	41	medium	sum,count,avg
m1_contact_history	kbataspiutang	double	double	41	medium	avg
m1_contact_history	kbagpenjualan	bigint	bigint unsigned	41	medium	sum,count,avg
m1_contact_history	ktingkatjual	int	int unsigned	41	medium	sum,count,avg
m1_contact_history	kkomisipenjualan	double	double	41	medium	avg
m1_contact_history	kinputuser	bigint	bigint unsigned	41	medium	sum,count,avg
m1_contact_history	kmodifikasiuser	bigint	bigint unsigned	41	medium	sum,count,avg
m1_contact_history	kcustomint1	int	int	41	medium	sum,count,avg
m1_contact_history	kcustomint2	int	int	41	medium	sum,count,avg
m1_contact_history	kcustomint3	int	int	41	medium	sum,count,avg
m1_contact_history	kcustomdbl1	double	double	41	medium	avg
m1_contact_history	kcustomdbl2	double	double	41	medium	avg
m1_contact_history	kcustomdbl3	double	double	41	medium	avg
m1_contact_history	kdownloaded	int	int	41	medium	sum,count,avg
m1_contact_history	khargacustom	int	int	41	medium	sum,count,avg
m1_contact_history	kpajakcustom	int	int	41	medium	sum,count,avg
m4_ap_pay_history	idhistorycarabayar	bigint	bigint	41	medium	sum,count,avg
m4_ap_pay_history	idhistory	bigint	bigint	41	medium	sum,count,avg
m4_ap_pay_history	idapcarabayar	bigint	bigint	41	medium	sum,count,avg
m4_ap_pay_history	idap	bigint	bigint	41	medium	sum,count,avg
m4_ap_pay_history	kurs	double	double	41	medium	avg
m4_ap_pay_history	jumlah	double	double	41	medium	avg
m4_ap_pay_history	jumlahvalas	double	double	41	medium	avg
m4_ap_pay_history	urutan	int	int	41	medium	sum,count,avg
m2_realization_branch	rwtahun	int	int	39	medium	sum,count,avg
m2_realization_branch	rwjmldebit	double	double	39	medium	avg
m2_realization_branch	rwjmlkredit	double	double	39	medium	avg
m2_realization_branch	rwanggaran	double	double	39	medium	avg
m2_realization_branch	rwkodepa	bigint	bigint	39	medium	sum,count,avg
m2_realization_location	rltahun	int	int	39	medium	sum,count,avg
m2_realization_location	rljmldebit	double	double	39	medium	avg
m2_realization_location	rljmlkredit	double	double	39	medium	avg
m2_realization_location	rlanggaran	double	double	39	medium	avg
m2_realization_location	rlkodepa	bigint	bigint	39	medium	sum,count,avg
m4_ap_history	apidhistory	bigint	bigint	39	medium	sum,count,avg
m4_ap_history	apid	bigint	bigint	39	medium	sum,count,avg
m4_ap_history	apkodepa	bigint	bigint	39	medium	sum,count,avg
m4_ap_history	apkontak	bigint	bigint	39	medium	sum,count,avg
m4_ap_history	apbagianpembayaran	bigint	bigint	39	medium	sum,count,avg
m4_ap_history	apidpo	bigint	bigint	39	medium	sum,count,avg
m4_ap_history	apkurs	double	double	39	medium	avg
m4_ap_history	apjumlah	double	double	39	medium	avg
m4_ap_history	apjumlahvalas	double	double	39	medium	avg
m4_ap_history	apjumlahbayar	double	double	39	medium	avg
m4_ap_history	apjumlahbayarvalas	double	double	39	medium	avg
m4_ap_history	apjmlrevisi	int	int	39	medium	sum,count,avg
m4_ap_history	apinputuser	bigint	bigint	39	medium	sum,count,avg
m4_ap_history	apmodifikasiuser	bigint	bigint	39	medium	sum,count,avg
m4_ap_history	apisclose	int	int	39	medium	sum,count,avg
m4_ap_history	apcustomint1	int	int	39	medium	sum,count,avg
m4_ap_history	apcustomint2	int	int	39	medium	sum,count,avg
m4_ap_history	apcustomint3	int	int	39	medium	sum,count,avg
m4_ap_history	apcustomdbl1	double	double	39	medium	avg
m4_ap_history	apcustomdbl2	double	double	39	medium	avg
m4_ap_history	apcustomdbl3	double	double	39	medium	avg
m5_do	doid	bigint	bigint	39	medium	sum,count,avg
m5_do	dokodepa	bigint	bigint	39	medium	sum,count,avg
m5_do	docustomer	bigint	bigint	39	medium	sum,count,avg
m5_do	dobagianpenjualan	bigint	bigint	39	medium	sum,count,avg
m5_do	dobagianpengiriman	bigint	bigint	39	medium	sum,count,avg
m5_do	dokurs	double	double	39	medium	avg
m5_do	dojmldiskon	double	double	39	medium	avg
m5_do	dobiayalain	double	double	39	medium	avg
m5_do	doidsq	bigint	bigint	39	medium	sum,count,avg
m5_do	doidso	bigint	bigint	39	medium	sum,count,avg
m5_do	doidpi	bigint	bigint	39	medium	sum,count,avg
m5_do	doidpl	bigint	bigint	39	medium	sum,count,avg
m5_do	dojmlrevisi	int	int	39	medium	sum,count,avg
m5_do	doinputuser	bigint	bigint unsigned	39	medium	sum,count,avg
m5_do	domodifikasiuser	bigint	bigint unsigned	39	medium	sum,count,avg
m5_do	docustomint1	int	int	39	medium	sum,count,avg
m5_do	docustomint2	int	int	39	medium	sum,count,avg
m5_do	docustomint3	int	int	39	medium	sum,count,avg
m5_do	docustomdbl1	double	double	39	medium	avg
m5_do	docustomdbl2	double	double	39	medium	avg
m5_do	docustomdbl3	double	double	39	medium	avg
m5_si_pay	idsicarabayar	bigint	bigint	39	medium	sum,count,avg
m5_si_pay	idsi	bigint	bigint	39	medium	sum,count,avg
m5_si_pay	kurs	double	double	39	medium	avg
m5_si_pay	jumlah	double	double	39	medium	avg
m5_si_pay	jumlahvalas	double	double	39	medium	avg
m5_si_pay	urutan	int	int	39	medium	sum,count,avg
m5_si_pay	customint1	int	int	39	medium	sum,count,avg
m5_si_pay	customint2	int	int	39	medium	sum,count,avg
m5_si_pay	customint3	int	int	39	medium	sum,count,avg
m5_si_pay	customdbl1	double	double	39	medium	avg
m5_si_pay	customdbl2	double	double	39	medium	avg
m5_si_pay	customdbl3	double	double	39	medium	avg
m3_ts_detail	idtsdetail	bigint	bigint	38	medium	sum,count,avg
m3_ts_detail	idts	bigint	bigint	38	medium	sum,count,avg
m3_ts_detail	idbarang	bigint	bigint	38	medium	sum,count,avg
m3_ts_detail	jml	double	double	38	medium	avg
m3_ts_detail	nilaisatuan	double	double	38	medium	avg
m3_ts_detail	jmlbarang	double	double	38	medium	avg
m3_ts_detail	idhppkhususmasuk	bigint	bigint	38	medium	sum,count,avg
m3_ts_detail	urutan	int	int	38	medium	sum,count,avg
m3_ts_detail	idmrdetail	bigint	bigint	38	medium	sum,count,avg
m3_ts_detail	idgrndetail	bigint	bigint	38	medium	sum,count,avg
m3_ts_detail	jmlrs	double	double	38	medium	avg
m3_ts_detail	jmlrealisasi	double	double	38	medium	avg
m3_ts_detail	customdbl1	double	double	38	medium	avg
m3_ts_detail	customdbl2	double	double	38	medium	avg
m3_ts_detail	customdbl3	double	double	38	medium	avg
m4_ap_pay	idapcarabayar	bigint	bigint	38	medium	sum,count,avg
m4_ap_pay	idap	bigint	bigint	38	medium	sum,count,avg
m4_ap_pay	kurs	double	double	38	medium	avg
m4_ap_pay	jumlah	double	double	38	medium	avg
m4_ap_pay	jumlahvalas	double	double	38	medium	avg
m4_ap_pay	urutan	int	int	38	medium	sum,count,avg
m4_vp	vpid	bigint	bigint	38	medium	sum,count,avg
m4_vp	vpkodepa	bigint	bigint	38	medium	sum,count,avg
m4_vp	vpsupplier	bigint	bigint	38	medium	sum,count,avg
m4_vp	vpbagianpembayaran	bigint	bigint	38	medium	sum,count,avg
m4_vp	vpkurs	double	double	38	medium	avg
m4_vp	vpbayar	double	double	38	medium	avg
m4_vp	vpbayarvalas	double	double	38	medium	avg
m4_vp	vpselisihkurs	double	double	38	medium	avg
m4_vp	vpdiskontermin	double	double	38	medium	avg
m4_vp	vpdiskonterminvalas	double	double	38	medium	avg
m4_vp	vpidvpp	bigint	bigint	38	medium	sum,count,avg
m4_vp	vpjmlrevisi	int	int	38	medium	sum,count,avg
m4_vp	vpinputuser	bigint	bigint unsigned	38	medium	sum,count,avg
m4_vp	vpmodifikasiuser	bigint	bigint unsigned	38	medium	sum,count,avg
m4_vp	vpcustomint1	int	int	38	medium	sum,count,avg
m4_vp	vpcustomint2	int	int	38	medium	sum,count,avg
m4_vp	vpcustomint3	int	int	38	medium	sum,count,avg
m4_vp	vpcustomdbl1	double	double	38	medium	avg
m4_vp	vpcustomdbl2	double	double	38	medium	avg
m4_vp	vpcustomdbl3	double	double	38	medium	avg
m4_vp_pay	idvpcarabayar	bigint	bigint	38	medium	sum,count,avg
m4_vp_pay	idvp	bigint	bigint	38	medium	sum,count,avg
m4_vp_pay	kurs	double	double	38	medium	avg
m4_vp_pay	jumlah	double	double	38	medium	avg
m4_vp_pay	jumlahvalas	double	double	38	medium	avg
m4_vp_pay	urutan	int	int	38	medium	sum,count,avg
m4_vp_pay	idvppcarabayar	int	int	38	medium	sum,count,avg
m5_pi_detail_history	idhistorydetail	bigint	bigint	38	medium	sum,count,avg
m5_pi_detail_history	idhistory	bigint	bigint	38	medium	sum,count,avg
m5_pi_detail_history	idpidetail	bigint	bigint	38	medium	sum,count,avg
m5_pi_detail_history	idpi	bigint	bigint unsigned	38	medium	sum,count,avg
m5_pi_detail_history	idbarang	bigint	bigint	38	medium	sum,count,avg
m5_pi_detail_history	jml	double	double	38	medium	avg
m5_pi_detail_history	nilaisatuan	double	double	38	medium	avg
m5_pi_detail_history	jmlbarang	double	double	38	medium	avg
m5_pi_detail_history	kurs	double	double	38	medium	avg
m5_pi_detail_history	harga	double	double	38	medium	avg
m5_pi_detail_history	jmldiskon	double	double	38	medium	avg
m5_pi_detail_history	jmlpajak1	double	double	38	medium	avg
m5_pi_detail_history	jmlpajak2	double	double	38	medium	avg
m5_pi_detail_history	urutan	int	int	38	medium	sum,count,avg
m5_pi_detail_history	idsqdetail	bigint	bigint	38	medium	sum,count,avg
m5_pi_detail_history	idsodetail	bigint	bigint	38	medium	sum,count,avg
m5_pi_detail_history	jmlpl	double	double	38	medium	avg
m5_pi_detail_history	jmldo	double	double	38	medium	avg
m5_pi_detail_history	jmldr	double	double	38	medium	avg
m5_pi_detail_history	jmlsi	double	double	38	medium	avg
m5_pi_detail_history	jmlrnr	double	double	38	medium	avg
m5_pi_detail_history	jmlsr	double	double	38	medium	avg
m5_pi_detail_history	jmlrealisasi	double	double	38	medium	avg
m5_pi_detail_history	customdbl1	double	double	38	medium	avg
m5_pi_detail_history	customdbl2	double	double	38	medium	avg
m5_pi_detail_history	customdbl3	double	double	38	medium	avg
m2_cr_detail_history	idhistorydetail	int	int	36	medium	sum,count,avg
m2_cr_detail_history	idhistory	int	int	36	medium	sum,count,avg
m2_cr_detail_history	idcrdetail	bigint	bigint	36	medium	sum,count,avg
m2_cr_detail_history	idcr	bigint	bigint	36	medium	sum,count,avg
m2_cr_detail_history	kurs	double	double	36	medium	avg
m2_cr_detail_history	jumlah	double	double	36	medium	avg
m2_cr_detail_history	jumlahvalas	double	double	36	medium	avg
m2_cr_detail_history	urutan	int	int	36	medium	sum,count,avg
m2_cr_detail_history	isclose	int	int	36	medium	sum,count,avg
m2_cr_detail_history	customdbl1	double	double	36	medium	avg
m2_cr_detail_history	customdbl2	double	double	36	medium	avg
m2_cr_detail_history	customdbl3	double	double	36	medium	avg
m2_cr_history	cridhistory	int	int	36	medium	sum,count,avg
m2_cr_history	crid	bigint	bigint	36	medium	sum,count,avg
m2_cr_history	crkodepa	bigint	bigint	36	medium	sum,count,avg
m2_cr_history	crkontak	bigint	bigint	36	medium	sum,count,avg
m2_cr_history	crkurs	double	double	36	medium	avg
m2_cr_history	crjumlah	double	double	36	medium	avg
m2_cr_history	crjumlahvalas	double	double	36	medium	avg
m2_cr_history	crjumlahbayar	double	double	36	medium	avg
m2_cr_history	crjumlahbayarvalas	double	double	36	medium	avg
m2_cr_history	crjmlrevisi	int	int	36	medium	sum,count,avg
m2_cr_history	crisclose	int	int	36	medium	sum,count,avg
m2_cr_history	crinputuser	bigint	bigint	36	medium	sum,count,avg
m2_cr_history	crmodifikasiuser	bigint	bigint	36	medium	sum,count,avg
m2_cr_history	crcustomint1	int	int	36	medium	sum,count,avg
m2_cr_history	crcustomint2	int	int	36	medium	sum,count,avg
m2_cr_history	crcustomint3	int	int	36	medium	sum,count,avg
m2_cr_history	crcustomdbl1	double	double	36	medium	avg
m2_cr_history	crcustomdbl2	double	double	36	medium	avg
m2_cr_history	crcustomdbl3	double	double	36	medium	avg
m2r_hppglobalkl	id	double	double	36	medium	avg
m2r_hppglobalkl	jml	double	double	36	medium	avg
m2r_hppglobalkl	hpp	double	double	36	medium	avg
m2r_hppglobalkl	nilai	double	double	36	medium	avg
m4_vp_history	vpidhistory	bigint	bigint	36	medium	sum,count,avg
m4_vp_history	vpid	bigint	bigint	36	medium	sum,count,avg
m4_vp_history	vpkodepa	bigint	bigint	36	medium	sum,count,avg
m4_vp_history	vpsupplier	bigint	bigint	36	medium	sum,count,avg
m4_vp_history	vpbagianpembayaran	bigint	bigint	36	medium	sum,count,avg
m4_vp_history	vpkurs	double	double	36	medium	avg
m4_vp_history	vpbayar	double	double	36	medium	avg
m4_vp_history	vpbayarvalas	double	double	36	medium	avg
m4_vp_history	vpselisihkurs	double	double	36	medium	avg
m4_vp_history	vpdiskontermin	double	double	36	medium	avg
m4_vp_history	vpdiskonterminvalas	double	double	36	medium	avg
m4_vp_history	vpidvpp	bigint	bigint	36	medium	sum,count,avg
m4_vp_history	vpjmlrevisi	int	int	36	medium	sum,count,avg
m4_vp_history	vpinputuser	bigint	bigint unsigned	36	medium	sum,count,avg
m4_vp_history	vpmodifikasiuser	bigint	bigint unsigned	36	medium	sum,count,avg
m4_vp_history	vpcustomint1	int	int	36	medium	sum,count,avg
m4_vp_history	vpcustomint2	int	int	36	medium	sum,count,avg
m4_vp_history	vpcustomint3	int	int	36	medium	sum,count,avg
m4_vp_history	vpcustomdbl1	double	double	36	medium	avg
m4_vp_history	vpcustomdbl2	double	double	36	medium	avg
m4_vp_history	vpcustomdbl3	double	double	36	medium	avg
m5_pi_detail	idpidetail	bigint	bigint	34	medium	sum,count,avg
m5_pi_detail	idpi	bigint	bigint unsigned	34	medium	sum,count,avg
m5_pi_detail	idbarang	bigint	bigint	34	medium	sum,count,avg
m5_pi_detail	jml	double	double	34	medium	avg
m5_pi_detail	nilaisatuan	double	double	34	medium	avg
m5_pi_detail	jmlbarang	double	double	34	medium	avg
m5_pi_detail	kurs	double	double	34	medium	avg
m5_pi_detail	harga	double	double	34	medium	avg
m5_pi_detail	jmldiskon	double	double	34	medium	avg
m5_pi_detail	jmlpajak1	double	double	34	medium	avg
m5_pi_detail	jmlpajak2	double	double	34	medium	avg
m5_pi_detail	urutan	int	int	34	medium	sum,count,avg
m5_pi_detail	idsqdetail	bigint	bigint	34	medium	sum,count,avg
m5_pi_detail	idsodetail	bigint	bigint	34	medium	sum,count,avg
m5_pi_detail	jmlpl	double	double	34	medium	avg
m5_pi_detail	jmldo	double	double	34	medium	avg
m5_pi_detail	jmldr	double	double	34	medium	avg
m5_pi_detail	jmlsi	double	double	34	medium	avg
m5_pi_detail	jmlrnr	double	double	34	medium	avg
m5_pi_detail	jmlsr	double	double	34	medium	avg
m5_pi_detail	jmlrealisasi	double	double	34	medium	avg
m5_pi_detail	customdbl1	double	double	34	medium	avg
m5_pi_detail	customdbl2	double	double	34	medium	avg
m5_pi_detail	customdbl3	double	double	34	medium	avg
m6_pd_history	pdidhistory	bigint	bigint	34	medium	sum,count,avg
m6_pd_history	pdid	bigint	bigint	34	medium	sum,count,avg
m6_pd_history	pdkodepa	bigint	bigint	34	medium	sum,count,avg
m6_pd_history	pdbagianpd	bigint	bigint	34	medium	sum,count,avg
m6_pd_history	pdkurs	double	double	34	medium	avg
m6_pd_history	pdidbom	bigint	bigint	34	medium	sum,count,avg
m6_pd_history	pdidpdr	bigint	bigint	34	medium	sum,count,avg
m6_pd_history	pdidwo	bigint	bigint	34	medium	sum,count,avg
m6_pd_history	pdidmrs	bigint	bigint	34	medium	sum,count,avg
m6_pd_history	pdidmrn	bigint	bigint	34	medium	sum,count,avg
m6_pd_history	pdjmlrevisi	int	int	34	medium	sum,count,avg
m6_pd_history	pdinputuser	bigint	bigint unsigned	34	medium	sum,count,avg
m6_pd_history	pdmodifikasiuser	bigint	bigint unsigned	34	medium	sum,count,avg
m6_pd_history	pdcustomint1	int	int	34	medium	sum,count,avg
m6_pd_history	pdcustomint2	int	int	34	medium	sum,count,avg
m6_pd_history	pdcustomint3	int	int	34	medium	sum,count,avg
m6_pd_history	pdcustomdbl1	double	double	34	medium	avg
m6_pd_history	pdcustomdbl2	double	double	34	medium	avg
m6_pd_history	pdcustomdbl3	double	double	34	medium	avg
m6_pd_history	pdaktivitas	bigint	bigint	34	medium	sum,count,avg
m6_pd_in_history	idhistoryin	bigint	bigint	34	medium	sum,count,avg
m6_pd_in_history	idhistory	bigint	bigint	34	medium	sum,count,avg
m6_pd_in_history	idpdin	bigint	bigint	34	medium	sum,count,avg
m6_pd_in_history	idpd	bigint	bigint	34	medium	sum,count,avg
m6_pd_in_history	idbarang	bigint	bigint	34	medium	sum,count,avg
m6_pd_in_history	jml	double	double	34	medium	avg
m6_pd_in_history	nilaisatuan	double	double	34	medium	avg
m6_pd_in_history	jmlbarang	double	double	34	medium	avg
m6_pd_in_history	kurs	double	double	34	medium	avg
m6_pd_in_history	harga	double	double	34	medium	avg
m6_pd_in_history	hpppersen	double	double	34	medium	avg
m6_pd_in_history	hpp	double	double	34	medium	avg
m6_pd_in_history	urutan	int	int	34	medium	sum,count,avg
m6_pd_in_history	idbomin	bigint	bigint	34	medium	sum,count,avg
m6_pd_in_history	idpdrin	bigint	bigint	34	medium	sum,count,avg
m6_pd_in_history	idwoin	bigint	bigint	34	medium	sum,count,avg
m6_pd_in_history	idmrsin	bigint	bigint	34	medium	sum,count,avg
m6_pd_in_history	idmrnin	bigint	bigint	34	medium	sum,count,avg
m6_pd_in_history	customdbl1	double	double	34	medium	avg
m6_pd_in_history	customdbl2	double	double	34	medium	avg
m6_pd_in_history	customdbl3	double	double	34	medium	avg
m4_ap	apid	bigint	bigint	33	medium	sum,count,avg
m4_ap	apkodepa	bigint	bigint	33	medium	sum,count,avg
m4_ap	apkontak	bigint	bigint	33	medium	sum,count,avg
m4_ap	apbagianpembayaran	bigint	bigint	33	medium	sum,count,avg
m4_ap	apidpo	bigint	bigint	33	medium	sum,count,avg
m4_ap	apkurs	double	double	33	medium	avg
m4_ap	apjumlah	double	double	33	medium	avg
m4_ap	apjumlahvalas	double	double	33	medium	avg
m4_ap	apjumlahbayar	double	double	33	medium	avg
m4_ap	apjumlahbayarvalas	double	double	33	medium	avg
m4_ap	apjmlrevisi	int	int	33	medium	sum,count,avg
m4_ap	apinputuser	bigint	bigint	33	medium	sum,count,avg
m4_ap	apmodifikasiuser	bigint	bigint	33	medium	sum,count,avg
m4_ap	apisclose	int	int	33	medium	sum,count,avg
m4_ap	apcustomint1	int	int	33	medium	sum,count,avg
m4_ap	apcustomint2	int	int	33	medium	sum,count,avg
m4_ap	apcustomint3	int	int	33	medium	sum,count,avg
m4_ap	apcustomdbl1	double	double	33	medium	avg
m4_ap	apcustomdbl2	double	double	33	medium	avg
m4_ap	apcustomdbl3	double	double	33	medium	avg
m5_sq_history	sqidhistory	bigint	bigint	33	medium	sum,count,avg
m5_sq_history	sqid	bigint	bigint	33	medium	sum,count,avg
m5_sq_history	sqkodepa	bigint	bigint	33	medium	sum,count,avg
m5_sq_history	sqcustomer	bigint	bigint	33	medium	sum,count,avg
m5_sq_history	sqbagianpenjualan	bigint	bigint	33	medium	sum,count,avg
m5_sq_history	sqkurs	double	double	33	medium	avg
m5_sq_history	sqjmldiskon	double	double	33	medium	avg
m5_sq_history	sqbiayalain	double	double	33	medium	avg
m5_sq_history	sqidpr	bigint	bigint	33	medium	sum,count,avg
m5_sq_history	sqjmlrevisi	int	int	33	medium	sum,count,avg
m5_sq_history	sqinputuser	bigint	bigint unsigned	33	medium	sum,count,avg
m5_sq_history	sqmodifikasiuser	bigint	bigint unsigned	33	medium	sum,count,avg
m5_sq_history	sqcustomint1	int	int	33	medium	sum,count,avg
m5_sq_history	sqcustomint2	int	int	33	medium	sum,count,avg
m5_sq_history	sqcustomint3	int	int	33	medium	sum,count,avg
m5_sq_history	sqcustomdbl1	double	double	33	medium	avg
m5_sq_history	sqcustomdbl2	double	double	33	medium	avg
m5_sq_history	sqcustomdbl3	double	double	33	medium	avg
m0_permissions_custom	pcmodule	bigint	bigint	32	medium	sum,count,avg
m0_permissions_custom	pcid	bigint	bigint	32	medium	sum,count,avg
m1_currency_history	cidhistory	bigint	bigint	32	medium	sum,count,avg
m1_currency_history	ckurs	double	double	32	medium	avg
m1_currency_history	cinputuser	bigint	bigint	32	medium	sum,count,avg
m1_currency_history	cmodifikasiuser	bigint	bigint	32	medium	sum,count,avg
m2_rgc_detail_history	idhistorydetail	int	int	32	medium	sum,count,avg
m2_rgc_detail_history	idhistory	int	int	32	medium	sum,count,avg
m2_rgc_detail_history	idrgcdetail	bigint	bigint	32	medium	sum,count,avg
m2_rgc_detail_history	idrgc	bigint	bigint	32	medium	sum,count,avg
m2_rgc_detail_history	kontak	bigint	bigint	32	medium	sum,count,avg
m2_rgc_detail_history	kurs	double	double	32	medium	avg
m2_rgc_detail_history	jumlah	double	double	32	medium	avg
m2_rgc_detail_history	jumlahvalas	double	double	32	medium	avg
m2_rgc_detail_history	urutan	int	int	32	medium	sum,count,avg
m2_rgc_detail_history	idrgdetail	bigint	bigint	32	medium	sum,count,avg
m2_rgc_detail_history	isclose	int	int	32	medium	sum,count,avg
m2_rgc_detail_history	customdbl1	double	double	32	medium	avg
m2_rgc_detail_history	customdbl2	double	double	32	medium	avg
m2_rgc_detail_history	customdbl3	double	double	32	medium	avg
m4_vpp_history	vppidhistory	bigint	bigint	31	medium	sum,count,avg
m4_vpp_history	vppid	bigint	bigint	31	medium	sum,count,avg
m4_vpp_history	vppkodepa	bigint	bigint	31	medium	sum,count,avg
m4_vpp_history	vppsupplier	bigint	bigint	31	medium	sum,count,avg
m4_vpp_history	vppbagianpembayaran	bigint	bigint	31	medium	sum,count,avg
m4_vpp_history	vppkurs	double	double	31	medium	avg
m4_vpp_history	vppbayar	double	double	31	medium	avg
m4_vpp_history	vppbayarvalas	double	double	31	medium	avg
m4_vpp_history	vppselisihkurs	double	double	31	medium	avg
m4_vpp_history	vppdiskontermin	double	double	31	medium	avg
m4_vpp_history	vppdiskonterminvalas	double	double	31	medium	avg
m4_vpp_history	vppjmlrevisi	int	int	31	medium	sum,count,avg
m4_vpp_history	vppinputuser	bigint	bigint unsigned	31	medium	sum,count,avg
m4_vpp_history	vppmodifikasiuser	bigint	bigint unsigned	31	medium	sum,count,avg
m4_vpp_history	vppcustomint1	int	int	31	medium	sum,count,avg
m4_vpp_history	vppcustomint2	int	int	31	medium	sum,count,avg
m4_vpp_history	vppcustomint3	int	int	31	medium	sum,count,avg
m4_vpp_history	vppcustomdbl1	double	double	31	medium	avg
m4_vpp_history	vppcustomdbl2	double	double	31	medium	avg
m4_vpp_history	vppcustomdbl3	double	double	31	medium	avg
m6_pd_bom	idpd	bigint	bigint	31	medium	sum,count,avg
m6_pd_bom	idbaranghasil	bigint	bigint	31	medium	sum,count,avg
m6_pd_bom	idbarang	bigint	bigint	31	medium	sum,count,avg
m6_pd_bom	jml	double	double	31	medium	avg
m6_pd_bom	nilaisatuan	double	double	31	medium	avg
m6_pd_bom	jmlbarang	double	double	31	medium	avg
m6_pd_bom	kurs	double	double	31	medium	avg
m6_pd_bom	harga	double	double	31	medium	avg
m6_pd_bom	hpp	double	double	31	medium	avg
m6_pd_bom	idhppkhususmasuk	bigint	bigint	31	medium	sum,count,avg
m6_pd_bom	idhppfifomasuk	bigint	bigint	31	medium	sum,count,avg
m6_pd_bom	urutan	int	int	31	medium	sum,count,avg
m6_pd_bom	idbom	bigint	bigint	31	medium	sum,count,avg
m6_pd_bom	idbomout	bigint	bigint	31	medium	sum,count,avg
m6_pd_bom	customdbl1	double	double	31	medium	avg
m6_pd_bom	customdbl2	double	double	31	medium	avg
m6_pd_bom	customdbl3	double	double	31	medium	avg
m0_user_role	userid	bigint	bigint	30	medium	sum,count,avg
m0_user_role_s	userid	bigint	bigint	30	medium	sum,count,avg
m4_vp_pay_history	idhistorycarabayar	bigint	bigint	30	medium	sum,count,avg
m4_vp_pay_history	idhistory	bigint	bigint	30	medium	sum,count,avg
m4_vp_pay_history	idvpcarabayar	bigint	bigint	30	medium	sum,count,avg
m4_vp_pay_history	idvp	bigint	bigint	30	medium	sum,count,avg
m4_vp_pay_history	kurs	double	double	30	medium	avg
m4_vp_pay_history	jumlah	double	double	30	medium	avg
m4_vp_pay_history	jumlahvalas	double	double	30	medium	avg
m4_vp_pay_history	urutan	int	int	30	medium	sum,count,avg
m4_vp_pay_history	idvppcarabayar	int	int	30	medium	sum,count,avg
m5_do_history	doidhistory	bigint	bigint	30	medium	sum,count,avg
m5_do_history	doid	bigint	bigint	30	medium	sum,count,avg
m5_do_history	dokodepa	bigint	bigint	30	medium	sum,count,avg
m5_do_history	docustomer	bigint	bigint	30	medium	sum,count,avg
m5_do_history	dobagianpenjualan	bigint	bigint	30	medium	sum,count,avg
m5_do_history	dobagianpengiriman	bigint	bigint	30	medium	sum,count,avg
m5_do_history	dokurs	double	double	30	medium	avg
m5_do_history	dojmldiskon	double	double	30	medium	avg
m5_do_history	dobiayalain	double	double	30	medium	avg
m5_do_history	doidsq	bigint	bigint	30	medium	sum,count,avg
m5_do_history	doidso	bigint	bigint	30	medium	sum,count,avg
m5_do_history	doidpi	bigint	bigint	30	medium	sum,count,avg
m5_do_history	doidpl	bigint	bigint	30	medium	sum,count,avg
m5_do_history	dojmlrevisi	int	int	30	medium	sum,count,avg
m5_do_history	doinputuser	bigint	bigint unsigned	30	medium	sum,count,avg
m5_do_history	domodifikasiuser	bigint	bigint unsigned	30	medium	sum,count,avg
m5_do_history	docustomint1	int	int	30	medium	sum,count,avg
m5_do_history	docustomint2	int	int	30	medium	sum,count,avg
m5_do_history	docustomint3	int	int	30	medium	sum,count,avg
m5_do_history	docustomdbl1	double	double	30	medium	avg
m5_do_history	docustomdbl2	double	double	30	medium	avg
m5_do_history	docustomdbl3	double	double	30	medium	avg
m6_mrs_out_history	idhistoryout	bigint	bigint	30	medium	sum,count,avg
m6_mrs_out_history	idhistory	bigint	bigint	30	medium	sum,count,avg
m6_mrs_out_history	idmrsout	bigint	bigint	30	medium	sum,count,avg
m6_mrs_out_history	idmrs	bigint	bigint	30	medium	sum,count,avg
m6_mrs_out_history	idbarang	bigint	bigint	30	medium	sum,count,avg
m6_mrs_out_history	jml	double	double	30	medium	avg
m6_mrs_out_history	nilaisatuan	double	double	30	medium	avg
m6_mrs_out_history	jmlbarang	double	double	30	medium	avg
m6_mrs_out_history	kurs	double	double	30	medium	avg
m6_mrs_out_history	harga	double	double	30	medium	avg
m6_mrs_out_history	hpp	double	double	30	medium	avg
m6_mrs_out_history	idhppkhususmasuk	bigint	bigint	30	medium	sum,count,avg
m6_mrs_out_history	idhppfifomasuk	bigint	bigint	30	medium	sum,count,avg
m6_mrs_out_history	urutan	int	int	30	medium	sum,count,avg
m6_mrs_out_history	idbomout	bigint	bigint	30	medium	sum,count,avg
m6_mrs_out_history	idpdrout	bigint	bigint	30	medium	sum,count,avg
m6_mrs_out_history	idwoout	bigint	bigint	30	medium	sum,count,avg
m6_mrs_out_history	jmlmrn	double	double	30	medium	avg
m6_mrs_out_history	jmlpd	double	double	30	medium	avg
m6_mrs_out_history	jmlrealisasi	double	double	30	medium	avg
m6_mrs_out_history	customdbl1	double	double	30	medium	avg
m6_mrs_out_history	customdbl2	double	double	30	medium	avg
m6_mrs_out_history	customdbl3	double	double	30	medium	avg
m6_wo_out_history	idhistoryout	bigint	bigint	30	medium	sum,count,avg
m6_wo_out_history	idhistory	bigint	bigint	30	medium	sum,count,avg
m6_wo_out_history	idwoout	bigint	bigint	30	medium	sum,count,avg
m6_wo_out_history	idwo	bigint	bigint	30	medium	sum,count,avg
m6_wo_out_history	idbarang	bigint	bigint	30	medium	sum,count,avg
m6_wo_out_history	jml	double	double	30	medium	avg
m6_wo_out_history	nilaisatuan	double	double	30	medium	avg
m6_wo_out_history	jmlbarang	double	double	30	medium	avg
m6_wo_out_history	kurs	double	double	30	medium	avg
m6_wo_out_history	harga	double	double	30	medium	avg
m6_wo_out_history	hpp	double	double	30	medium	avg
m6_wo_out_history	idhppkhususmasuk	bigint	bigint	30	medium	sum,count,avg
m6_wo_out_history	idhppfifomasuk	bigint	bigint	30	medium	sum,count,avg
m6_wo_out_history	urutan	int	int	30	medium	sum,count,avg
m6_wo_out_history	idbomout	bigint	bigint	30	medium	sum,count,avg
m6_wo_out_history	idpdrout	bigint	bigint	30	medium	sum,count,avg
m6_wo_out_history	jmlmrs	double	double	30	medium	avg
m6_wo_out_history	jmlmrn	double	double	30	medium	avg
m6_wo_out_history	jmlpd	double	double	30	medium	avg
m6_wo_out_history	jmlrealisasi	double	double	30	medium	avg
m6_wo_out_history	customdbl1	double	double	30	medium	avg
m6_wo_out_history	customdbl2	double	double	30	medium	avg
m6_wo_out_history	customdbl3	double	double	30	medium	avg
m2_rgc_history	rgcidhistory	int	int	29	medium	sum,count,avg
m2_rgc_history	rgcid	bigint	bigint	29	medium	sum,count,avg
m2_rgc_history	rgckodepa	bigint	bigint	29	medium	sum,count,avg
m2_rgc_history	rgckontak	bigint	bigint	29	medium	sum,count,avg
m2_rgc_history	rgckurs	double	double	29	medium	avg
m2_rgc_history	rgcjumlah	double	double	29	medium	avg
m2_rgc_history	rgcjumlahvalas	double	double	29	medium	avg
m2_rgc_history	rgcidrg	bigint	bigint	29	medium	sum,count,avg
m2_rgc_history	rgcjmlrevisi	int	int	29	medium	sum,count,avg
m2_rgc_history	rgcisclose	int	int	29	medium	sum,count,avg
m2_rgc_history	rgcinputuser	bigint	bigint	29	medium	sum,count,avg
m2_rgc_history	rgcmodifikasiuser	bigint	bigint	29	medium	sum,count,avg
m2_rgc_history	rgccustomint1	int	int	29	medium	sum,count,avg
m2_rgc_history	rgccustomint2	int	int	29	medium	sum,count,avg
m2_rgc_history	rgccustomint3	int	int	29	medium	sum,count,avg
m2_rgc_history	rgccustomdbl1	double	double	29	medium	avg
m2_rgc_history	rgccustomdbl2	double	double	29	medium	avg
m2_rgc_history	rgccustomdbl3	double	double	29	medium	avg
m3_sa_detail	idsadetail	bigint	bigint	29	medium	sum,count,avg
m3_sa_detail	idsa	bigint	bigint	29	medium	sum,count,avg
m3_sa_detail	idbarang	bigint	bigint	29	medium	sum,count,avg
m3_sa_detail	jmlmasuk	double	double	29	medium	avg
m3_sa_detail	jmlkeluar	double	double	29	medium	avg
m3_sa_detail	nilaisatuan	double	double	29	medium	avg
m3_sa_detail	jmlbarangmasuk	double	double	29	medium	avg
m3_sa_detail	jmlbarangkeluar	double	double	29	medium	avg
m3_sa_detail	idhppkhususmasuk	bigint	bigint	29	medium	sum,count,avg
m3_sa_detail	hpplama	double	double	29	medium	avg
m3_sa_detail	hpp	double	double	29	medium	avg
m3_sa_detail	idspdetail	bigint	bigint	29	medium	sum,count,avg
m3_sa_detail	urutan	int	int	29	medium	sum,count,avg
m3_sa_detail	customdbl1	double	double	29	medium	avg
m3_sa_detail	customdbl2	double	double	29	medium	avg
m3_sa_detail	customdbl3	double	double	29	medium	avg
m4_ri_pay_history	idhistorycarabayar	bigint	bigint	29	medium	sum,count,avg
m4_ri_pay_history	idhistory	bigint	bigint	29	medium	sum,count,avg
m4_ri_pay_history	idricarabayar	bigint	bigint	29	medium	sum,count,avg
m4_ri_pay_history	idri	bigint	bigint	29	medium	sum,count,avg
m4_ri_pay_history	kurs	double	double	29	medium	avg
m4_ri_pay_history	jumlah	double	double	29	medium	avg
m4_ri_pay_history	jumlahvalas	double	double	29	medium	avg
m4_ri_pay_history	urutan	int	int	29	medium	sum,count,avg
m4_ri_pay_history	idtransaksi	bigint	bigint	29	medium	sum,count,avg
m4_ri_pay_history	terbayar	double	double	29	medium	avg
m2_gj_detail_history	idhistorydetail	int	int	28	medium	sum,count,avg
m2_gj_detail_history	idhistory	int	int	28	medium	sum,count,avg
m2_gj_detail_history	idgjdetail	bigint	bigint	28	medium	sum,count,avg
m2_gj_detail_history	idgj	bigint	bigint	28	medium	sum,count,avg
m2_gj_detail_history	kurs	double	double	28	medium	avg
m2_gj_detail_history	debit	double	double	28	medium	avg
m2_gj_detail_history	debitvalas	double	double	28	medium	avg
m2_gj_detail_history	kredit	double	double	28	medium	avg
m2_gj_detail_history	kreditvalas	double	double	28	medium	avg
m2_gj_detail_history	urutan	int	int	28	medium	sum,count,avg
m2_gj_detail_history	isclose	int	int	28	medium	sum,count,avg
m2_gj_detail_history	customdbl1	double	double	28	medium	avg
m2_gj_detail_history	customdbl2	double	double	28	medium	avg
m2_gj_detail_history	customdbl3	double	double	28	medium	avg
m3_sp_progress	spidprogress	int	int	28	medium	sum,count,avg
m3_sp_progress	spid	bigint	bigint	28	medium	sum,count,avg
m3_sp_progress	spkodepa	bigint	bigint	28	medium	sum,count,avg
m3_sp_progress	spbagiansp	bigint	bigint	28	medium	sum,count,avg
m3_sp_progress	spjmlrevisi	int	int	28	medium	sum,count,avg
m3_sp_progress	spinputuser	bigint	bigint unsigned	28	medium	sum,count,avg
m3_sp_progress	spmodifikasiuser	bigint	bigint unsigned	28	medium	sum,count,avg
m3_sp_progress	spstepke	int	int	28	medium	sum,count,avg
m3_sp_progress	spcustomint1	int	int	28	medium	sum,count,avg
m3_sp_progress	spcustomint2	int	int	28	medium	sum,count,avg
m3_sp_progress	spcustomint3	int	int	28	medium	sum,count,avg
m3_sp_progress	spcustomdbl1	double	double	28	medium	avg
m3_sp_progress	spcustomdbl2	double	double	28	medium	avg
m3_sp_progress	spcustomdbl3	double	double	28	medium	avg
m5_pi_history	piidhistory	bigint	bigint	28	medium	sum,count,avg
m5_pi_history	piid	bigint	bigint	28	medium	sum,count,avg
m5_pi_history	pikodepa	bigint	bigint	28	medium	sum,count,avg
m5_pi_history	picustomer	bigint	bigint	28	medium	sum,count,avg
m5_pi_history	pibagianpenjualan	bigint	bigint	28	medium	sum,count,avg
m5_pi_history	pikurs	double	double	28	medium	avg
m5_pi_history	pijmldiskon	double	double	28	medium	avg
m5_pi_history	pibiayalain	double	double	28	medium	avg
m5_pi_history	pijmlbayar	double	double	28	medium	avg
m5_pi_history	piidsq	bigint	bigint	28	medium	sum,count,avg
m5_pi_history	piidso	bigint	bigint	28	medium	sum,count,avg
m5_pi_history	pijmlrevisi	int	int	28	medium	sum,count,avg
m5_pi_history	piinputuser	bigint	bigint unsigned	28	medium	sum,count,avg
m5_pi_history	pimodifikasiuser	bigint	bigint unsigned	28	medium	sum,count,avg
m5_pi_history	picustomint1	int	int	28	medium	sum,count,avg
m5_pi_history	picustomint2	int	int	28	medium	sum,count,avg
m5_pi_history	picustomint3	int	int	28	medium	sum,count,avg
m5_pi_history	picustomdbl1	double	double	28	medium	avg
m5_pi_history	picustomdbl2	double	double	28	medium	avg
m5_pi_history	picustomdbl3	double	double	28	medium	avg
m6_wo_history	woidhistory	bigint	bigint	28	medium	sum,count,avg
m6_wo_history	woid	bigint	bigint	28	medium	sum,count,avg
m6_wo_history	wokodepa	bigint	bigint	28	medium	sum,count,avg
m6_wo_history	wodimintaoleh	bigint	bigint	28	medium	sum,count,avg
m6_wo_history	womintake	bigint	bigint	28	medium	sum,count,avg
m6_wo_history	wokurs	double	double	28	medium	avg
m6_wo_history	woidbom	bigint	bigint	28	medium	sum,count,avg
m6_wo_history	woidpdr	bigint	bigint	28	medium	sum,count,avg
m6_wo_history	wojmlrevisi	int	int	28	medium	sum,count,avg
m6_wo_history	woinputuser	bigint	bigint unsigned	28	medium	sum,count,avg
m6_wo_history	womodifikasiuser	bigint	bigint unsigned	28	medium	sum,count,avg
m6_wo_history	wocustomint1	int	int	28	medium	sum,count,avg
m6_wo_history	wocustomint2	int	int	28	medium	sum,count,avg
m6_wo_history	wocustomint3	int	int	28	medium	sum,count,avg
m6_wo_history	wocustomdbl1	double	double	28	medium	avg
m6_wo_history	wocustomdbl2	double	double	28	medium	avg
m6_wo_history	wocustomdbl3	double	double	28	medium	avg
m6_wo_history	woaktivitas	bigint	bigint	28	medium	sum,count,avg
m6_wo_in_history	idhistoryin	bigint	bigint	28	medium	sum,count,avg
m6_wo_in_history	idhistory	bigint	bigint	28	medium	sum,count,avg
m6_wo_in_history	idwoin	bigint	bigint	28	medium	sum,count,avg
m6_wo_in_history	idwo	bigint	bigint	28	medium	sum,count,avg
m6_wo_in_history	idbarang	bigint	bigint	28	medium	sum,count,avg
m6_wo_in_history	jml	double	double	28	medium	avg
m6_wo_in_history	nilaisatuan	double	double	28	medium	avg
m6_wo_in_history	jmlbarang	double	double	28	medium	avg
m6_wo_in_history	kurs	double	double	28	medium	avg
m6_wo_in_history	harga	double	double	28	medium	avg
m6_wo_in_history	hpppersen	double	double	28	medium	avg
m6_wo_in_history	hpp	double	double	28	medium	avg
m6_wo_in_history	urutan	int	int	28	medium	sum,count,avg
m6_wo_in_history	idbomin	bigint	bigint	28	medium	sum,count,avg
m6_wo_in_history	idpdrin	bigint	bigint	28	medium	sum,count,avg
m6_wo_in_history	jmlmrs	double	double	28	medium	avg
m6_wo_in_history	jmlmrn	double	double	28	medium	avg
m6_wo_in_history	jmlpd	double	double	28	medium	avg
m6_wo_in_history	jmlrealisasi	double	double	28	medium	avg
m6_wo_in_history	customdbl1	double	double	28	medium	avg
m6_wo_in_history	customdbl2	double	double	28	medium	avg
m6_wo_in_history	customdbl3	double	double	28	medium	avg
m2_accounting_period	apkode	bigint	bigint	27	medium	sum,count,avg
m2_cr_detail	idcrdetail	bigint	bigint	27	medium	sum,count,avg
m2_cr_detail	idcr	bigint	bigint	27	medium	sum,count,avg
m2_cr_detail	kurs	double	double	27	medium	avg
m2_cr_detail	jumlah	double	double	27	medium	avg
m2_cr_detail	jumlahvalas	double	double	27	medium	avg
m2_cr_detail	urutan	int	int	27	medium	sum,count,avg
m2_cr_detail	isclose	int	int	27	medium	sum,count,avg
m2_cr_detail	customdbl1	double	double	27	medium	avg
m2_cr_detail	customdbl2	double	double	27	medium	avg
m2_cr_detail	customdbl3	double	double	27	medium	avg
m6_bom_out	idbomout	bigint	bigint	27	medium	sum,count,avg
m6_bom_out	idbom	bigint	bigint	27	medium	sum,count,avg
m6_bom_out	idbarang	bigint	bigint	27	medium	sum,count,avg
m6_bom_out	jml	double	double	27	medium	avg
m6_bom_out	nilaisatuan	double	double	27	medium	avg
m6_bom_out	jmlbarang	double	double	27	medium	avg
m6_bom_out	kurs	double	double	27	medium	avg
m6_bom_out	harga	double	double	27	medium	avg
m6_bom_out	hpp	double	double	27	medium	avg
m6_bom_out	idhppkhususmasuk	bigint	bigint	27	medium	sum,count,avg
m6_bom_out	idhppfifomasuk	bigint	bigint	27	medium	sum,count,avg
m6_bom_out	urutan	int	int	27	medium	sum,count,avg
m6_bom_out	customdbl1	double	double	27	medium	avg
m6_bom_out	customdbl2	double	double	27	medium	avg
m6_bom_out	customdbl3	double	double	27	medium	avg
m0_user	userid	bigint	bigint	26	medium	sum,count,avg
m0_user	ukontak	bigint	bigint	26	medium	sum,count,avg
m0_user	udefaultview	int	int	26	medium	sum,count,avg
m1_item_location_warehouse_history	blgidhistorybarang	bigint	bigint	26	medium	sum,count,avg
m1_item_location_warehouse_history	blgidhistory	bigint	bigint	26	medium	sum,count,avg
m1_item_location_warehouse_history	blgidbarang	bigint	bigint	26	medium	sum,count,avg
m1_item_location_warehouse_history	blgidlokasi	bigint	bigint	26	medium	sum,count,avg
m1_item_location_warehouse_history	blginputuser	bigint	bigint unsigned	26	medium	sum,count,avg
m1_item_location_warehouse_history	blgmodifikasiuser	bigint	bigint unsigned	26	medium	sum,count,avg
m3_sp	spid	bigint	bigint	26	medium	sum,count,avg
m3_sp	spkodepa	bigint	bigint	26	medium	sum,count,avg
m3_sp	spbagiansp	bigint	bigint	26	medium	sum,count,avg
m3_sp	spjmlrevisi	int	int	26	medium	sum,count,avg
m3_sp	spinputuser	bigint	bigint unsigned	26	medium	sum,count,avg
m3_sp	spmodifikasiuser	bigint	bigint unsigned	26	medium	sum,count,avg
m3_sp	spstepke	int	int	26	medium	sum,count,avg
m3_sp	spcustomint1	int	int	26	medium	sum,count,avg
m3_sp	spcustomint2	int	int	26	medium	sum,count,avg
m3_sp	spcustomint3	int	int	26	medium	sum,count,avg
m3_sp	spcustomdbl1	double	double	26	medium	avg
m3_sp	spcustomdbl2	double	double	26	medium	avg
m3_sp	spcustomdbl3	double	double	26	medium	avg
m3_ts_detail_history	idhistorydetail	int	int	26	medium	sum,count,avg
m3_ts_detail_history	idhistory	int	int	26	medium	sum,count,avg
m3_ts_detail_history	idtsdetail	bigint	bigint	26	medium	sum,count,avg
m3_ts_detail_history	idts	bigint	bigint	26	medium	sum,count,avg
m3_ts_detail_history	idbarang	bigint	bigint	26	medium	sum,count,avg
m3_ts_detail_history	jml	double	double	26	medium	avg
m3_ts_detail_history	nilaisatuan	double	double	26	medium	avg
m3_ts_detail_history	jmlbarang	double	double	26	medium	avg
m3_ts_detail_history	idhppkhususmasuk	bigint	bigint	26	medium	sum,count,avg
m3_ts_detail_history	urutan	int	int	26	medium	sum,count,avg
m3_ts_detail_history	idmrdetail	bigint	bigint	26	medium	sum,count,avg
m3_ts_detail_history	idgrndetail	bigint	bigint	26	medium	sum,count,avg
m3_ts_detail_history	jmlrs	double	double	26	medium	avg
m3_ts_detail_history	jmlrealisasi	double	double	26	medium	avg
m3_ts_detail_history	customdbl1	double	double	26	medium	avg
m3_ts_detail_history	customdbl2	double	double	26	medium	avg
m3_ts_detail_history	customdbl3	double	double	26	medium	avg
m4_rq_detail_history	idhistorydetail	bigint	bigint	26	medium	sum,count,avg
m4_rq_detail_history	idhistory	bigint	bigint	26	medium	sum,count,avg
m4_rq_detail_history	idrqdetail	bigint	bigint	26	medium	sum,count,avg
m4_rq_detail_history	idrq	bigint	bigint	26	medium	sum,count,avg
m4_rq_detail_history	idbarang	bigint	bigint	26	medium	sum,count,avg
m4_rq_detail_history	jml	double	double	26	medium	avg
m4_rq_detail_history	nilaisatuan	double	double	26	medium	avg
m4_rq_detail_history	jmlbarang	double	double	26	medium	avg
m4_rq_detail_history	kurs	double	double	26	medium	avg
m4_rq_detail_history	harga	double	double	26	medium	avg
m4_rq_detail_history	jmldiskon	double	double	26	medium	avg
m4_rq_detail_history	jmlpajak1	double	double	26	medium	avg
m4_rq_detail_history	jmlpajak2	double	double	26	medium	avg
m4_rq_detail_history	urutan	int	int	26	medium	sum,count,avg
m4_rq_detail_history	idprdetail	bigint	bigint	26	medium	sum,count,avg
m4_rq_detail_history	idcsdetail	bigint	bigint	26	medium	sum,count,avg
m4_rq_detail_history	jmlpo	double	double	26	medium	avg
m4_rq_detail_history	jmlipc	double	double	26	medium	avg
m4_rq_detail_history	jmlgrn	double	double	26	medium	avg
m4_rq_detail_history	jmlri	double	double	26	medium	avg
m4_rq_detail_history	jmldnr	double	double	26	medium	avg
m4_rq_detail_history	jmlprt	double	double	26	medium	avg
m4_rq_detail_history	jmlrealisasi	double	double	26	medium	avg
m4_rq_detail_history	customdbl1	double	double	26	medium	avg
m4_rq_detail_history	customdbl2	double	double	26	medium	avg
m4_rq_detail_history	customdbl3	double	double	26	medium	avg
m6_itembom_out	idbaranghasil	bigint	bigint	26	medium	sum,count,avg
m6_itembom_out	idbarang	bigint	bigint	26	medium	sum,count,avg
m6_itembom_out	jml	double	double	26	medium	avg
m6_itembom_out	nilaisatuan	double	double	26	medium	avg
m6_itembom_out	jmlbarang	double	double	26	medium	avg
m6_itembom_out	kurs	double	double	26	medium	avg
m6_itembom_out	harga	double	double	26	medium	avg
m6_itembom_out	hpp	double	double	26	medium	avg
m6_itembom_out	idhppkhususmasuk	bigint	bigint	26	medium	sum,count,avg
m6_itembom_out	idhppfifomasuk	bigint	bigint	26	medium	sum,count,avg
m6_itembom_out	urutan	int	int	26	medium	sum,count,avg
m6_itembom_out	idbom	bigint	bigint	26	medium	sum,count,avg
m6_itembom_out	idbomout	bigint	bigint	26	medium	sum,count,avg
m6_itembom_out	customdbl1	double	double	26	medium	avg
m6_itembom_out	customdbl2	double	double	26	medium	avg
m6_itembom_out	customdbl3	double	double	26	medium	avg
m_12_pos_category_setting	pcsmodule	bigint	bigint	26	medium	sum,count,avg
m_12_pos_setting	smodule	bigint	bigint	26	medium	sum,count,avg
m_12_pos_setting	surutan	int	int	26	medium	sum,count,avg
userpermissions	UserPermissionId	bigint	bigint	26	medium	sum,count,avg
userpermissions	UserId	int	int	26	medium	sum,count,avg
users	UserId	int	int	26	medium	sum,count,avg
users	InsertUserId	int	int	26	medium	sum,count,avg
users	UpdateUserId	int	int	26	medium	sum,count,avg
users	TwoFactorAuth	int	int	26	medium	sum,count,avg
m1_salesman_commission	scidkontak	bigint	bigint	25	medium	sum,count,avg
m1_salesman_commission	sckomisi1	double	double	25	medium	avg
m1_salesman_commission	sckomisi2	double	double	25	medium	avg
m1_salesman_commission	sckomisi3	double	double	25	medium	avg
m1_salesman_commission	sckomisi4	double	double	25	medium	avg
m1_salesman_commission	sckomisi5	double	double	25	medium	avg
m1_salesman_commission	sckomisi6	double	double	25	medium	avg
m1_salesman_commission	sckomisi7	double	double	25	medium	avg
m1_salesman_commission	sckomisi8	double	double	25	medium	avg
m1_salesman_commission	sckomisi9	double	double	25	medium	avg
m1_salesman_commission	sckomisi10	double	double	25	medium	avg
m1_salesman_commission	sccustomint1	int	int	25	medium	sum,count,avg
m1_salesman_commission	sccustomint2	int	int	25	medium	sum,count,avg
m1_salesman_commission	sccustomint3	int	int	25	medium	sum,count,avg
m1_salesman_commission	sccustomint4	int	int	25	medium	sum,count,avg
m1_salesman_commission	sccustomint5	int	int	25	medium	sum,count,avg
m1_salesman_commission	sccustomint6	int	int	25	medium	sum,count,avg
m1_salesman_commission	sccustomint7	int	int	25	medium	sum,count,avg
m1_salesman_commission	sccustomint8	int	int	25	medium	sum,count,avg
m1_salesman_commission	sccustomint9	int	int	25	medium	sum,count,avg
m1_salesman_commission	sccustomint10	int	int	25	medium	sum,count,avg
m1_salesman_commission	sccustomdbl1	double	double	25	medium	avg
m1_salesman_commission	sccustomdbl2	double	double	25	medium	avg
m1_salesman_commission	sccustomdbl3	double	double	25	medium	avg
m1_salesman_commission	sccustomdbl4	double	double	25	medium	avg
m1_salesman_commission	sccustomdbl5	double	double	25	medium	avg
m1_salesman_commission	sccustomdbl6	double	double	25	medium	avg
m1_salesman_commission	sccustomdbl7	double	double	25	medium	avg
m1_salesman_commission	sccustomdbl8	double	double	25	medium	avg
m1_salesman_commission	sccustomdbl9	double	double	25	medium	avg
m1_salesman_commission	sccustomdbl10	double	double	25	medium	avg
m2_giro_list	glidtransaksi	bigint	bigint	25	medium	sum,count,avg
m2_giro_list	glkontak	bigint	bigint	25	medium	sum,count,avg
m2_giro_list	glkurs	double	double	25	medium	avg
m2_giro_list	gljumlah	double	double	25	medium	avg
m2_giro_list	gljumlahvalas	double	double	25	medium	avg
m2_giro_list	glurutan	int	int	25	medium	sum,count,avg
m4_vpp_pay_history	idhistorycarabayar	bigint	bigint	25	medium	sum,count,avg
m4_vpp_pay_history	idhistory	bigint	bigint	25	medium	sum,count,avg
m4_vpp_pay_history	idvppcarabayar	bigint	bigint	25	medium	sum,count,avg
m4_vpp_pay_history	idvpp	bigint	bigint	25	medium	sum,count,avg
m4_vpp_pay_history	kurs	double	double	25	medium	avg
m4_vpp_pay_history	jumlah	double	double	25	medium	avg
m4_vpp_pay_history	jumlahvalas	double	double	25	medium	avg
m4_vpp_pay_history	urutan	int	int	25	medium	sum,count,avg
m4_vpp_pay_history	jmlvp	double	double	25	medium	avg
m4_vpp_pay_history	jmlvpvalas	double	double	25	medium	avg
m0_role_custom	rcmoduleid	bigint	bigint	24	medium	sum,count,avg
m0_role_custom	rcidpc	bigint	bigint	24	medium	sum,count,avg
m1_division	dinputuser	bigint	bigint unsigned	24	medium	sum,count,avg
m1_division	dmodifikasiuser	bigint	bigint unsigned	24	medium	sum,count,avg
m1_division	dcustomint1	int	int	24	medium	sum,count,avg
m1_division	dcustomint2	int	int	24	medium	sum,count,avg
m1_division	dcustomint3	int	int	24	medium	sum,count,avg
m1_division	dcustomdbl1	double	double	24	medium	avg
m1_division	dcustomdbl2	double	double	24	medium	avg
m1_division	dcustomdbl3	double	double	24	medium	avg
m2_cr	crid	bigint	bigint	24	medium	sum,count,avg
m2_cr	crkodepa	bigint	bigint	24	medium	sum,count,avg
m2_cr	crkontak	bigint	bigint	24	medium	sum,count,avg
m2_cr	crkurs	double	double	24	medium	avg
m2_cr	crjumlah	double	double	24	medium	avg
m2_cr	crjumlahvalas	double	double	24	medium	avg
m2_cr	crjumlahbayar	double	double	24	medium	avg
m2_cr	crjumlahbayarvalas	double	double	24	medium	avg
m2_cr	crjmlrevisi	int	int	24	medium	sum,count,avg
m2_cr	crisclose	int	int	24	medium	sum,count,avg
m2_cr	crinputuser	bigint	bigint	24	medium	sum,count,avg
m2_cr	crmodifikasiuser	bigint	bigint	24	medium	sum,count,avg
m2_cr	crcustomint1	int	int	24	medium	sum,count,avg
m2_cr	crcustomint2	int	int	24	medium	sum,count,avg
m2_cr	crcustomint3	int	int	24	medium	sum,count,avg
m2_cr	crcustomdbl1	double	double	24	medium	avg
m2_cr	crcustomdbl2	double	double	24	medium	avg
m2_cr	crcustomdbl3	double	double	24	medium	avg
m3_ts	tsid	bigint	bigint	24	medium	sum,count,avg
m3_ts	tskodepa	bigint	bigint	24	medium	sum,count,avg
m3_ts	tsbagianmutasi	bigint	bigint	24	medium	sum,count,avg
m3_ts	tsidmr	bigint	bigint	24	medium	sum,count,avg
m3_ts	tsjmlrevisi	int	int	24	medium	sum,count,avg
m3_ts	tsinputuser	bigint	bigint unsigned	24	medium	sum,count,avg
m3_ts	tsmodifikasiuser	bigint	bigint unsigned	24	medium	sum,count,avg
m3_ts	tscustomint1	int	int	24	medium	sum,count,avg
m3_ts	tscustomint2	int	int	24	medium	sum,count,avg
m3_ts	tscustomint3	int	int	24	medium	sum,count,avg
m3_ts	tscustomdbl1	double	double	24	medium	avg
m3_ts	tscustomdbl2	double	double	24	medium	avg
m3_ts	tscustomdbl3	double	double	24	medium	avg
m6_wo_out	idwoout	bigint	bigint	24	medium	sum,count,avg
m6_wo_out	idwo	bigint	bigint	24	medium	sum,count,avg
m6_wo_out	idbarang	bigint	bigint	24	medium	sum,count,avg
m6_wo_out	jml	double	double	24	medium	avg
m6_wo_out	nilaisatuan	double	double	24	medium	avg
m6_wo_out	jmlbarang	double	double	24	medium	avg
m6_wo_out	kurs	double	double	24	medium	avg
m6_wo_out	harga	double	double	24	medium	avg
m6_wo_out	hpp	double	double	24	medium	avg
m6_wo_out	idhppkhususmasuk	bigint	bigint	24	medium	sum,count,avg
m6_wo_out	idhppfifomasuk	bigint	bigint	24	medium	sum,count,avg
m6_wo_out	urutan	int	int	24	medium	sum,count,avg
m6_wo_out	idbomout	bigint	bigint	24	medium	sum,count,avg
m6_wo_out	idpdrout	bigint	bigint	24	medium	sum,count,avg
m6_wo_out	jmlmrs	double	double	24	medium	avg
m6_wo_out	jmlmrn	double	double	24	medium	avg
m6_wo_out	jmlpd	double	double	24	medium	avg
m6_wo_out	jmlrealisasi	double	double	24	medium	avg
m6_wo_out	customdbl1	double	double	24	medium	avg
m6_wo_out	customdbl2	double	double	24	medium	avg
m6_wo_out	customdbl3	double	double	24	medium	avg
m1_contact	kid	bigint	bigint	23	medium	sum,count,avg
m1_contact	ksalesman	bigint	bigint	23	medium	sum,count,avg
m1_contact	kbatashutang	double	double	23	medium	avg
m1_contact	kbagpembelian	bigint	bigint	23	medium	sum,count,avg
m1_contact	kbataspiutang	double	double	23	medium	avg
m1_contact	kbagpenjualan	bigint	bigint unsigned	23	medium	sum,count,avg
m1_contact	ktingkatjual	int	int unsigned	23	medium	sum,count,avg
m1_contact	kkomisipenjualan	double	double	23	medium	avg
m1_contact	kinputuser	bigint	bigint unsigned	23	medium	sum,count,avg
m1_contact	kmodifikasiuser	bigint	bigint unsigned	23	medium	sum,count,avg
m1_contact	kcustomint1	int	int	23	medium	sum,count,avg
m1_contact	kcustomint2	int	int	23	medium	sum,count,avg
m1_contact	kcustomint3	int	int	23	medium	sum,count,avg
m1_contact	kcustomdbl1	double	double	23	medium	avg
m1_contact	kcustomdbl2	double	double	23	medium	avg
m1_contact	kcustomdbl3	double	double	23	medium	avg
m1_contact	kdownloaded	int	int	23	medium	sum,count,avg
m1_contact	khargacustom	int	int	23	medium	sum,count,avg
m1_contact	kpajakcustom	int	int	23	medium	sum,count,avg
m5_dr_detail	iddrdetail	bigint	bigint	23	medium	sum,count,avg
m5_dr_detail	iddr	bigint	bigint	23	medium	sum,count,avg
m5_dr_detail	idbarang	bigint	bigint	23	medium	sum,count,avg
m5_dr_detail	jml	double	double	23	medium	avg
m5_dr_detail	jmlkembali	double	double	23	medium	avg
m5_dr_detail	nilaisatuan	double	double	23	medium	avg
m5_dr_detail	jmlbarang	double	double	23	medium	avg
m5_dr_detail	jmlbarangkembali	double	double	23	medium	avg
m5_dr_detail	kurs	double	double	23	medium	avg
m5_dr_detail	idhppkhususmasuk	bigint	bigint	23	medium	sum,count,avg
m5_dr_detail	idhppfifomasuk	bigint	bigint	23	medium	sum,count,avg
m5_dr_detail	harga	double	double	23	medium	avg
m5_dr_detail	hpp	double	double	23	medium	avg
m5_dr_detail	jmldiskon	double	double	23	medium	avg
m5_dr_detail	jmlpajak1	double	double	23	medium	avg
m5_dr_detail	jmlpajak2	double	double	23	medium	avg
m5_dr_detail	urutan	int	int	23	medium	sum,count,avg
m5_dr_detail	idsqdetail	bigint	bigint	23	medium	sum,count,avg
m5_dr_detail	idsodetail	bigint	bigint	23	medium	sum,count,avg
m5_dr_detail	idpidetail	bigint	bigint	23	medium	sum,count,avg
m5_dr_detail	idpldetail	bigint	bigint	23	medium	sum,count,avg
m5_dr_detail	iddodetail	bigint	bigint	23	medium	sum,count,avg
m5_dr_detail	jmlsi	double	double	23	medium	avg
m5_dr_detail	jmlrnr	double	double	23	medium	avg
m5_dr_detail	jmlsr	double	double	23	medium	avg
m5_dr_detail	jmlrealisasi	double	double	23	medium	avg
m5_dr_detail	customdbl1	double	double	23	medium	avg
m5_dr_detail	customdbl2	double	double	23	medium	avg
m5_dr_detail	customdbl3	double	double	23	medium	avg
m0_setting_grup	sgmodule	bigint	bigint	22	medium	sum,count,avg
m0_setting_grup	sgurutan	int	int	22	medium	sum,count,avg
m3_sp_history	spidhistory	int	int	22	medium	sum,count,avg
m3_sp_history	spid	bigint	bigint	22	medium	sum,count,avg
m3_sp_history	spkodepa	bigint	bigint	22	medium	sum,count,avg
m3_sp_history	spbagiansp	bigint	bigint	22	medium	sum,count,avg
m3_sp_history	spjmlrevisi	int	int	22	medium	sum,count,avg
m3_sp_history	spinputuser	bigint	bigint unsigned	22	medium	sum,count,avg
m3_sp_history	spmodifikasiuser	bigint	bigint unsigned	22	medium	sum,count,avg
m3_sp_history	spstepke	int	int	22	medium	sum,count,avg
m3_sp_history	spcustomint1	int	int	22	medium	sum,count,avg
m3_sp_history	spcustomint2	int	int	22	medium	sum,count,avg
m3_sp_history	spcustomint3	int	int	22	medium	sum,count,avg
m3_sp_history	spcustomdbl1	double	double	22	medium	avg
m3_sp_history	spcustomdbl2	double	double	22	medium	avg
m3_sp_history	spcustomdbl3	double	double	22	medium	avg
m4_prt_detail	idprtdetail	bigint	bigint	22	medium	sum,count,avg
m4_prt_detail	idprt	bigint	bigint unsigned	22	medium	sum,count,avg
m4_prt_detail	idbarang	bigint	bigint	22	medium	sum,count,avg
m4_prt_detail	jml	double	double	22	medium	avg
m4_prt_detail	nilaisatuan	double	double	22	medium	avg
m4_prt_detail	jmlbarang	double	double	22	medium	avg
m4_prt_detail	kurs	double	double	22	medium	avg
m4_prt_detail	idhppkhususmasuk	bigint	bigint	22	medium	sum,count,avg
m4_prt_detail	idhppfifomasuk	bigint	bigint	22	medium	sum,count,avg
m4_prt_detail	hpp	double	double	22	medium	avg
m4_prt_detail	harga	double	double	22	medium	avg
m4_prt_detail	jmldiskon	double	double	22	medium	avg
m4_prt_detail	jmlpajak1	double	double	22	medium	avg
m4_prt_detail	jmlpajak2	double	double	22	medium	avg
m4_prt_detail	urutan	int	int	22	medium	sum,count,avg
m4_prt_detail	idprdetail	bigint	bigint	22	medium	sum,count,avg
m4_prt_detail	idcsdetail	bigint	bigint	22	medium	sum,count,avg
m4_prt_detail	idrqdetail	bigint	bigint	22	medium	sum,count,avg
m4_prt_detail	idbsdetail	bigint	bigint	22	medium	sum,count,avg
m4_prt_detail	idpodetail	bigint	bigint	22	medium	sum,count,avg
m4_prt_detail	idipcdetail	bigint	bigint	22	medium	sum,count,avg
m4_prt_detail	idgrndetail	bigint	bigint	22	medium	sum,count,avg
m4_prt_detail	idridetail	bigint	bigint	22	medium	sum,count,avg
m4_prt_detail	iddnrdetail	bigint	bigint	22	medium	sum,count,avg
m4_prt_detail	customdbl1	double	double	22	medium	avg
m4_prt_detail	customdbl2	double	double	22	medium	avg
m4_prt_detail	customdbl3	double	double	22	medium	avg
m4_ri_pay	idricarabayar	bigint	bigint	22	medium	sum,count,avg
m4_ri_pay	idri	bigint	bigint	22	medium	sum,count,avg
m4_ri_pay	kurs	double	double	22	medium	avg
m4_ri_pay	jumlah	double	double	22	medium	avg
m4_ri_pay	jumlahvalas	double	double	22	medium	avg
m4_ri_pay	urutan	int	int	22	medium	sum,count,avg
m4_ri_pay	idtransaksi	bigint	bigint	22	medium	sum,count,avg
m4_ri_pay	terbayar	double	double	22	medium	avg
m5_pv	pvid	bigint	bigint	22	medium	sum,count,avg
m5_pv	pvkodepa	bigint	bigint	22	medium	sum,count,avg
m5_pv	pvcustomer	bigint	bigint	22	medium	sum,count,avg
m5_pv	pvbagianpenjualan	bigint	bigint	22	medium	sum,count,avg
m5_pv	pvbagianterima	bigint	bigint	22	medium	sum,count,avg
m5_pv	pvkurs	double	double	22	medium	avg
m5_pv	pvbayar	double	double	22	medium	avg
m5_pv	pvbayarvalas	double	double	22	medium	avg
m5_pv	pvselisihkurs	double	double	22	medium	avg
m5_pv	pvdiskontermin	double	double	22	medium	avg
m5_pv	pvdiskonterminvalas	double	double	22	medium	avg
m5_pv	pvidic	bigint	bigint	22	medium	sum,count,avg
m5_pv	pvjmlrevisi	int	int	22	medium	sum,count,avg
m5_pv	pvinputuser	bigint	bigint unsigned	22	medium	sum,count,avg
m5_pv	pvmodifikasiuser	bigint	bigint unsigned	22	medium	sum,count,avg
m5_pv	pvcustomint1	int	int	22	medium	sum,count,avg
m5_pv	pvcustomint2	int	int	22	medium	sum,count,avg
m5_pv	pvcustomint3	int	int	22	medium	sum,count,avg
m5_pv	pvcustomdbl1	double	double	22	medium	avg
m5_pv	pvcustomdbl2	double	double	22	medium	avg
m5_pv	pvcustomdbl3	double	double	22	medium	avg
m6_mrs_out	idmrsout	bigint	bigint	22	medium	sum,count,avg
m6_mrs_out	idmrs	bigint	bigint	22	medium	sum,count,avg
m6_mrs_out	idbarang	bigint	bigint	22	medium	sum,count,avg
m6_mrs_out	jml	double	double	22	medium	avg
m6_mrs_out	nilaisatuan	double	double	22	medium	avg
m6_mrs_out	jmlbarang	double	double	22	medium	avg
m6_mrs_out	kurs	double	double	22	medium	avg
m6_mrs_out	harga	double	double	22	medium	avg
m6_mrs_out	hpp	double	double	22	medium	avg
m6_mrs_out	idhppkhususmasuk	bigint	bigint	22	medium	sum,count,avg
m6_mrs_out	idhppfifomasuk	bigint	bigint	22	medium	sum,count,avg
m6_mrs_out	urutan	int	int	22	medium	sum,count,avg
m6_mrs_out	idbomout	bigint	bigint	22	medium	sum,count,avg
m6_mrs_out	idpdrout	bigint	bigint	22	medium	sum,count,avg
m6_mrs_out	idwoout	bigint	bigint	22	medium	sum,count,avg
m6_mrs_out	jmlmrn	double	double	22	medium	avg
m6_mrs_out	jmlpd	double	double	22	medium	avg
m6_mrs_out	jmlrealisasi	double	double	22	medium	avg
m6_mrs_out	customdbl1	double	double	22	medium	avg
m6_mrs_out	customdbl2	double	double	22	medium	avg
m6_mrs_out	customdbl3	double	double	22	medium	avg
m6_pd	pdid	bigint	bigint	22	medium	sum,count,avg
m6_pd	pdkodepa	bigint	bigint	22	medium	sum,count,avg
m6_pd	pdbagianpd	bigint	bigint	22	medium	sum,count,avg
m6_pd	pdkurs	double	double	22	medium	avg
m6_pd	pdidbom	bigint	bigint	22	medium	sum,count,avg
m6_pd	pdidpdr	bigint	bigint	22	medium	sum,count,avg
m6_pd	pdidwo	bigint	bigint	22	medium	sum,count,avg
m6_pd	pdidmrs	bigint	bigint	22	medium	sum,count,avg
m6_pd	pdidmrn	bigint	bigint	22	medium	sum,count,avg
m6_pd	pdjmlrevisi	int	int	22	medium	sum,count,avg
m6_pd	pdinputuser	bigint	bigint unsigned	22	medium	sum,count,avg
m6_pd	pdmodifikasiuser	bigint	bigint unsigned	22	medium	sum,count,avg
m6_pd	pdcustomint1	int	int	22	medium	sum,count,avg
m6_pd	pdcustomint2	int	int	22	medium	sum,count,avg
m6_pd	pdcustomint3	int	int	22	medium	sum,count,avg
m6_pd	pdcustomdbl1	double	double	22	medium	avg
m6_pd	pdcustomdbl2	double	double	22	medium	avg
m6_pd	pdcustomdbl3	double	double	22	medium	avg
m6_pd	pdaktivitas	bigint	bigint	22	medium	sum,count,avg
m6_pd_in	idpdin	bigint	bigint	22	medium	sum,count,avg
m6_pd_in	idpd	bigint	bigint	22	medium	sum,count,avg
m6_pd_in	idbarang	bigint	bigint	22	medium	sum,count,avg
m6_pd_in	jml	double	double	22	medium	avg
m6_pd_in	nilaisatuan	double	double	22	medium	avg
m6_pd_in	jmlbarang	double	double	22	medium	avg
m6_pd_in	kurs	double	double	22	medium	avg
m6_pd_in	harga	double	double	22	medium	avg
m6_pd_in	hpppersen	double	double	22	medium	avg
m6_pd_in	hpp	double	double	22	medium	avg
m6_pd_in	urutan	int	int	22	medium	sum,count,avg
m6_pd_in	idbomin	bigint	bigint	22	medium	sum,count,avg
m6_pd_in	idpdrin	bigint	bigint	22	medium	sum,count,avg
m6_pd_in	idwoin	bigint	bigint	22	medium	sum,count,avg
m6_pd_in	idmrsin	bigint	bigint	22	medium	sum,count,avg
m6_pd_in	idmrnin	bigint	bigint	22	medium	sum,count,avg
m6_pd_in	customdbl1	double	double	22	medium	avg
m6_pd_in	customdbl2	double	double	22	medium	avg
m6_pd_in	customdbl3	double	double	22	medium	avg
m8_indicator	igreater	int	int	22	medium	sum,count,avg
m8_indicator	iinputuser	bigint	bigint	22	medium	sum,count,avg
m8_indicator	imodifikasiuser	bigint	bigint	22	medium	sum,count,avg
m1_unit	unilai	double	double	21	medium	avg
m1_unit	uinputuser	bigint	bigint	21	medium	sum,count,avg
m1_unit	umodifikasiuser	bigint	bigint	21	medium	sum,count,avg
m4_vpp	vppid	bigint	bigint	21	medium	sum,count,avg
m4_vpp	vppkodepa	bigint	bigint	21	medium	sum,count,avg
m4_vpp	vppsupplier	bigint	bigint	21	medium	sum,count,avg
m4_vpp	vppbagianpembayaran	bigint	bigint	21	medium	sum,count,avg
m4_vpp	vppkurs	double	double	21	medium	avg
m4_vpp	vppbayar	double	double	21	medium	avg
m4_vpp	vppbayarvalas	double	double	21	medium	avg
m4_vpp	vppselisihkurs	double	double	21	medium	avg
m4_vpp	vppdiskontermin	double	double	21	medium	avg
m4_vpp	vppdiskonterminvalas	double	double	21	medium	avg
m4_vpp	vppjmlrevisi	int	int	21	medium	sum,count,avg
m4_vpp	vppinputuser	bigint	bigint unsigned	21	medium	sum,count,avg
m4_vpp	vppmodifikasiuser	bigint	bigint unsigned	21	medium	sum,count,avg
m4_vpp	vppcustomint1	int	int	21	medium	sum,count,avg
m4_vpp	vppcustomint2	int	int	21	medium	sum,count,avg
m4_vpp	vppcustomint3	int	int	21	medium	sum,count,avg
m4_vpp	vppcustomdbl1	double	double	21	medium	avg
m4_vpp	vppcustomdbl2	double	double	21	medium	avg
m4_vpp	vppcustomdbl3	double	double	21	medium	avg
m5_as_pay	idascarabayar	bigint	bigint	21	medium	sum,count,avg
m5_as_pay	idas	bigint	bigint	21	medium	sum,count,avg
m5_as_pay	kurs	double	double	21	medium	avg
m5_as_pay	jumlah	double	double	21	medium	avg
m5_as_pay	jumlahvalas	double	double	21	medium	avg
m5_as_pay	urutan	int	int	21	medium	sum,count,avg
m5_as_pay	idip	bigint	bigint	21	medium	sum,count,avg
m5_ic	icid	bigint	bigint	21	medium	sum,count,avg
m5_ic	ickodepa	bigint	bigint	21	medium	sum,count,avg
m5_ic	iccustomer	bigint	bigint	21	medium	sum,count,avg
m5_ic	icbagianpenjualan	bigint	bigint	21	medium	sum,count,avg
m5_ic	icbagianpenagihan	bigint	bigint	21	medium	sum,count,avg
m5_ic	ickurs	double	double	21	medium	avg
m5_ic	icjmltagih	double	double	21	medium	avg
m5_ic	icjmltagihvalas	double	double	21	medium	avg
m5_ic	icbayar	double	double	21	medium	avg
m5_ic	icbayarvalas	double	double	21	medium	avg
m5_ic	icselisihkurs	double	double	21	medium	avg
m5_ic	icdiskontermin	double	double	21	medium	avg
m5_ic	icdiskonterminvalas	double	double	21	medium	avg
m5_ic	icjmlrevisi	int	int	21	medium	sum,count,avg
m5_ic	icinputuser	bigint	bigint unsigned	21	medium	sum,count,avg
m5_ic	icmodifikasiuser	bigint	bigint unsigned	21	medium	sum,count,avg
m5_ic	iccustomint1	int	int	21	medium	sum,count,avg
m5_ic	iccustomint2	int	int	21	medium	sum,count,avg
m5_ic	iccustomint3	int	int	21	medium	sum,count,avg
m5_ic	iccustomdbl1	double	double	21	medium	avg
m5_ic	iccustomdbl2	double	double	21	medium	avg
m5_ic	iccustomdbl3	double	double	21	medium	avg
m5_pl_pack	idplpack	bigint	bigint	21	medium	sum,count,avg
m5_pl_pack	idpl	bigint	bigint	21	medium	sum,count,avg
m5_pl_pack	urutan	int	int	21	medium	sum,count,avg
m5_pl_pack	customdbl1	double	double	21	medium	avg
m5_pl_pack	customdbl2	double	double	21	medium	avg
m5_pl_pack	customdbl3	double	double	21	medium	avg
m0_userlogin	uluser	bigint	bigint	20	medium	sum,count,avg
m0_userlogin	ulaktif	int	int	20	medium	sum,count,avg
m4_prt	prtid	bigint	bigint	20	medium	sum,count,avg
m4_prt	prtkodepa	bigint	bigint	20	medium	sum,count,avg
m4_prt	prtsupplier	bigint	bigint	20	medium	sum,count,avg
m4_prt	prtbagianpembelian	bigint	bigint	20	medium	sum,count,avg
m4_prt	prtkurs	double	double	20	medium	avg
m4_prt	prtjmldiskon	double	double	20	medium	avg
m4_prt	prtbiayalain	double	double	20	medium	avg
m4_prt	prtsisatransaksi	double	double	20	medium	avg
m4_prt	prtjmlbayar	double	double	20	medium	avg
m4_prt	prtidpr	bigint	bigint	20	medium	sum,count,avg
m4_prt	prtidcs	bigint	bigint	20	medium	sum,count,avg
m4_prt	prtidrq	bigint	bigint	20	medium	sum,count,avg
m4_prt	prtidbs	bigint	bigint	20	medium	sum,count,avg
m4_prt	prtidpo	bigint	bigint	20	medium	sum,count,avg
m4_prt	prtidipc	bigint	bigint	20	medium	sum,count,avg
m4_prt	prtidgrn	bigint	bigint	20	medium	sum,count,avg
m4_prt	prtidri	bigint	bigint	20	medium	sum,count,avg
m4_prt	prtiddnr	bigint	bigint	20	medium	sum,count,avg
m4_prt	prtjmlrevisi	int	int	20	medium	sum,count,avg
m4_prt	prtinputuser	bigint	bigint unsigned	20	medium	sum,count,avg
m4_prt	prtmodifikasiuser	bigint	bigint unsigned	20	medium	sum,count,avg
m4_prt	prtcustomint1	int	int	20	medium	sum,count,avg
m4_prt	prtcustomint2	int	int	20	medium	sum,count,avg
m4_prt	prtcustomint3	int	int	20	medium	sum,count,avg
m4_prt	prtcustomdbl1	double	double	20	medium	avg
m4_prt	prtcustomdbl2	double	double	20	medium	avg
m4_prt	prtcustomdbl3	double	double	20	medium	avg
m4_vpp_pay	idvppcarabayar	bigint	bigint	20	medium	sum,count,avg
m4_vpp_pay	idvpp	bigint	bigint	20	medium	sum,count,avg
m4_vpp_pay	kurs	double	double	20	medium	avg
m4_vpp_pay	jumlah	double	double	20	medium	avg
m4_vpp_pay	jumlahvalas	double	double	20	medium	avg
m4_vpp_pay	urutan	int	int	20	medium	sum,count,avg
m4_vpp_pay	jmlvp	double	double	20	medium	avg
m4_vpp_pay	jmlvpvalas	double	double	20	medium	avg
m5_pi	piid	bigint	bigint	20	medium	sum,count,avg
m5_pi	pikodepa	bigint	bigint	20	medium	sum,count,avg
m5_pi	picustomer	bigint	bigint	20	medium	sum,count,avg
m5_pi	pibagianpenjualan	bigint	bigint	20	medium	sum,count,avg
m5_pi	pikurs	double	double	20	medium	avg
m5_pi	pijmldiskon	double	double	20	medium	avg
m5_pi	pibiayalain	double	double	20	medium	avg
m5_pi	pijmlbayar	double	double	20	medium	avg
m5_pi	piidsq	bigint	bigint	20	medium	sum,count,avg
m5_pi	piidso	bigint	bigint	20	medium	sum,count,avg
m5_pi	pijmlrevisi	int	int	20	medium	sum,count,avg
m5_pi	piinputuser	bigint	bigint unsigned	20	medium	sum,count,avg
m5_pi	pimodifikasiuser	bigint	bigint unsigned	20	medium	sum,count,avg
m5_pi	picustomint1	int	int	20	medium	sum,count,avg
m5_pi	picustomint2	int	int	20	medium	sum,count,avg
m5_pi	picustomint3	int	int	20	medium	sum,count,avg
m5_pi	picustomdbl1	double	double	20	medium	avg
m5_pi	picustomdbl2	double	double	20	medium	avg
m5_pi	picustomdbl3	double	double	20	medium	avg
m5_si_pay_history	idhistorycarabayar	bigint	bigint	20	medium	sum,count,avg
m5_si_pay_history	idhistory	bigint	bigint	20	medium	sum,count,avg
m5_si_pay_history	idsicarabayar	bigint	bigint	20	medium	sum,count,avg
m5_si_pay_history	idsi	bigint	bigint	20	medium	sum,count,avg
m5_si_pay_history	kurs	double	double	20	medium	avg
m5_si_pay_history	jumlah	double	double	20	medium	avg
m5_si_pay_history	jumlahvalas	double	double	20	medium	avg
m5_si_pay_history	urutan	int	int	20	medium	sum,count,avg
m5_si_pay_history	customint1	int	int	20	medium	sum,count,avg
m5_si_pay_history	customint2	int	int	20	medium	sum,count,avg
m5_si_pay_history	customint3	int	int	20	medium	sum,count,avg
m5_si_pay_history	customdbl1	double	double	20	medium	avg
m5_si_pay_history	customdbl2	double	double	20	medium	avg
m5_si_pay_history	customdbl3	double	double	20	medium	avg
m0_userlog_category	kode	bigint	bigint	19	medium	sum,count,avg
m2_cd_detail_history	idhistorydetail	int	int	19	medium	sum,count,avg
m2_cd_detail_history	idhistory	int	int	19	medium	sum,count,avg
m2_cd_detail_history	idcddetail	bigint	bigint	19	medium	sum,count,avg
m2_cd_detail_history	idcd	bigint	bigint	19	medium	sum,count,avg
m2_cd_detail_history	kurs	double	double	19	medium	avg
m2_cd_detail_history	jumlah	double	double	19	medium	avg
m2_cd_detail_history	jumlahvalas	double	double	19	medium	avg
m2_cd_detail_history	urutan	int	int	19	medium	sum,count,avg
m2_cd_detail_history	isclose	int	int	19	medium	sum,count,avg
m2_cd_detail_history	customdbl1	double	double	19	medium	avg
m2_cd_detail_history	customdbl2	double	double	19	medium	avg
m2_cd_detail_history	customdbl3	double	double	19	medium	avg
m2_cd_history	cdidhistory	int	int	19	medium	sum,count,avg
m2_cd_history	cdid	bigint	bigint	19	medium	sum,count,avg
m2_cd_history	cdkodepa	bigint	bigint	19	medium	sum,count,avg
m2_cd_history	cdkontak	bigint	bigint	19	medium	sum,count,avg
m2_cd_history	cdkurs	double	double	19	medium	avg
m2_cd_history	cdjumlah	double	double	19	medium	avg
m2_cd_history	cdjumlahvalas	double	double	19	medium	avg
m2_cd_history	cdjumlahbayar	double	double	19	medium	avg
m2_cd_history	cdjumlahbayarvalas	double	double	19	medium	avg
m2_cd_history	cdjmlrevisi	int	int	19	medium	sum,count,avg
m2_cd_history	cdisclose	int	int	19	medium	sum,count,avg
m2_cd_history	cdinputuser	bigint	bigint	19	medium	sum,count,avg
m2_cd_history	cdmodifikasiuser	bigint	bigint	19	medium	sum,count,avg
m2_cd_history	cdcustomint1	int	int	19	medium	sum,count,avg
m2_cd_history	cdcustomint2	int	int	19	medium	sum,count,avg
m2_cd_history	cdcustomint3	int	int	19	medium	sum,count,avg
m2_cd_history	cdcustomdbl1	double	double	19	medium	avg
m2_cd_history	cdcustomdbl2	double	double	19	medium	avg
m2_cd_history	cdcustomdbl3	double	double	19	medium	avg
m2_gj	gjid	bigint	bigint	19	medium	sum,count,avg
m2_gj	gjkodepa	bigint	bigint	19	medium	sum,count,avg
m2_gj	gjkontak	bigint	bigint	19	medium	sum,count,avg
m2_gj	gjkurs	double	double	19	medium	avg
m2_gj	gjdebit	double	double	19	medium	avg
m2_gj	gjdebitvalas	double	double	19	medium	avg
m2_gj	gjkredit	double	double	19	medium	avg
m2_gj	gjkreditvalas	double	double	19	medium	avg
m2_gj	gjjumlahbayar	double	double	19	medium	avg
m2_gj	gjjumlahbayarvalas	double	double	19	medium	avg
m2_gj	gjjmlrevisi	int	int	19	medium	sum,count,avg
m2_gj	gjisclose	int	int	19	medium	sum,count,avg
m2_gj	gjinputuser	bigint	bigint	19	medium	sum,count,avg
m2_gj	gjmodifikasiuser	bigint	bigint	19	medium	sum,count,avg
m2_gj	gjcustomint1	int	int	19	medium	sum,count,avg
m2_gj	gjcustomint2	int	int	19	medium	sum,count,avg
m2_gj	gjcustomint3	int	int	19	medium	sum,count,avg
m2_gj	gjcustomdbl1	double	double	19	medium	avg
m2_gj	gjcustomdbl2	double	double	19	medium	avg
m2_gj	gjcustomdbl3	double	double	19	medium	avg
m2_sm	smid	bigint	bigint	19	medium	sum,count,avg
m2_sm	smkodepa	bigint	bigint	19	medium	sum,count,avg
m2_sm	smkontak	bigint	bigint	19	medium	sum,count,avg
m2_sm	smkurs	double	double	19	medium	avg
m2_sm	smjumlah	double	double	19	medium	avg
m2_sm	smjumlahvalas	double	double	19	medium	avg
m2_sm	smjumlahbayar	double	double	19	medium	avg
m2_sm	smjumlahbayarvalas	double	double	19	medium	avg
m2_sm	smjmlrevisi	int	int	19	medium	sum,count,avg
m2_sm	smisclose	int	int	19	medium	sum,count,avg
m2_sm	sminputuser	bigint	bigint	19	medium	sum,count,avg
m2_sm	smmodifikasiuser	bigint	bigint	19	medium	sum,count,avg
m2_sm	smcustomint1	int	int	19	medium	sum,count,avg
m2_sm	smcustomint2	int	int	19	medium	sum,count,avg
m2_sm	smcustomint3	int	int	19	medium	sum,count,avg
m2_sm	smcustomdbl1	double	double	19	medium	avg
m2_sm	smcustomdbl2	double	double	19	medium	avg
m2_sm	smcustomdbl3	double	double	19	medium	avg
m2_sm_detail	idsmdetail	bigint	bigint	19	medium	sum,count,avg
m2_sm_detail	idsm	bigint	bigint	19	medium	sum,count,avg
m2_sm_detail	kurs	double	double	19	medium	avg
m2_sm_detail	jumlah	double	double	19	medium	avg
m2_sm_detail	jumlahvalas	double	double	19	medium	avg
m2_sm_detail	urutan	int	int	19	medium	sum,count,avg
m2_sm_detail	isclose	int	int	19	medium	sum,count,avg
m2_sm_detail	customdbl1	double	double	19	medium	avg
m2_sm_detail	customdbl2	double	double	19	medium	avg
m2_sm_detail	customdbl3	double	double	19	medium	avg
m4_pie_detail	idpiedetail	bigint	bigint	19	medium	sum,count,avg
m4_pie_detail	idpie	bigint	bigint	19	medium	sum,count,avg
m4_pie_detail	idtransaksi	bigint	bigint	19	medium	sum,count,avg
m4_pie_detail	urutan	int	int	19	medium	sum,count,avg
m4_pie_detail	customdbl1	double	double	19	medium	avg
m4_pie_detail	customdbl2	double	double	19	medium	avg
m4_pie_detail	customdbl3	double	double	19	medium	avg
m5_ip_pay	idipcarabayar	bigint	bigint	19	medium	sum,count,avg
m5_ip_pay	idip	bigint	bigint	19	medium	sum,count,avg
m5_ip_pay	kurs	double	double	19	medium	avg
m5_ip_pay	jumlah	double	double	19	medium	avg
m5_ip_pay	jumlahvalas	double	double	19	medium	avg
m5_ip_pay	urutan	int	int	19	medium	sum,count,avg
m5_pl_detail	idpldetail	bigint	bigint	19	medium	sum,count,avg
m5_pl_detail	idpl	bigint	bigint	19	medium	sum,count,avg
m5_pl_detail	idbarang	bigint	bigint	19	medium	sum,count,avg
m5_pl_detail	jml	double	double	19	medium	avg
m5_pl_detail	nilaisatuan	double	double	19	medium	avg
m5_pl_detail	jmlbarang	double	double	19	medium	avg
m5_pl_detail	kurs	double	double	19	medium	avg
m5_pl_detail	harga	double	double	19	medium	avg
m5_pl_detail	jmldiskon	double	double	19	medium	avg
m5_pl_detail	jmlpajak1	double	double	19	medium	avg
m5_pl_detail	jmlpajak2	double	double	19	medium	avg
m5_pl_detail	urutan	int	int	19	medium	sum,count,avg
m5_pl_detail	idsqdetail	bigint	bigint	19	medium	sum,count,avg
m5_pl_detail	idsodetail	bigint	bigint	19	medium	sum,count,avg
m5_pl_detail	idpidetail	bigint	bigint	19	medium	sum,count,avg
m5_pl_detail	jmldo	double	double	19	medium	avg
m5_pl_detail	jmldr	double	double	19	medium	avg
m5_pl_detail	jmlsi	double	double	19	medium	avg
m5_pl_detail	jmlrnr	double	double	19	medium	avg
m5_pl_detail	jmlsr	double	double	19	medium	avg
m5_pl_detail	jmlrealisasi	double	double	19	medium	avg
m5_pl_detail	customdbl1	double	double	19	medium	avg
m5_pl_detail	customdbl2	double	double	19	medium	avg
m5_pl_detail	customdbl3	double	double	19	medium	avg
m5_pv_history	pvidhistory	bigint	bigint	19	medium	sum,count,avg
m5_pv_history	pvid	bigint	bigint	19	medium	sum,count,avg
m5_pv_history	pvkodepa	bigint	bigint	19	medium	sum,count,avg
m5_pv_history	pvcustomer	bigint	bigint	19	medium	sum,count,avg
m5_pv_history	pvbagianpenjualan	bigint	bigint	19	medium	sum,count,avg
m5_pv_history	pvbagianterima	bigint	bigint	19	medium	sum,count,avg
m5_pv_history	pvkurs	double	double	19	medium	avg
m5_pv_history	pvbayar	double	double	19	medium	avg
m5_pv_history	pvbayarvalas	double	double	19	medium	avg
m5_pv_history	pvselisihkurs	double	double	19	medium	avg
m5_pv_history	pvdiskontermin	double	double	19	medium	avg
m5_pv_history	pvdiskonterminvalas	double	double	19	medium	avg
m5_pv_history	pvidic	bigint	bigint	19	medium	sum,count,avg
m5_pv_history	pvjmlrevisi	int	int	19	medium	sum,count,avg
m5_pv_history	pvinputuser	bigint	bigint unsigned	19	medium	sum,count,avg
m5_pv_history	pvmodifikasiuser	bigint	bigint unsigned	19	medium	sum,count,avg
m5_pv_history	pvcustomint1	int	int	19	medium	sum,count,avg
m5_pv_history	pvcustomint2	int	int	19	medium	sum,count,avg
m5_pv_history	pvcustomint3	int	int	19	medium	sum,count,avg
m5_pv_history	pvcustomdbl1	double	double	19	medium	avg
m5_pv_history	pvcustomdbl2	double	double	19	medium	avg
m5_pv_history	pvcustomdbl3	double	double	19	medium	avg
m5_sr_detail	idsrdetail	bigint	bigint	19	medium	sum,count,avg
m5_sr_detail	idsr	bigint	bigint unsigned	19	medium	sum,count,avg
m5_sr_detail	idbarang	bigint	bigint	19	medium	sum,count,avg
m5_sr_detail	jml	double	double	19	medium	avg
m5_sr_detail	nilaisatuan	double	double	19	medium	avg
m5_sr_detail	jmlbarang	double	double	19	medium	avg
m5_sr_detail	kurs	double	double	19	medium	avg
m5_sr_detail	idhppkhususkeluar	bigint	bigint	19	medium	sum,count,avg
m5_sr_detail	idhppfifokeluar	bigint	bigint	19	medium	sum,count,avg
m5_sr_detail	harga	double	double	19	medium	avg
m5_sr_detail	hpp	double	double	19	medium	avg
m5_sr_detail	jmldiskon	double	double	19	medium	avg
m5_sr_detail	jmlpajak1	double	double	19	medium	avg
m5_sr_detail	jmlpajak2	double	double	19	medium	avg
m5_sr_detail	urutan	int	int	19	medium	sum,count,avg
m5_sr_detail	idsqdetail	bigint	bigint	19	medium	sum,count,avg
m5_sr_detail	idsodetail	bigint	bigint	19	medium	sum,count,avg
m5_sr_detail	idpidetail	bigint	bigint	19	medium	sum,count,avg
m5_sr_detail	idpldetail	bigint	bigint	19	medium	sum,count,avg
m5_sr_detail	iddodetail	bigint	bigint	19	medium	sum,count,avg
m5_sr_detail	iddrdetail	bigint	bigint	19	medium	sum,count,avg
m5_sr_detail	idsidetail	bigint	bigint	19	medium	sum,count,avg
m5_sr_detail	idrnrdetail	bigint	bigint	19	medium	sum,count,avg
m5_sr_detail	customdbl1	double	double	19	medium	avg
m5_sr_detail	customdbl2	double	double	19	medium	avg
m5_sr_detail	customdbl3	double	double	19	medium	avg
m6_mrs_history	mrsidhistory	bigint	bigint	19	medium	sum,count,avg
m6_mrs_history	mrsid	bigint	bigint	19	medium	sum,count,avg
m6_mrs_history	mrskodepa	bigint	bigint	19	medium	sum,count,avg
m6_mrs_history	mrsbagianmrs	bigint	bigint	19	medium	sum,count,avg
m6_mrs_history	mrskurs	double	double	19	medium	avg
m6_mrs_history	mrsidbom	bigint	bigint	19	medium	sum,count,avg
m6_mrs_history	mrsidpdr	bigint	bigint	19	medium	sum,count,avg
m6_mrs_history	mrsidwo	bigint	bigint	19	medium	sum,count,avg
m6_mrs_history	mrsjmlrevisi	int	int	19	medium	sum,count,avg
m6_mrs_history	mrsinputuser	bigint	bigint unsigned	19	medium	sum,count,avg
m6_mrs_history	mrsmodifikasiuser	bigint	bigint unsigned	19	medium	sum,count,avg
m6_mrs_history	mrscustomint1	int	int	19	medium	sum,count,avg
m6_mrs_history	mrscustomint2	int	int	19	medium	sum,count,avg
m6_mrs_history	mrscustomint3	int	int	19	medium	sum,count,avg
m6_mrs_history	mrscustomdbl1	double	double	19	medium	avg
m6_mrs_history	mrscustomdbl2	double	double	19	medium	avg
m6_mrs_history	mrscustomdbl3	double	double	19	medium	avg
m6_mrs_history	mrsaktivitas	bigint	bigint	19	medium	sum,count,avg
m3_rs_detail	idrsdetail	bigint	bigint	18	medium	sum,count,avg
m3_rs_detail	idrs	bigint	bigint	18	medium	sum,count,avg
m3_rs_detail	idbarang	bigint	bigint	18	medium	sum,count,avg
m3_rs_detail	jml	double	double	18	medium	avg
m3_rs_detail	nilaisatuan	double	double	18	medium	avg
m3_rs_detail	jmlbarang	double	double	18	medium	avg
m3_rs_detail	urutan	int	int	18	medium	sum,count,avg
m3_rs_detail	idmrdetail	bigint	bigint	18	medium	sum,count,avg
m3_rs_detail	idtsdetail	bigint	bigint	18	medium	sum,count,avg
m3_rs_detail	customdbl1	double	double unsigned	18	medium	avg
m3_rs_detail	customdbl2	double	double	18	medium	avg
m3_rs_detail	customdbl3	double	double	18	medium	avg
m3_sa	said	bigint	bigint	18	medium	sum,count,avg
m3_sa	sakodepa	bigint	bigint	18	medium	sum,count,avg
m3_sa	sabagiansa	bigint	bigint	18	medium	sum,count,avg
m3_sa	saidsp	bigint	bigint	18	medium	sum,count,avg
m3_sa	sajmlrevisi	int	int	18	medium	sum,count,avg
m3_sa	sainputuser	bigint	bigint unsigned	18	medium	sum,count,avg
m3_sa	samodifikasiuser	bigint	bigint unsigned	18	medium	sum,count,avg
m3_sa	sacustomint1	int	int	18	medium	sum,count,avg
m3_sa	sacustomint2	int	int	18	medium	sum,count,avg
m3_sa	sacustomint3	int	int	18	medium	sum,count,avg
m3_sa	sacustomdbl1	double	double	18	medium	avg
m3_sa	sacustomdbl2	double	double	18	medium	avg
m3_sa	sacustomdbl3	double	double	18	medium	avg
m5_as	asid	bigint	bigint	18	medium	sum,count,avg
m5_as	askodepa	bigint	bigint	18	medium	sum,count,avg
m5_as	askontak	bigint	bigint	18	medium	sum,count,avg
m5_as	asbagianterima	bigint	bigint	18	medium	sum,count,avg
m5_as	asidso	bigint	bigint	18	medium	sum,count,avg
m5_as	asidip	bigint	bigint	18	medium	sum,count,avg
m5_as	askurs	double	double	18	medium	avg
m5_as	asjumlah	double	double	18	medium	avg
m5_as	asjumlahvalas	double	double	18	medium	avg
m5_as	asjumlahbayar	double	double	18	medium	avg
m5_as	asjumlahbayarvalas	double	double	18	medium	avg
m5_as	asjmlrevisi	int	int	18	medium	sum,count,avg
m5_as	asinputuser	bigint	bigint	18	medium	sum,count,avg
m5_as	asmodifikasiuser	bigint	bigint	18	medium	sum,count,avg
m5_as	asisclose	int	int	18	medium	sum,count,avg
m5_as	ascustomint1	int	int	18	medium	sum,count,avg
m5_as	ascustomint2	int	int	18	medium	sum,count,avg
m5_as	ascustomint3	int	int	18	medium	sum,count,avg
m5_as	ascustomdbl1	double	double	18	medium	avg
m5_as	ascustomdbl2	double	double	18	medium	avg
m5_as	ascustomdbl3	double	double	18	medium	avg
m5_ip_history	ipidhistory	bigint	bigint	18	medium	sum,count,avg
m5_ip_history	ipid	bigint	bigint	18	medium	sum,count,avg
m5_ip_history	ipkodepa	bigint	bigint	18	medium	sum,count,avg
m5_ip_history	ipkontak	bigint	bigint	18	medium	sum,count,avg
m5_ip_history	ipbagianterima	bigint	bigint	18	medium	sum,count,avg
m5_ip_history	ipidso	bigint	bigint	18	medium	sum,count,avg
m5_ip_history	ipkurs	double	double	18	medium	avg
m5_ip_history	ipjumlah	double	double	18	medium	avg
m5_ip_history	ipjumlahvalas	double	double	18	medium	avg
m5_ip_history	ipjumlahbayar	double	double	18	medium	avg
m5_ip_history	ipjumlahbayarvalas	double	double	18	medium	avg
m5_ip_history	ipjmlrevisi	int	int	18	medium	sum,count,avg
m5_ip_history	ipinputuser	bigint	bigint	18	medium	sum,count,avg
m5_ip_history	ipmodifikasiuser	bigint	bigint	18	medium	sum,count,avg
m5_ip_history	ipisclose	int	int	18	medium	sum,count,avg
m5_ip_history	ipcustomint1	int	int	18	medium	sum,count,avg
m5_ip_history	ipcustomint2	int	int	18	medium	sum,count,avg
m5_ip_history	ipcustomint3	int	int	18	medium	sum,count,avg
m5_ip_history	ipcustomdbl1	double	double	18	medium	avg
m5_ip_history	ipcustomdbl2	double	double	18	medium	avg
m5_ip_history	ipcustomdbl3	double	double	18	medium	avg
m5_ip_pay_history	idhistorycarabayar	bigint	bigint	18	medium	sum,count,avg
m5_ip_pay_history	idhistory	bigint	bigint	18	medium	sum,count,avg
m5_ip_pay_history	idipcarabayar	bigint	bigint	18	medium	sum,count,avg
m5_ip_pay_history	idip	bigint	bigint	18	medium	sum,count,avg
m5_ip_pay_history	kurs	double	double	18	medium	avg
m5_ip_pay_history	jumlah	double	double	18	medium	avg
m5_ip_pay_history	jumlahvalas	double	double	18	medium	avg
m5_ip_pay_history	urutan	int	int	18	medium	sum,count,avg
m5_sr	srid	bigint	bigint	18	medium	sum,count,avg
m5_sr	srkodepa	bigint	bigint	18	medium	sum,count,avg
m5_sr	srcustomer	bigint	bigint	18	medium	sum,count,avg
m5_sr	srbagianpenjualan	bigint	bigint	18	medium	sum,count,avg
m5_sr	srkurs	double	double	18	medium	avg
m5_sr	srjmldiskon	double	double	18	medium	avg
m5_sr	srbiayalain	double	double	18	medium	avg
m5_sr	srsisatransaksi	double	double	18	medium	avg
m5_sr	srjmlbayar	double	double	18	medium	avg
m5_sr	sridsq	bigint	bigint	18	medium	sum,count,avg
m5_sr	sridso	bigint	bigint	18	medium	sum,count,avg
m5_sr	sridpi	bigint	bigint	18	medium	sum,count,avg
m5_sr	sridpl	bigint	bigint	18	medium	sum,count,avg
m5_sr	sriddo	bigint	bigint	18	medium	sum,count,avg
m5_sr	sriddr	bigint	bigint	18	medium	sum,count,avg
m5_sr	sridsi	bigint	bigint	18	medium	sum,count,avg
m5_sr	sridrnr	bigint	bigint	18	medium	sum,count,avg
m5_sr	srjmlrevisi	int	int	18	medium	sum,count,avg
m5_sr	srinputuser	bigint	bigint unsigned	18	medium	sum,count,avg
m5_sr	srmodifikasiuser	bigint	bigint unsigned	18	medium	sum,count,avg
m5_sr	srcustomint1	int	int	18	medium	sum,count,avg
m5_sr	srcustomint2	int	int	18	medium	sum,count,avg
m5_sr	srcustomint3	int	int	18	medium	sum,count,avg
m5_sr	srcustomdbl1	double	double	18	medium	avg
m5_sr	srcustomdbl2	double	double	18	medium	avg
m5_sr	srcustomdbl3	double	double	18	medium	avg
m0_barcode_next	noberikutnya	double	double	17	medium	avg
m2r_mutasi_stok_custom	ccustomint1	int	int	17	medium	sum,count,avg
m2r_mutasi_stok_custom	ccustomint2	int	int	17	medium	sum,count,avg
m2r_mutasi_stok_custom	ccustomint3	int	int	17	medium	sum,count,avg
m2r_mutasi_stok_custom	ccustomint4	int	int	17	medium	sum,count,avg
m2r_mutasi_stok_custom	ccustomint5	int	int	17	medium	sum,count,avg
m2r_mutasi_stok_custom	ccustomdbl1	double	double	17	medium	avg
m2r_mutasi_stok_custom	ccustomdbl2	double	double	17	medium	avg
m2r_mutasi_stok_custom	ccustomdbl3	double	double	17	medium	avg
m2r_mutasi_stok_custom	ccustomdbl4	double	double	17	medium	avg
m2r_mutasi_stok_custom	ccustomdbl5	double	double	17	medium	avg
m4_rq	rqid	bigint	bigint	17	medium	sum,count,avg
m4_rq	rqkodepa	bigint	bigint	17	medium	sum,count,avg
m4_rq	rqsupplier	bigint	bigint	17	medium	sum,count,avg
m4_rq	rqbagianpembelian	bigint	bigint	17	medium	sum,count,avg
m4_rq	rqkurs	double	double	17	medium	avg
m4_rq	rqdiskon	double	double	17	medium	avg
m4_rq	rqbiayalain	double	double	17	medium	avg
m4_rq	rqidpr	bigint	bigint	17	medium	sum,count,avg
m4_rq	rqidcs	bigint	bigint	17	medium	sum,count,avg
m4_rq	rqjmlrevisi	int	int	17	medium	sum,count,avg
m4_rq	rqinputuser	bigint	bigint unsigned	17	medium	sum,count,avg
m4_rq	rqmodifikasiuser	bigint	bigint unsigned	17	medium	sum,count,avg
m4_rq	rqcustomint1	int	int	17	medium	sum,count,avg
m4_rq	rqcustomint2	int	int	17	medium	sum,count,avg
m4_rq	rqcustomint3	int	int	17	medium	sum,count,avg
m4_rq	rqcustomdbl1	double	double	17	medium	avg
m4_rq	rqcustomdbl2	double	double	17	medium	avg
m4_rq	rqcustomdbl3	double	double	17	medium	avg
m5_ip	ipid	bigint	bigint	17	medium	sum,count,avg
m5_ip	ipkodepa	bigint	bigint	17	medium	sum,count,avg
m5_ip	ipkontak	bigint	bigint	17	medium	sum,count,avg
m5_ip	ipbagianterima	bigint	bigint	17	medium	sum,count,avg
m5_ip	ipidso	bigint	bigint	17	medium	sum,count,avg
m5_ip	ipkurs	double	double	17	medium	avg
m5_ip	ipjumlah	double	double	17	medium	avg
m5_ip	ipjumlahvalas	double	double	17	medium	avg
m5_ip	ipjumlahbayar	double	double	17	medium	avg
m5_ip	ipjumlahbayarvalas	double	double	17	medium	avg
m5_ip	ipjmlrevisi	int	int	17	medium	sum,count,avg
m5_ip	ipinputuser	bigint	bigint	17	medium	sum,count,avg
m5_ip	ipmodifikasiuser	bigint	bigint	17	medium	sum,count,avg
m5_ip	ipisclose	int	int	17	medium	sum,count,avg
m5_ip	ipcustomint1	int	int	17	medium	sum,count,avg
m5_ip	ipcustomint2	int	int	17	medium	sum,count,avg
m5_ip	ipcustomint3	int	int	17	medium	sum,count,avg
m5_ip	ipcustomdbl1	double	double	17	medium	avg
m5_ip	ipcustomdbl2	double	double	17	medium	avg
m5_ip	ipcustomdbl3	double	double	17	medium	avg
m7_asset_category_tax	actmetode	bigint	bigint	17	medium	sum,count,avg
m7_asset_category_tax	actumur	double	double	17	medium	avg
m7_asset_category_tax	actpenyusutan	double	double	17	medium	avg
m7_asset_category_tax	actinputuser	int	int unsigned	17	medium	sum,count,avg
m7_asset_category_tax	actmodifikasiuser	int	int unsigned	17	medium	sum,count,avg
m7_asset_category_tax	actcustomint1	int	int	17	medium	sum,count,avg
m7_asset_category_tax	actcustomint2	int	int	17	medium	sum,count,avg
m7_asset_category_tax	actcustomint3	int	int	17	medium	sum,count,avg
m7_asset_category_tax	actcustomdbl1	double	double	17	medium	avg
m7_asset_category_tax	actcustomdbl2	double	double	17	medium	avg
m7_asset_category_tax	actcustomdbl3	double	double	17	medium	avg
m2_cb_detail_history	idhistorydetail	bigint	bigint	16	medium	sum,count,avg
m2_cb_detail_history	idhistory	bigint	bigint	16	medium	sum,count,avg
m2_cb_detail_history	idcbdetail	bigint	bigint	16	medium	sum,count,avg
m2_cb_detail_history	idcb	bigint	bigint	16	medium	sum,count,avg
m2_cb_detail_history	kurs	double	double	16	medium	avg
m2_cb_detail_history	debit	double	double	16	medium	avg
m2_cb_detail_history	debitvalas	double	double	16	medium	avg
m2_cb_detail_history	kredit	double	double	16	medium	avg
m2_cb_detail_history	kreditvalas	double	double	16	medium	avg
m2_cb_detail_history	urutan	int	int	16	medium	sum,count,avg
m2_cb_detail_history	isclose	int	int	16	medium	sum,count,avg
m2_cb_detail_history	customdbl1	double	double	16	medium	avg
m2_cb_detail_history	customdbl2	double	double	16	medium	avg
m2_cb_detail_history	customdbl3	double	double	16	medium	avg
m2_cb_history	cbidhistory	bigint	bigint	16	medium	sum,count,avg
m2_cb_history	cbid	bigint	bigint	16	medium	sum,count,avg
m2_cb_history	cbkodepa	bigint	bigint	16	medium	sum,count,avg
m2_cb_history	cbkontak	bigint	bigint	16	medium	sum,count,avg
m2_cb_history	cbkurs	double	double	16	medium	avg
m2_cb_history	cbdebit	double	double	16	medium	avg
m2_cb_history	cbdebitvalas	double	double	16	medium	avg
m2_cb_history	cbkredit	double	double	16	medium	avg
m2_cb_history	cbkreditvalas	double	double	16	medium	avg
m2_cb_history	cbjumlahbayar	double	double	16	medium	avg
m2_cb_history	cbjumlahbayarvalas	double	double	16	medium	avg
m2_cb_history	cbjmlrevisi	int	int	16	medium	sum,count,avg
m2_cb_history	cbisclose	int	int	16	medium	sum,count,avg
m2_cb_history	cbinputuser	bigint	bigint	16	medium	sum,count,avg
m2_cb_history	cbmodifikasiuser	bigint	bigint	16	medium	sum,count,avg
m2_cb_history	cbcustomint1	int	int	16	medium	sum,count,avg
m2_cb_history	cbcustomint2	int	int	16	medium	sum,count,avg
m2_cb_history	cbcustomint3	int	int	16	medium	sum,count,avg
m2_cb_history	cbcustomdbl1	double	double	16	medium	avg
m2_cb_history	cbcustomdbl2	double	double	16	medium	avg
m2_cb_history	cbcustomdbl3	double	double	16	medium	avg
m3_mr_detail	idmrdetail	bigint	bigint	16	medium	sum,count,avg
m3_mr_detail	idmr	bigint	bigint	16	medium	sum,count,avg
m3_mr_detail	idbarang	bigint	bigint	16	medium	sum,count,avg
m3_mr_detail	jml	double	double	16	medium	avg
m3_mr_detail	nilaisatuan	double	double	16	medium	avg
m3_mr_detail	jmlbarang	double	double	16	medium	avg
m3_mr_detail	kurs	double	double	16	medium	avg
m3_mr_detail	hargabeli	double	double	16	medium	avg
m3_mr_detail	hargajual	double	double	16	medium	avg
m3_mr_detail	stokterakhir	double	double	16	medium	avg
m3_mr_detail	urutan	int	int	16	medium	sum,count,avg
m3_mr_detail	jmlts	double	double	16	medium	avg
m3_mr_detail	jmlrs	double	double	16	medium	avg
m3_mr_detail	jmlrealisasi	double	double	16	medium	avg
m3_mr_detail	customdbl1	double	double	16	medium	avg
m3_mr_detail	customdbl2	double	double	16	medium	avg
m3_mr_detail	customdbl3	double	double	16	medium	avg
m3_ts_history	tsidhistory	int	int	16	medium	sum,count,avg
m3_ts_history	tsid	bigint	bigint	16	medium	sum,count,avg
m3_ts_history	tskodepa	bigint	bigint	16	medium	sum,count,avg
m3_ts_history	tsbagianmutasi	bigint	bigint	16	medium	sum,count,avg
m3_ts_history	tsidmr	bigint	bigint	16	medium	sum,count,avg
m3_ts_history	tsjmlrevisi	int	int	16	medium	sum,count,avg
m3_ts_history	tsinputuser	bigint	bigint unsigned	16	medium	sum,count,avg
m3_ts_history	tsmodifikasiuser	bigint	bigint unsigned	16	medium	sum,count,avg
m3_ts_history	tscustomint1	int	int	16	medium	sum,count,avg
m3_ts_history	tscustomint2	int	int	16	medium	sum,count,avg
m3_ts_history	tscustomint3	int	int	16	medium	sum,count,avg
m3_ts_history	tscustomdbl1	double	double	16	medium	avg
m3_ts_history	tscustomdbl2	double	double	16	medium	avg
m3_ts_history	tscustomdbl3	double	double	16	medium	avg
m6_wo	woid	bigint	bigint	16	medium	sum,count,avg
m6_wo	wokodepa	bigint	bigint	16	medium	sum,count,avg
m6_wo	wodimintaoleh	bigint	bigint	16	medium	sum,count,avg
m6_wo	womintake	bigint	bigint	16	medium	sum,count,avg
m6_wo	wokurs	double	double	16	medium	avg
m6_wo	woidbom	bigint	bigint	16	medium	sum,count,avg
m6_wo	woidpdr	bigint	bigint	16	medium	sum,count,avg
m6_wo	wojmlrevisi	int	int	16	medium	sum,count,avg
m6_wo	woinputuser	bigint	bigint unsigned	16	medium	sum,count,avg
m6_wo	womodifikasiuser	bigint	bigint unsigned	16	medium	sum,count,avg
m6_wo	wocustomint1	int	int	16	medium	sum,count,avg
m6_wo	wocustomint2	int	int	16	medium	sum,count,avg
m6_wo	wocustomint3	int	int	16	medium	sum,count,avg
m6_wo	wocustomdbl1	double	double	16	medium	avg
m6_wo	wocustomdbl2	double	double	16	medium	avg
m6_wo	wocustomdbl3	double	double	16	medium	avg
m6_wo	woaktivitas	bigint	bigint	16	medium	sum,count,avg
m6_wo_in	idwoin	bigint	bigint	16	medium	sum,count,avg
m6_wo_in	idwo	bigint	bigint	16	medium	sum,count,avg
m6_wo_in	idbarang	bigint	bigint	16	medium	sum,count,avg
m6_wo_in	jml	double	double	16	medium	avg
m6_wo_in	nilaisatuan	double	double	16	medium	avg
m6_wo_in	jmlbarang	double	double	16	medium	avg
m6_wo_in	kurs	double	double	16	medium	avg
m6_wo_in	harga	double	double	16	medium	avg
m6_wo_in	hpppersen	double	double	16	medium	avg
m6_wo_in	hpp	double	double	16	medium	avg
m6_wo_in	urutan	int	int	16	medium	sum,count,avg
m6_wo_in	idbomin	bigint	bigint	16	medium	sum,count,avg
m6_wo_in	idpdrin	bigint	bigint	16	medium	sum,count,avg
m6_wo_in	jmlmrs	double	double	16	medium	avg
m6_wo_in	jmlmrn	double	double	16	medium	avg
m6_wo_in	jmlpd	double	double	16	medium	avg
m6_wo_in	jmlrealisasi	double	double	16	medium	avg
m6_wo_in	customdbl1	double	double	16	medium	avg
m6_wo_in	customdbl2	double	double	16	medium	avg
m6_wo_in	customdbl3	double	double	16	medium	avg
m0_module	mid	bigint	bigint	15	medium	sum,count,avg
m0_module	murutan	bigint	bigint	15	medium	sum,count,avg
m0_status	kode	bigint	bigint	15	medium	sum,count,avg
m2_cd_detail	idcddetail	bigint	bigint	15	medium	sum,count,avg
m2_cd_detail	idcd	bigint	bigint	15	medium	sum,count,avg
m2_cd_detail	kurs	double	double	15	medium	avg
m2_cd_detail	jumlah	double	double	15	medium	avg
m2_cd_detail	jumlahvalas	double	double	15	medium	avg
m2_cd_detail	urutan	int	int	15	medium	sum,count,avg
m2_cd_detail	isclose	int	int	15	medium	sum,count,avg
m2_cd_detail	customdbl1	double	double	15	medium	avg
m2_cd_detail	customdbl2	double	double	15	medium	avg
m2_cd_detail	customdbl3	double	double	15	medium	avg
m2_rm	rmid	bigint	bigint	15	medium	sum,count,avg
m2_rm	rmkodepa	bigint	bigint	15	medium	sum,count,avg
m2_rm	rmkontak	bigint	bigint	15	medium	sum,count,avg
m2_rm	rmkurs	double	double	15	medium	avg
m2_rm	rmjumlah	double	double	15	medium	avg
m2_rm	rmjumlahvalas	double	double	15	medium	avg
m2_rm	rmjumlahbayar	double	double	15	medium	avg
m2_rm	rmjumlahbayarvalas	double	double	15	medium	avg
m2_rm	rmjmlrevisi	int	int	15	medium	sum,count,avg
m2_rm	rmisclose	int	int	15	medium	sum,count,avg
m2_rm	rminputuser	bigint	bigint	15	medium	sum,count,avg
m2_rm	rmmodifikasiuser	bigint	bigint	15	medium	sum,count,avg
m2_rm	rmcustomint1	int	int	15	medium	sum,count,avg
m2_rm	rmcustomint2	int	int	15	medium	sum,count,avg
m2_rm	rmcustomint3	int	int	15	medium	sum,count,avg
m2_rm	rmcustomdbl1	double	double	15	medium	avg
m2_rm	rmcustomdbl2	double	double	15	medium	avg
m2_rm	rmcustomdbl3	double	double	15	medium	avg
m2_rm_detail	idrmdetail	bigint	bigint	15	medium	sum,count,avg
m2_rm_detail	idrm	bigint	bigint	15	medium	sum,count,avg
m2_rm_detail	kurs	double	double	15	medium	avg
m2_rm_detail	jumlah	double	double	15	medium	avg
m2_rm_detail	jumlahvalas	double	double	15	medium	avg
m2_rm_detail	urutan	int	int	15	medium	sum,count,avg
m2_rm_detail	isclose	int	int	15	medium	sum,count,avg
m2_rm_detail	customdbl1	double	double	15	medium	avg
m2_rm_detail	customdbl2	double	double	15	medium	avg
m2_rm_detail	customdbl3	double	double	15	medium	avg
m3_pa_detail	idpadetail	bigint	bigint	15	medium	sum,count,avg
m3_pa_detail	idpa	bigint	bigint	15	medium	sum,count,avg
m3_pa_detail	idbarang	bigint	bigint	15	medium	sum,count,avg
m3_pa_detail	nilaisatuan	double	double	15	medium	avg
m3_pa_detail	kontak	bigint	bigint	15	medium	sum,count,avg
m3_pa_detail	kurs	double	double	15	medium	avg
m3_pa_detail	hargajual1lama	double	double	15	medium	avg
m3_pa_detail	hargajual2lama	double	double	15	medium	avg
m3_pa_detail	hargajual3lama	double	double	15	medium	avg
m3_pa_detail	hargajual4lama	double	double	15	medium	avg
m3_pa_detail	hargajual5lama	double	double	15	medium	avg
m3_pa_detail	hargajual1	double	double	15	medium	avg
m3_pa_detail	hargajual2	double	double	15	medium	avg
m3_pa_detail	hargajual3	double	double	15	medium	avg
m3_pa_detail	hargajual4	double	double	15	medium	avg
m3_pa_detail	hargajual5	double	double	15	medium	avg
m3_pa_detail	urutan	int	int	15	medium	sum,count,avg
m3_pa_detail	statusberlaku	int	int	15	medium	sum,count,avg
m3_pa_detail	customdbl1	double	double	15	medium	avg
m3_pa_detail	customdbl2	double	double	15	medium	avg
m3_pa_detail	customdbl3	double	double	15	medium	avg
m3_pa_detail	hargajual6lama	double	double	15	medium	avg
m3_pa_detail	hargajual7lama	double	double	15	medium	avg
m3_pa_detail	hargajual8lama	double	double	15	medium	avg
m3_pa_detail	hargajual9lama	double	double	15	medium	avg
m3_pa_detail	hargajual10lama	double	double	15	medium	avg
m3_pa_detail	hargajual6	double	double	15	medium	avg
m3_pa_detail	hargajual7	double	double	15	medium	avg
m3_pa_detail	hargajual8	double	double	15	medium	avg
m3_pa_detail	hargajual9	double	double	15	medium	avg
m3_pa_detail	hargajual10	double	double	15	medium	avg
m6_pdr_out	idpdrout	bigint	bigint	15	medium	sum,count,avg
m6_pdr_out	idpdr	bigint	bigint	15	medium	sum,count,avg
m6_pdr_out	idbarang	bigint	bigint	15	medium	sum,count,avg
m6_pdr_out	jml	double	double	15	medium	avg
m6_pdr_out	nilaisatuan	double	double	15	medium	avg
m6_pdr_out	jmlbarang	double	double	15	medium	avg
m6_pdr_out	kurs	double	double	15	medium	avg
m6_pdr_out	harga	double	double	15	medium	avg
m6_pdr_out	hpp	double	double	15	medium	avg
m6_pdr_out	idhppkhususmasuk	bigint	bigint	15	medium	sum,count,avg
m6_pdr_out	idhppfifomasuk	bigint	bigint	15	medium	sum,count,avg
m6_pdr_out	urutan	int	int	15	medium	sum,count,avg
m6_pdr_out	idbomout	bigint	bigint	15	medium	sum,count,avg
m6_pdr_out	jmlwo	double	double	15	medium	avg
m6_pdr_out	jmlmrs	double	double	15	medium	avg
m6_pdr_out	jmlmrn	double	double	15	medium	avg
m6_pdr_out	jmlpd	double	double	15	medium	avg
m6_pdr_out	jmlrealisasi	double	double	15	medium	avg
m6_pdr_out	customdbl1	double	double	15	medium	avg
m6_pdr_out	customdbl2	double	double	15	medium	avg
m6_pdr_out	customdbl3	double	double	15	medium	avg
m0_group_rq	tahun	bigint	bigint	14	medium	sum,count,avg
m0_group_rq	noberikutnya	double	double	14	medium	avg
m1_coa_history	cidhistory	bigint	bigint	14	medium	sum,count,avg
m1_coa_history	cid	bigint	bigint	14	medium	sum,count,avg
m1_coa_history	ctipe	int	int unsigned	14	medium	sum,count,avg
m1_coa_history	ckategori	int	int	14	medium	sum,count,avg
m1_coa_history	curutan	int	int unsigned	14	medium	sum,count,avg
m1_coa_history	clevel	int	int unsigned	14	medium	sum,count,avg
m1_coa_history	cinputuser	bigint	bigint unsigned	14	medium	sum,count,avg
m1_coa_history	cmodifikasiuser	bigint	bigint unsigned	14	medium	sum,count,avg
m1_coa_history	ccustomint1	int	int	14	medium	sum,count,avg
m1_coa_history	ccustomint2	int	int	14	medium	sum,count,avg
m1_coa_history	ccustomint3	int	int	14	medium	sum,count,avg
m1_coa_history	ccustomint4	int	int	14	medium	sum,count,avg
m1_coa_history	ccustomint5	int	int	14	medium	sum,count,avg
m1_coa_history	ccustomint6	int	int	14	medium	sum,count,avg
m1_coa_history	ccustomint7	int	int	14	medium	sum,count,avg
m1_coa_history	ccustomint8	int	int	14	medium	sum,count,avg
m1_coa_history	ccustomint9	int	int	14	medium	sum,count,avg
m1_coa_history	ccustomint10	int	int	14	medium	sum,count,avg
m1_coa_history	ccustomdbl1	double	double	14	medium	avg
m1_coa_history	ccustomdbl2	double	double	14	medium	avg
m1_coa_history	ccustomdbl3	double	double	14	medium	avg
m1_coa_history	ccustomdbl4	double	double	14	medium	avg
m1_coa_history	ccustomdbl5	double	double	14	medium	avg
m1_coa_history	ccustomdbl6	double	double	14	medium	avg
m1_coa_history	ccustomdbl7	double	double	14	medium	avg
m1_coa_history	ccustomdbl8	double	double	14	medium	avg
m1_coa_history	ccustomdbl9	double	double	14	medium	avg
m1_coa_history	ccustomdbl10	double	double	14	medium	avg
m1_terms_history	tridhistory	bigint	bigint	14	medium	sum,count,avg
m1_terms_history	trdiskon1	double	double	14	medium	avg
m1_terms_history	trharidiskon1	int	int	14	medium	sum,count,avg
m1_terms_history	trdiskon2	double	double	14	medium	avg
m1_terms_history	trharidiskon2	int	int	14	medium	sum,count,avg
m1_terms_history	trdenda	double	double	14	medium	avg
m1_terms_history	trharijatuhtempo	int	int	14	medium	sum,count,avg
m1_terms_history	trinputuser	bigint	bigint	14	medium	sum,count,avg
m1_terms_history	trmodifikasiuser	bigint	bigint	14	medium	sum,count,avg
m4_rq_history	rqidhistory	bigint	bigint	14	medium	sum,count,avg
m4_rq_history	rqid	bigint	bigint	14	medium	sum,count,avg
m4_rq_history	rqkodepa	bigint	bigint	14	medium	sum,count,avg
m4_rq_history	rqsupplier	bigint	bigint	14	medium	sum,count,avg
m4_rq_history	rqbagianpembelian	bigint	bigint	14	medium	sum,count,avg
m4_rq_history	rqkurs	double	double	14	medium	avg
m4_rq_history	rqdiskon	double	double	14	medium	avg
m4_rq_history	rqbiayalain	double	double	14	medium	avg
m4_rq_history	rqidpr	bigint	bigint	14	medium	sum,count,avg
m4_rq_history	rqidcs	bigint	bigint	14	medium	sum,count,avg
m4_rq_history	rqjmlrevisi	int	int	14	medium	sum,count,avg
m4_rq_history	rqinputuser	bigint	bigint unsigned	14	medium	sum,count,avg
m4_rq_history	rqmodifikasiuser	bigint	bigint unsigned	14	medium	sum,count,avg
m4_rq_history	rqcustomint1	int	int	14	medium	sum,count,avg
m4_rq_history	rqcustomint2	int	int	14	medium	sum,count,avg
m4_rq_history	rqcustomint3	int	int	14	medium	sum,count,avg
m4_rq_history	rqcustomdbl1	double	double	14	medium	avg
m4_rq_history	rqcustomdbl2	double	double	14	medium	avg
m4_rq_history	rqcustomdbl3	double	double	14	medium	avg
m5_dr	drid	bigint	bigint	14	medium	sum,count,avg
m5_dr	drkodepa	bigint	bigint	14	medium	sum,count,avg
m5_dr	drcustomer	bigint	bigint	14	medium	sum,count,avg
m5_dr	drbagianpenjualan	bigint	bigint	14	medium	sum,count,avg
m5_dr	drbagianpengiriman	bigint	bigint	14	medium	sum,count,avg
m5_dr	drkurs	double	double	14	medium	avg
m5_dr	drjmldiskon	double	double	14	medium	avg
m5_dr	drbiayalain	double	double	14	medium	avg
m5_dr	dridsq	bigint	bigint	14	medium	sum,count,avg
m5_dr	dridso	bigint	bigint	14	medium	sum,count,avg
m5_dr	dridpi	bigint	bigint	14	medium	sum,count,avg
m5_dr	dridpl	bigint	bigint	14	medium	sum,count,avg
m5_dr	driddo	bigint	bigint	14	medium	sum,count,avg
m5_dr	drjmlrevisi	int	int	14	medium	sum,count,avg
m5_dr	drinputuser	bigint	bigint unsigned	14	medium	sum,count,avg
m5_dr	drmodifikasiuser	bigint	bigint unsigned	14	medium	sum,count,avg
m5_dr	drcustomint1	int	int	14	medium	sum,count,avg
m5_dr	drcustomint2	int	int	14	medium	sum,count,avg
m5_dr	drcustomint3	int	int	14	medium	sum,count,avg
m5_dr	drcustomdbl1	double	double	14	medium	avg
m5_dr	drcustomdbl2	double	double	14	medium	avg
m5_dr	drcustomdbl3	double	double	14	medium	avg
m6_mrs	mrsid	bigint	bigint	14	medium	sum,count,avg
m6_mrs	mrskodepa	bigint	bigint	14	medium	sum,count,avg
m6_mrs	mrsbagianmrs	bigint	bigint	14	medium	sum,count,avg
m6_mrs	mrskurs	double	double	14	medium	avg
m6_mrs	mrsidbom	bigint	bigint	14	medium	sum,count,avg
m6_mrs	mrsidpdr	bigint	bigint	14	medium	sum,count,avg
m6_mrs	mrsidwo	bigint	bigint	14	medium	sum,count,avg
m6_mrs	mrsjmlrevisi	int	int	14	medium	sum,count,avg
m6_mrs	mrsinputuser	bigint	bigint unsigned	14	medium	sum,count,avg
m6_mrs	mrsmodifikasiuser	bigint	bigint unsigned	14	medium	sum,count,avg
m6_mrs	mrscustomint1	int	int	14	medium	sum,count,avg
m6_mrs	mrscustomint2	int	int	14	medium	sum,count,avg
m6_mrs	mrscustomint3	int	int	14	medium	sum,count,avg
m6_mrs	mrscustomdbl1	double	double	14	medium	avg
m6_mrs	mrscustomdbl2	double	double	14	medium	avg
m6_mrs	mrscustomdbl3	double	double	14	medium	avg
m6_mrs	mrsaktivitas	bigint	bigint	14	medium	sum,count,avg
m7_da_detail	iddadetail	bigint	bigint	14	medium	sum,count,avg
m7_da_detail	idda	bigint	bigint	14	medium	sum,count,avg
m7_da_detail	idaset	bigint	bigint	14	medium	sum,count,avg
m7_da_detail	penyusutanke	int	int unsigned	14	medium	sum,count,avg
m7_da_detail	kurs	double	double	14	medium	avg
m7_da_detail	nilaipenyusutan	double	double	14	medium	avg
m7_da_detail	nilaibukusebelumnya	double	double	14	medium	avg
m7_da_detail	urutan	int	int	14	medium	sum,count,avg
m7_da_detail	customdbl1	double	double	14	medium	avg
m7_da_detail	customdbl2	double	double	14	medium	avg
m7_da_detail	customdbl3	double	double	14	medium	avg
m2_cb_pay_history	idcarabayarhistory	bigint	bigint	13	medium	sum,count,avg
m2_cb_pay_history	idhistory	bigint	bigint	13	medium	sum,count,avg
m2_cb_pay_history	idcbcarabayar	bigint	bigint	13	medium	sum,count,avg
m2_cb_pay_history	idcb	bigint	bigint	13	medium	sum,count,avg
m2_cb_pay_history	kurs	double	double	13	medium	avg
m2_cb_pay_history	jumlah	double	double	13	medium	avg
m2_cb_pay_history	jumlahvalas	double	double	13	medium	avg
m2_cb_pay_history	urutan	int	int	13	medium	sum,count,avg
m2_cd	cdid	bigint	bigint	13	medium	sum,count,avg
m2_cd	cdkodepa	bigint	bigint	13	medium	sum,count,avg
m2_cd	cdkontak	bigint	bigint	13	medium	sum,count,avg
m2_cd	cdkurs	double	double	13	medium	avg
m2_cd	cdjumlah	double	double	13	medium	avg
m2_cd	cdjumlahvalas	double	double	13	medium	avg
m2_cd	cdjumlahbayar	double	double	13	medium	avg
m2_cd	cdjumlahbayarvalas	double	double	13	medium	avg
m2_cd	cdjmlrevisi	int	int	13	medium	sum,count,avg
m2_cd	cdisclose	int	int	13	medium	sum,count,avg
m2_cd	cdinputuser	bigint	bigint	13	medium	sum,count,avg
m2_cd	cdmodifikasiuser	bigint	bigint	13	medium	sum,count,avg
m2_cd	cdcustomint1	int	int	13	medium	sum,count,avg
m2_cd	cdcustomint2	int	int	13	medium	sum,count,avg
m2_cd	cdcustomint3	int	int	13	medium	sum,count,avg
m2_cd	cdcustomdbl1	double	double	13	medium	avg
m2_cd	cdcustomdbl2	double	double	13	medium	avg
m2_cd	cdcustomdbl3	double	double	13	medium	avg
m3_sa_detail_history	idhistorydetail	int	int	13	medium	sum,count,avg
m3_sa_detail_history	idhistory	int	int	13	medium	sum,count,avg
m3_sa_detail_history	idsadetail	bigint	bigint	13	medium	sum,count,avg
m3_sa_detail_history	idsa	bigint	bigint	13	medium	sum,count,avg
m3_sa_detail_history	idbarang	bigint	bigint	13	medium	sum,count,avg
m3_sa_detail_history	jmlmasuk	double	double	13	medium	avg
m3_sa_detail_history	jmlkeluar	double	double	13	medium	avg
m3_sa_detail_history	nilaisatuan	double	double	13	medium	avg
m3_sa_detail_history	jmlbarangmasuk	double	double	13	medium	avg
m3_sa_detail_history	jmlbarangkeluar	double	double	13	medium	avg
m3_sa_detail_history	idhppkhususmasuk	bigint	bigint	13	medium	sum,count,avg
m3_sa_detail_history	hpplama	double	double	13	medium	avg
m3_sa_detail_history	hpp	double	double	13	medium	avg
m3_sa_detail_history	idspdetail	bigint	bigint	13	medium	sum,count,avg
m3_sa_detail_history	urutan	int	int	13	medium	sum,count,avg
m3_sa_detail_history	customdbl1	double	double	13	medium	avg
m3_sa_detail_history	customdbl2	double	double	13	medium	avg
m3_sa_detail_history	customdbl3	double	double	13	medium	avg
m3_sa_history	saidhistory	int	int	13	medium	sum,count,avg
m3_sa_history	said	bigint	bigint	13	medium	sum,count,avg
m3_sa_history	sakodepa	bigint	bigint	13	medium	sum,count,avg
m3_sa_history	sabagiansa	bigint	bigint	13	medium	sum,count,avg
m3_sa_history	saidsp	bigint	bigint	13	medium	sum,count,avg
m3_sa_history	sajmlrevisi	int	int	13	medium	sum,count,avg
m3_sa_history	sainputuser	bigint	bigint unsigned	13	medium	sum,count,avg
m3_sa_history	samodifikasiuser	bigint	bigint unsigned	13	medium	sum,count,avg
m3_sa_history	sacustomint1	int	int	13	medium	sum,count,avg
m3_sa_history	sacustomint2	int	int	13	medium	sum,count,avg
m3_sa_history	sacustomint3	int	int	13	medium	sum,count,avg
m3_sa_history	sacustomdbl1	double	double	13	medium	avg
m3_sa_history	sacustomdbl2	double	double	13	medium	avg
m3_sa_history	sacustomdbl3	double	double	13	medium	avg
m5_as_pay_history	idhistorycarabayar	bigint	bigint	13	medium	sum,count,avg
m5_as_pay_history	idhistory	bigint	bigint	13	medium	sum,count,avg
m5_as_pay_history	idascarabayar	bigint	bigint	13	medium	sum,count,avg
m5_as_pay_history	idas	bigint	bigint	13	medium	sum,count,avg
m5_as_pay_history	kurs	double	double	13	medium	avg
m5_as_pay_history	jumlah	double	double	13	medium	avg
m5_as_pay_history	jumlahvalas	double	double	13	medium	avg
m5_as_pay_history	urutan	int	int	13	medium	sum,count,avg
m5_as_pay_history	idip	bigint	bigint	13	medium	sum,count,avg
m0_userlogin_copy	uluser	bigint	bigint	12	medium	sum,count,avg
m0_userlogin_copy	ulaktif	int	int	12	medium	sum,count,avg
m1_item_category	icinputuser	bigint	bigint unsigned	12	medium	sum,count,avg
m1_item_category	icmodifikasiuser	bigint	bigint unsigned	12	medium	sum,count,avg
m1_item_category	iccustomint1	int	int	12	medium	sum,count,avg
m1_item_category	iccustomint2	int	int	12	medium	sum,count,avg
m1_item_category	iccustomint3	int	int	12	medium	sum,count,avg
m1_item_category	iccustomdbl1	double	double	12	medium	avg
m1_item_category	iccustomdbl2	double	double	12	medium	avg
m1_item_category	iccustomdbl3	double	double	12	medium	avg
m2_sm_detail_history	idhistorydetail	int	int	12	medium	sum,count,avg
m2_sm_detail_history	idhistory	int	int	12	medium	sum,count,avg
m2_sm_detail_history	idsmdetail	bigint	bigint	12	medium	sum,count,avg
m2_sm_detail_history	idsm	bigint	bigint	12	medium	sum,count,avg
m2_sm_detail_history	kurs	double	double	12	medium	avg
m2_sm_detail_history	jumlah	double	double	12	medium	avg
m2_sm_detail_history	jumlahvalas	double	double	12	medium	avg
m2_sm_detail_history	urutan	int	int	12	medium	sum,count,avg
m2_sm_detail_history	isclose	int	int	12	medium	sum,count,avg
m2_sm_detail_history	customdbl1	double	double	12	medium	avg
m2_sm_detail_history	customdbl2	double	double	12	medium	avg
m2_sm_detail_history	customdbl3	double	double	12	medium	avg
m2_sm_history	smidhistory	int	int	12	medium	sum,count,avg
m2_sm_history	smid	bigint	bigint	12	medium	sum,count,avg
m2_sm_history	smkodepa	bigint	bigint	12	medium	sum,count,avg
m2_sm_history	smkontak	bigint	bigint	12	medium	sum,count,avg
m2_sm_history	smkurs	double	double	12	medium	avg
m2_sm_history	smjumlah	double	double	12	medium	avg
m2_sm_history	smjumlahvalas	double	double	12	medium	avg
m2_sm_history	smjumlahbayar	double	double	12	medium	avg
m2_sm_history	smjumlahbayarvalas	double	double	12	medium	avg
m2_sm_history	smjmlrevisi	int	int	12	medium	sum,count,avg
m2_sm_history	smisclose	int	int	12	medium	sum,count,avg
m2_sm_history	sminputuser	bigint	bigint	12	medium	sum,count,avg
m2_sm_history	smmodifikasiuser	bigint	bigint	12	medium	sum,count,avg
m2_sm_history	smcustomint1	int	int	12	medium	sum,count,avg
m2_sm_history	smcustomint2	int	int	12	medium	sum,count,avg
m2_sm_history	smcustomint3	int	int	12	medium	sum,count,avg
m2_sm_history	smcustomdbl1	double	double	12	medium	avg
m2_sm_history	smcustomdbl2	double	double	12	medium	avg
m2_sm_history	smcustomdbl3	double	double	12	medium	avg
m3_mr_detail_history	idhistorydetail	int	int	12	medium	sum,count,avg
m3_mr_detail_history	idhistory	int	int	12	medium	sum,count,avg
m3_mr_detail_history	idmrdetail	bigint	bigint	12	medium	sum,count,avg
m3_mr_detail_history	idmr	bigint	bigint	12	medium	sum,count,avg
m3_mr_detail_history	idbarang	bigint	bigint	12	medium	sum,count,avg
m3_mr_detail_history	jml	double	double	12	medium	avg
m3_mr_detail_history	nilaisatuan	double	double	12	medium	avg
m3_mr_detail_history	jmlbarang	double	double	12	medium	avg
m3_mr_detail_history	kurs	double	double	12	medium	avg
m3_mr_detail_history	hargabeli	double	double	12	medium	avg
m3_mr_detail_history	hargajual	double	double	12	medium	avg
m3_mr_detail_history	stokterakhir	double	double	12	medium	avg
m3_mr_detail_history	urutan	int	int	12	medium	sum,count,avg
m3_mr_detail_history	jmlts	double	double	12	medium	avg
m3_mr_detail_history	jmlrs	double	double	12	medium	avg
m3_mr_detail_history	jmlrealisasi	double	double	12	medium	avg
m3_mr_detail_history	customdbl1	double	double	12	medium	avg
m3_mr_detail_history	customdbl2	double	double	12	medium	avg
m3_mr_detail_history	customdbl3	double	double	12	medium	avg
m6_bom	bomid	bigint	bigint	12	medium	sum,count,avg
m6_bom	bomkodepa	bigint	bigint	12	medium	sum,count,avg
m6_bom	bompembuat	bigint	bigint	12	medium	sum,count,avg
m6_bom	bomkurs	double	double	12	medium	avg
m6_bom	bomjmlrevisi	int	int	12	medium	sum,count,avg
m6_bom	bominputuser	bigint	bigint unsigned	12	medium	sum,count,avg
m6_bom	bommodifikasiuser	bigint	bigint unsigned	12	medium	sum,count,avg
m6_bom	bomcustomint1	int	int	12	medium	sum,count,avg
m6_bom	bomcustomint2	int	int	12	medium	sum,count,avg
m6_bom	bomcustomint3	int	int	12	medium	sum,count,avg
m6_bom	bomcustomdbl1	double	double	12	medium	avg
m6_bom	bomcustomdbl2	double	double	12	medium	avg
m6_bom	bomcustomdbl3	double	double	12	medium	avg
m6_bom	bomaktivitas	bigint	bigint	12	medium	sum,count,avg
m6_bom_in	idbomin	bigint	bigint	12	medium	sum,count,avg
m6_bom_in	idbom	bigint	bigint	12	medium	sum,count,avg
m6_bom_in	idbarang	bigint	bigint	12	medium	sum,count,avg
m6_bom_in	jml	double	double	12	medium	avg
m6_bom_in	nilaisatuan	double	double	12	medium	avg
m6_bom_in	jmlbarang	double	double	12	medium	avg
m6_bom_in	kurs	double	double	12	medium	avg
m6_bom_in	harga	double	double	12	medium	avg
m6_bom_in	hpppersen	double	double	12	medium	avg
m6_bom_in	hpp	double	double	12	medium	avg
m6_bom_in	urutan	int	int	12	medium	sum,count,avg
m6_bom_in	customdbl1	double	double	12	medium	avg
m6_bom_in	customdbl2	double	double	12	medium	avg
m6_bom_in	customdbl3	double	double	12	medium	avg
languages	Id	int	int	11	medium	sum,count,avg
m1_area_history	aidhistory	bigint	bigint	11	medium	sum,count,avg
m1_area_history	ainputuser	bigint	bigint	11	medium	sum,count,avg
m1_area_history	amodifikasiuser	bigint	bigint	11	medium	sum,count,avg
m1_branch_history	bidhistory	bigint	bigint	11	medium	sum,count,avg
m1_branch_history	binputuser	bigint	bigint unsigned	11	medium	sum,count,avg
m1_branch_history	bmodifikasiuser	bigint	bigint unsigned	11	medium	sum,count,avg
m1_contact_attention	kaid	bigint	bigint	11	medium	sum,count,avg
m1_contact_attention	kaidkontak	bigint	bigint	11	medium	sum,count,avg
m1_contact_attention	kainputuser	bigint	bigint unsigned	11	medium	sum,count,avg
m1_contact_attention	kamodifikasiuser	bigint	bigint unsigned	11	medium	sum,count,avg
m1_item_location	ilid	bigint	bigint unsigned	11	medium	sum,count,avg
m1_item_location	ilinputuser	bigint	bigint unsigned	11	medium	sum,count,avg
m1_item_location	ilmodifikasiuser	bigint	bigint unsigned	11	medium	sum,count,avg
m1_item_location_warehouse	blgidbarang	bigint	bigint	11	medium	sum,count,avg
m1_item_location_warehouse	blgidlokasi	bigint	bigint	11	medium	sum,count,avg
m1_item_location_warehouse	blginputuser	bigint	bigint unsigned	11	medium	sum,count,avg
m1_item_location_warehouse	blgmodifikasiuser	bigint	bigint unsigned	11	medium	sum,count,avg
m2_gj_history	gjidhistory	int	int	11	medium	sum,count,avg
m2_gj_history	gjid	bigint	bigint	11	medium	sum,count,avg
m2_gj_history	gjkodepa	bigint	bigint	11	medium	sum,count,avg
m2_gj_history	gjkontak	bigint	bigint	11	medium	sum,count,avg
m2_gj_history	gjkurs	double	double	11	medium	avg
m2_gj_history	gjdebit	double	double	11	medium	avg
m2_gj_history	gjdebitvalas	double	double	11	medium	avg
m2_gj_history	gjkredit	double	double	11	medium	avg
m2_gj_history	gjkreditvalas	double	double	11	medium	avg
m2_gj_history	gjjumlahbayar	double	double	11	medium	avg
m2_gj_history	gjjumlahbayarvalas	double	double	11	medium	avg
m2_gj_history	gjjmlrevisi	int	int	11	medium	sum,count,avg
m2_gj_history	gjisclose	int	int	11	medium	sum,count,avg
m2_gj_history	gjinputuser	bigint	bigint	11	medium	sum,count,avg
m2_gj_history	gjmodifikasiuser	bigint	bigint	11	medium	sum,count,avg
m2_gj_history	gjcustomint1	int	int	11	medium	sum,count,avg
m2_gj_history	gjcustomint2	int	int	11	medium	sum,count,avg
m2_gj_history	gjcustomint3	int	int	11	medium	sum,count,avg
m2_gj_history	gjcustomdbl1	double	double	11	medium	avg
m2_gj_history	gjcustomdbl2	double	double	11	medium	avg
m2_gj_history	gjcustomdbl3	double	double	11	medium	avg
m5_as_history	asidhistory	bigint	bigint	11	medium	sum,count,avg
m5_as_history	asid	bigint	bigint	11	medium	sum,count,avg
m5_as_history	askodepa	bigint	bigint	11	medium	sum,count,avg
m5_as_history	askontak	bigint	bigint	11	medium	sum,count,avg
m5_as_history	asbagianterima	bigint	bigint	11	medium	sum,count,avg
m5_as_history	asidso	bigint	bigint	11	medium	sum,count,avg
m5_as_history	asidip	bigint	bigint	11	medium	sum,count,avg
m5_as_history	askurs	double	double	11	medium	avg
m5_as_history	asjumlah	double	double	11	medium	avg
m5_as_history	asjumlahvalas	double	double	11	medium	avg
m5_as_history	asjumlahbayar	double	double	11	medium	avg
m5_as_history	asjumlahbayarvalas	double	double	11	medium	avg
m5_as_history	asjmlrevisi	int	int	11	medium	sum,count,avg
m5_as_history	asinputuser	bigint	bigint	11	medium	sum,count,avg
m5_as_history	asmodifikasiuser	bigint	bigint	11	medium	sum,count,avg
m5_as_history	asisclose	int	int	11	medium	sum,count,avg
m5_as_history	ascustomint1	int	int	11	medium	sum,count,avg
m5_as_history	ascustomint2	int	int	11	medium	sum,count,avg
m5_as_history	ascustomint3	int	int	11	medium	sum,count,avg
m5_as_history	ascustomdbl1	double	double	11	medium	avg
m5_as_history	ascustomdbl2	double	double	11	medium	avg
m5_as_history	ascustomdbl3	double	double	11	medium	avg
m5_dr_detail_history	idhistorydetail	bigint	bigint	11	medium	sum,count,avg
m5_dr_detail_history	idhistory	bigint	bigint	11	medium	sum,count,avg
m5_dr_detail_history	iddrdetail	bigint	bigint	11	medium	sum,count,avg
m5_dr_detail_history	iddr	bigint	bigint	11	medium	sum,count,avg
m5_dr_detail_history	idbarang	bigint	bigint	11	medium	sum,count,avg
m5_dr_detail_history	jml	double	double	11	medium	avg
m5_dr_detail_history	jmlkembali	double	double	11	medium	avg
m5_dr_detail_history	nilaisatuan	double	double	11	medium	avg
m5_dr_detail_history	jmlbarang	double	double	11	medium	avg
m5_dr_detail_history	jmlbarangkembali	double	double	11	medium	avg
m5_dr_detail_history	kurs	double	double	11	medium	avg
m5_dr_detail_history	idhppkhususmasuk	bigint	bigint	11	medium	sum,count,avg
m5_dr_detail_history	idhppfifomasuk	bigint	bigint	11	medium	sum,count,avg
m5_dr_detail_history	harga	double	double	11	medium	avg
m5_dr_detail_history	hpp	double	double	11	medium	avg
m5_dr_detail_history	jmldiskon	double	double	11	medium	avg
m5_dr_detail_history	jmlpajak1	double	double	11	medium	avg
m5_dr_detail_history	jmlpajak2	double	double	11	medium	avg
m5_dr_detail_history	urutan	int	int	11	medium	sum,count,avg
m5_dr_detail_history	idsqdetail	bigint	bigint	11	medium	sum,count,avg
m5_dr_detail_history	idsodetail	bigint	bigint	11	medium	sum,count,avg
m5_dr_detail_history	idpidetail	bigint	bigint	11	medium	sum,count,avg
m5_dr_detail_history	idpldetail	bigint	bigint	11	medium	sum,count,avg
m5_dr_detail_history	iddodetail	bigint	bigint	11	medium	sum,count,avg
m5_dr_detail_history	jmlsi	double	double	11	medium	avg
m5_dr_detail_history	jmlrnr	double	double	11	medium	avg
m5_dr_detail_history	jmlsr	double	double	11	medium	avg
m5_dr_detail_history	jmlrealisasi	double	double	11	medium	avg
m5_dr_detail_history	customdbl1	double	double	11	medium	avg
m5_dr_detail_history	customdbl2	double	double	11	medium	avg
m5_dr_detail_history	customdbl3	double	double	11	medium	avg
m6_itembom_in	idbarang	bigint	bigint	11	medium	sum,count,avg
m6_itembom_in	jml	double	double	11	medium	avg
m6_itembom_in	nilaisatuan	double	double	11	medium	avg
m6_itembom_in	jmlbarang	double	double	11	medium	avg
m6_itembom_in	kurs	double	double	11	medium	avg
m6_itembom_in	harga	double	double	11	medium	avg
m6_itembom_in	hpppersen	double	double	11	medium	avg
m6_itembom_in	hpp	double	double	11	medium	avg
m6_itembom_in	urutan	int	int	11	medium	sum,count,avg
m6_itembom_in	idbom	bigint	bigint	11	medium	sum,count,avg
m6_itembom_in	idbomin	bigint	bigint	11	medium	sum,count,avg
m6_itembom_in	customdbl1	double	double	11	medium	avg
m6_itembom_in	customdbl2	double	double	11	medium	avg
m6_itembom_in	customdbl3	double	double	11	medium	avg
m6_pdr	pdrid	bigint	bigint	11	medium	sum,count,avg
m6_pdr	pdrkodepa	bigint	bigint	11	medium	sum,count,avg
m6_pdr	pdrdimintaoleh	bigint	bigint	11	medium	sum,count,avg
m6_pdr	pdrmintake	bigint	bigint	11	medium	sum,count,avg
m6_pdr	pdrkurs	double	double	11	medium	avg
m6_pdr	pdridbom	bigint	bigint	11	medium	sum,count,avg
m6_pdr	pdrjmlrevisi	int	int	11	medium	sum,count,avg
m6_pdr	pdrinputuser	bigint	bigint unsigned	11	medium	sum,count,avg
m6_pdr	pdrmodifikasiuser	bigint	bigint unsigned	11	medium	sum,count,avg
m6_pdr	pdrcustomint1	int	int	11	medium	sum,count,avg
m6_pdr	pdrcustomint2	int	int	11	medium	sum,count,avg
m6_pdr	pdrcustomint3	int	int	11	medium	sum,count,avg
m6_pdr	pdrcustomdbl1	double	double	11	medium	avg
m6_pdr	pdrcustomdbl2	double	double	11	medium	avg
m6_pdr	pdrcustomdbl3	double	double	11	medium	avg
m6_pdr	pdraktivitas	bigint	bigint	11	medium	sum,count,avg
m6_pdr_in	idpdrin	bigint	bigint	11	medium	sum,count,avg
m6_pdr_in	idpdr	bigint	bigint	11	medium	sum,count,avg
m6_pdr_in	idbarang	bigint	bigint	11	medium	sum,count,avg
m6_pdr_in	jml	double	double	11	medium	avg
m6_pdr_in	nilaisatuan	double	double	11	medium	avg
m6_pdr_in	jmlbarang	double	double	11	medium	avg
m6_pdr_in	kurs	double	double	11	medium	avg
m6_pdr_in	harga	double	double	11	medium	avg
m6_pdr_in	hpppersen	double	double	11	medium	avg
m6_pdr_in	hpp	double	double	11	medium	avg
m6_pdr_in	urutan	int	int	11	medium	sum,count,avg
m6_pdr_in	idbomin	bigint	bigint	11	medium	sum,count,avg
m6_pdr_in	jmlwo	double	double	11	medium	avg
m6_pdr_in	jmlmrs	double	double	11	medium	avg
m6_pdr_in	jmlmrn	double	double	11	medium	avg
m6_pdr_in	jmlpd	double	double	11	medium	avg
m6_pdr_in	jmlrealisasi	double	double	11	medium	avg
m6_pdr_in	customdbl1	double	double	11	medium	avg
m6_pdr_in	customdbl2	double	double	11	medium	avg
m6_pdr_in	customdbl3	double	double	11	medium	avg
m0_payment_method	kode	bigint	bigint	10	medium	sum,count,avg
m0_struk	id	bigint	bigint	10	medium	sum,count,avg
m0_struk	jmlselect	int	int	10	medium	sum,count,avg
m1_warehouse	winputuser	bigint	bigint unsigned	10	medium	sum,count,avg
m1_warehouse	wmodifikasiuser	bigint	bigint unsigned	10	medium	sum,count,avg
m2_cb_detail	idcbdetail	bigint	bigint	10	medium	sum,count,avg
m2_cb_detail	idcb	bigint	bigint	10	medium	sum,count,avg
m2_cb_detail	kurs	double	double	10	medium	avg
m2_cb_detail	debit	double	double	10	medium	avg
m2_cb_detail	debitvalas	double	double	10	medium	avg
m2_cb_detail	kredit	double	double	10	medium	avg
m2_cb_detail	kreditvalas	double	double	10	medium	avg
m2_cb_detail	urutan	int	int	10	medium	sum,count,avg
m2_cb_detail	isclose	int	int	10	medium	sum,count,avg
m2_cb_detail	customdbl1	double	double	10	medium	avg
m2_cb_detail	customdbl2	double	double	10	medium	avg
m2_cb_detail	customdbl3	double	double	10	medium	avg
m3_ib_detail_history	idhistorydetail	bigint	bigint	10	medium	sum,count,avg
m3_ib_detail_history	idhistory	bigint	bigint	10	medium	sum,count,avg
m3_ib_detail_history	idibdetail	bigint	bigint	10	medium	sum,count,avg
m3_ib_detail_history	idib	bigint	bigint	10	medium	sum,count,avg
m3_ib_detail_history	idbarang	bigint	bigint	10	medium	sum,count,avg
m3_ib_detail_history	jml	double	double	10	medium	avg
m3_ib_detail_history	nilaisatuan	double	double	10	medium	avg
m3_ib_detail_history	jmlbarang	double	double	10	medium	avg
m3_ib_detail_history	kurs	double	double	10	medium	avg
m3_ib_detail_history	hpplama	double	double	10	medium	avg
m3_ib_detail_history	hpp	double	double	10	medium	avg
m3_ib_detail_history	urutan	int	int	10	medium	sum,count,avg
m3_ib_detail_history	customdbl1	double	double	10	medium	avg
m3_ib_detail_history	customdbl2	double	double	10	medium	avg
m3_ib_detail_history	customdbl3	double	double	10	medium	avg
m4_pie	pieid	bigint	bigint	10	medium	sum,count,avg
m4_pie	piekodepa	bigint	bigint	10	medium	sum,count,avg
m4_pie	piekontak	bigint	bigint	10	medium	sum,count,avg
m4_pie	piejmlrevisi	int	int	10	medium	sum,count,avg
m4_pie	pieinputuser	bigint	bigint	10	medium	sum,count,avg
m4_pie	piemodifikasiuser	bigint	bigint	10	medium	sum,count,avg
m4_pie	pieisclose	int	int	10	medium	sum,count,avg
m4_pie	piecustomint1	int	int	10	medium	sum,count,avg
m4_pie	piecustomint2	int	int	10	medium	sum,count,avg
m4_pie	piecustomint3	int	int	10	medium	sum,count,avg
m4_pie	piecustomdbl1	double	double	10	medium	avg
m4_pie	piecustomdbl2	double	double	10	medium	avg
m4_pie	piecustomdbl3	double	double	10	medium	avg
m5_pl	plid	bigint	bigint	10	medium	sum,count,avg
m5_pl	plkodepa	bigint	bigint	10	medium	sum,count,avg
m5_pl	plcustomer	bigint	bigint	10	medium	sum,count,avg
m5_pl	plbagianpenjualan	bigint	bigint	10	medium	sum,count,avg
m5_pl	plbagianpengepakan	bigint	bigint	10	medium	sum,count,avg
m5_pl	plkurs	double	double	10	medium	avg
m5_pl	pljmldiskon	double	double	10	medium	avg
m5_pl	plbiayalain	double	double	10	medium	avg
m5_pl	plidsq	bigint	bigint	10	medium	sum,count,avg
m5_pl	plidso	bigint	bigint	10	medium	sum,count,avg
m5_pl	plidpi	bigint	bigint	10	medium	sum,count,avg
m5_pl	pljmlrevisi	int	int	10	medium	sum,count,avg
m5_pl	plinputuser	bigint	bigint unsigned	10	medium	sum,count,avg
m5_pl	plmodifikasiuser	bigint	bigint unsigned	10	medium	sum,count,avg
m5_pl	plcustomint1	int	int	10	medium	sum,count,avg
m5_pl	plcustomint2	int	int	10	medium	sum,count,avg
m5_pl	plcustomint3	int	int	10	medium	sum,count,avg
m5_pl	plcustomdbl1	double	double	10	medium	avg
m5_pl	plcustomdbl2	double	double	10	medium	avg
m5_pl	plcustomdbl3	double	double	10	medium	avg
m6_mrn_out_history	idhistoryout	bigint	bigint	10	medium	sum,count,avg
m6_mrn_out_history	idhistory	bigint	bigint	10	medium	sum,count,avg
m6_mrn_out_history	idmrnout	bigint	bigint	10	medium	sum,count,avg
m6_mrn_out_history	idmrn	bigint	bigint	10	medium	sum,count,avg
m6_mrn_out_history	idbarang	bigint	bigint	10	medium	sum,count,avg
m6_mrn_out_history	jml	double	double	10	medium	avg
m6_mrn_out_history	nilaisatuan	double	double	10	medium	avg
m6_mrn_out_history	jmlbarang	double	double	10	medium	avg
m6_mrn_out_history	kurs	double	double	10	medium	avg
m6_mrn_out_history	harga	double	double	10	medium	avg
m6_mrn_out_history	hpp	double	double	10	medium	avg
m6_mrn_out_history	idhppkhususkeluar	bigint	bigint	10	medium	sum,count,avg
m6_mrn_out_history	idhppfifokeluar	bigint	bigint	10	medium	sum,count,avg
m6_mrn_out_history	urutan	int	int	10	medium	sum,count,avg
m6_mrn_out_history	idbomout	bigint	bigint	10	medium	sum,count,avg
m6_mrn_out_history	idpdrout	bigint	bigint	10	medium	sum,count,avg
m6_mrn_out_history	idwoout	bigint	bigint	10	medium	sum,count,avg
m6_mrn_out_history	idmrsout	bigint	bigint	10	medium	sum,count,avg
m6_mrn_out_history	jmlpd	double	double	10	medium	avg
m6_mrn_out_history	jmlrealisasi	double	double	10	medium	avg
m6_mrn_out_history	customdbl1	double	double	10	medium	avg
m6_mrn_out_history	customdbl2	double	double	10	medium	avg
m6_mrn_out_history	customdbl3	double	double	10	medium	avg
m1_bank_history	bidhistory	bigint	bigint	9	medium	sum,count,avg
m1_bank_history	binputuser	bigint	bigint	9	medium	sum,count,avg
m1_bank_history	bmodifikasiuser	bigint	bigint	9	medium	sum,count,avg
m1_bank_history	bcustomint1	int	int	9	medium	sum,count,avg
m1_bank_history	bcustomint2	int	int	9	medium	sum,count,avg
m1_bank_history	bcustomint3	int	int	9	medium	sum,count,avg
m1_bank_history	bcustomdbl1	double	double	9	medium	avg
m1_bank_history	bcustomdbl2	double	double	9	medium	avg
m1_bank_history	bcustomdbl3	double	double	9	medium	avg
m1_tax	tnilai	double	double	9	medium	avg
m1_tax	tinputuser	int	int	9	medium	sum,count,avg
m1_tax	tmodifikasiuser	int	int	9	medium	sum,count,avg
m3_ib	ibid	bigint	bigint	9	medium	sum,count,avg
m3_ib	ibkodepa	bigint	bigint	9	medium	sum,count,avg
m3_ib	ibbagianib	bigint	bigint	9	medium	sum,count,avg
m3_ib	ibkurs	double	double	9	medium	avg
m3_ib	ibjmlrevisi	int	int	9	medium	sum,count,avg
m3_ib	ibinputuser	bigint	bigint unsigned	9	medium	sum,count,avg
m3_ib	ibmodifikasiuser	bigint	bigint unsigned	9	medium	sum,count,avg
m3_ib	ibcustomint1	int	int	9	medium	sum,count,avg
m3_ib	ibcustomint2	int	int	9	medium	sum,count,avg
m3_ib	ibcustomint3	int	int	9	medium	sum,count,avg
m3_ib	ibcustomdbl1	double	double	9	medium	avg
m3_ib	ibcustomdbl2	double	double	9	medium	avg
m3_ib	ibcustomdbl3	double	double	9	medium	avg
m3_mr	mrid	bigint	bigint	9	medium	sum,count,avg
m3_mr	mrkodepa	bigint	bigint	9	medium	sum,count,avg
m3_mr	mrdimintaoleh	bigint	bigint	9	medium	sum,count,avg
m3_mr	mrmintake	bigint	bigint	9	medium	sum,count,avg
m3_mr	mrjmlrevisi	int	int	9	medium	sum,count,avg
m3_mr	mrinputuser	bigint	bigint unsigned	9	medium	sum,count,avg
m3_mr	mrmodifikasiuser	bigint	bigint unsigned	9	medium	sum,count,avg
m3_mr	mrcustomint1	int	int	9	medium	sum,count,avg
m3_mr	mrcustomint2	int	int	9	medium	sum,count,avg
m3_mr	mrcustomint3	int	int	9	medium	sum,count,avg
m3_mr	mrcustomdbl1	double	double	9	medium	avg
m3_mr	mrcustomdbl2	double	double	9	medium	avg
m3_mr	mrcustomdbl3	double	double	9	medium	avg
m5_dr_history	dridhistory	bigint	bigint	9	medium	sum,count,avg
m5_dr_history	drid	bigint	bigint	9	medium	sum,count,avg
m5_dr_history	drkodepa	bigint	bigint	9	medium	sum,count,avg
m5_dr_history	drcustomer	bigint	bigint	9	medium	sum,count,avg
m5_dr_history	drbagianpenjualan	bigint	bigint	9	medium	sum,count,avg
m5_dr_history	drbagianpengiriman	bigint	bigint	9	medium	sum,count,avg
m5_dr_history	drkurs	double	double	9	medium	avg
m5_dr_history	drjmldiskon	double	double	9	medium	avg
m5_dr_history	drbiayalain	double	double	9	medium	avg
m5_dr_history	dridsq	bigint	bigint	9	medium	sum,count,avg
m5_dr_history	dridso	bigint	bigint	9	medium	sum,count,avg
m5_dr_history	dridpi	bigint	bigint	9	medium	sum,count,avg
m5_dr_history	dridpl	bigint	bigint	9	medium	sum,count,avg
m5_dr_history	driddo	bigint	bigint	9	medium	sum,count,avg
m5_dr_history	drjmlrevisi	int	int	9	medium	sum,count,avg
m5_dr_history	drinputuser	bigint	bigint unsigned	9	medium	sum,count,avg
m5_dr_history	drmodifikasiuser	bigint	bigint unsigned	9	medium	sum,count,avg
m5_dr_history	drcustomint1	int	int	9	medium	sum,count,avg
m5_dr_history	drcustomint2	int	int	9	medium	sum,count,avg
m5_dr_history	drcustomint3	int	int	9	medium	sum,count,avg
m5_dr_history	drcustomdbl1	double	double	9	medium	avg
m5_dr_history	drcustomdbl2	double	double	9	medium	avg
m5_dr_history	drcustomdbl3	double	double	9	medium	avg
m5_sr_detail_history	idhistorydetail	bigint	bigint	9	medium	sum,count,avg
m5_sr_detail_history	idhistory	bigint	bigint	9	medium	sum,count,avg
m5_sr_detail_history	idsrdetail	bigint	bigint	9	medium	sum,count,avg
m5_sr_detail_history	idsr	bigint	bigint unsigned	9	medium	sum,count,avg
m5_sr_detail_history	idbarang	bigint	bigint	9	medium	sum,count,avg
m5_sr_detail_history	jml	double	double	9	medium	avg
m5_sr_detail_history	nilaisatuan	double	double	9	medium	avg
m5_sr_detail_history	jmlbarang	double	double	9	medium	avg
m5_sr_detail_history	kurs	double	double	9	medium	avg
m5_sr_detail_history	idhppkhususkeluar	bigint	bigint	9	medium	sum,count,avg
m5_sr_detail_history	idhppfifokeluar	bigint	bigint	9	medium	sum,count,avg
m5_sr_detail_history	harga	double	double	9	medium	avg
m5_sr_detail_history	hpp	double	double	9	medium	avg
m5_sr_detail_history	jmldiskon	double	double	9	medium	avg
m5_sr_detail_history	jmlpajak1	double	double	9	medium	avg
m5_sr_detail_history	jmlpajak2	double	double	9	medium	avg
m5_sr_detail_history	urutan	int	int	9	medium	sum,count,avg
m5_sr_detail_history	idsqdetail	bigint	bigint	9	medium	sum,count,avg
m5_sr_detail_history	idsodetail	bigint	bigint	9	medium	sum,count,avg
m5_sr_detail_history	idpidetail	bigint	bigint	9	medium	sum,count,avg
m5_sr_detail_history	idpldetail	bigint	bigint	9	medium	sum,count,avg
m5_sr_detail_history	iddodetail	bigint	bigint	9	medium	sum,count,avg
m5_sr_detail_history	iddrdetail	bigint	bigint	9	medium	sum,count,avg
m5_sr_detail_history	idsidetail	bigint	bigint	9	medium	sum,count,avg
m5_sr_detail_history	idrnrdetail	bigint	bigint	9	medium	sum,count,avg
m5_sr_detail_history	customdbl1	double	double	9	medium	avg
m5_sr_detail_history	customdbl2	double	double	9	medium	avg
m5_sr_detail_history	customdbl3	double	double	9	medium	avg
m5_sr_history	sridhistory	bigint	bigint	9	medium	sum,count,avg
m5_sr_history	srid	bigint	bigint	9	medium	sum,count,avg
m5_sr_history	srkodepa	bigint	bigint	9	medium	sum,count,avg
m5_sr_history	srcustomer	bigint	bigint	9	medium	sum,count,avg
m5_sr_history	srbagianpenjualan	bigint	bigint	9	medium	sum,count,avg
m5_sr_history	srkurs	double	double	9	medium	avg
m5_sr_history	srjmldiskon	double	double	9	medium	avg
m5_sr_history	srbiayalain	double	double	9	medium	avg
m5_sr_history	srsisatransaksi	double	double	9	medium	avg
m5_sr_history	srjmlbayar	double	double	9	medium	avg
m5_sr_history	sridsq	bigint	bigint	9	medium	sum,count,avg
m5_sr_history	sridso	bigint	bigint	9	medium	sum,count,avg
m5_sr_history	sridpi	bigint	bigint	9	medium	sum,count,avg
m5_sr_history	sridpl	bigint	bigint	9	medium	sum,count,avg
m5_sr_history	sriddo	bigint	bigint	9	medium	sum,count,avg
m5_sr_history	sriddr	bigint	bigint	9	medium	sum,count,avg
m5_sr_history	sridsi	bigint	bigint	9	medium	sum,count,avg
m5_sr_history	sridrnr	bigint	bigint	9	medium	sum,count,avg
m5_sr_history	srjmlrevisi	int	int	9	medium	sum,count,avg
m5_sr_history	srinputuser	bigint	bigint unsigned	9	medium	sum,count,avg
m5_sr_history	srmodifikasiuser	bigint	bigint unsigned	9	medium	sum,count,avg
m5_sr_history	srcustomint1	int	int	9	medium	sum,count,avg
m5_sr_history	srcustomint2	int	int	9	medium	sum,count,avg
m5_sr_history	srcustomint3	int	int	9	medium	sum,count,avg
m5_sr_history	srcustomdbl1	double	double	9	medium	avg
m5_sr_history	srcustomdbl2	double	double	9	medium	avg
m5_sr_history	srcustomdbl3	double	double	9	medium	avg
versioninfo	Version	bigint	bigint	9	medium	sum,count,avg
m1_contact_attention_history	kaidhistorykontak	bigint	bigint	8	medium	sum,count,avg
m1_contact_attention_history	kaidhistory	bigint	bigint	8	medium	sum,count,avg
m1_contact_attention_history	kaid	bigint	bigint	8	medium	sum,count,avg
m1_contact_attention_history	kaidkontak	bigint	bigint	8	medium	sum,count,avg
m1_contact_attention_history	kainputuser	bigint	bigint unsigned	8	medium	sum,count,avg
m1_contact_attention_history	kamodifikasiuser	bigint	bigint unsigned	8	medium	sum,count,avg
m1_contact_point	cpidkontak	bigint	bigint	8	medium	sum,count,avg
m1_contact_point	cppoin	double	double	8	medium	avg
m1_contact_point	cpcustomint1	int	int	8	medium	sum,count,avg
m1_contact_point	cpcustomint2	int	int	8	medium	sum,count,avg
m1_contact_point	cpcustomint3	int	int	8	medium	sum,count,avg
m1_contact_point	cpcustomdbl1	double	double	8	medium	avg
m1_contact_point	cpcustomdbl2	double	double	8	medium	avg
m1_contact_point	cpcustomdbl3	double	double	8	medium	avg
m1_item_type	itinputuser	bigint	bigint unsigned	8	medium	sum,count,avg
m1_item_type	itmodifikasiuser	bigint	bigint unsigned	8	medium	sum,count,avg
m1_project	pselesai	double	double	8	medium	avg
m1_project	pkontak	bigint	bigint	8	medium	sum,count,avg
m1_project	ppimpinanproyek	bigint	bigint	8	medium	sum,count,avg
m1_project	pnilaikontrak	double	double	8	medium	avg
m1_project	plevel	int	int	8	medium	sum,count,avg
m1_project	pinputuser	bigint	bigint	8	medium	sum,count,avg
m1_project	pmodifikasiuser	bigint	bigint	8	medium	sum,count,avg
m1_project_history	pidhistory	bigint	bigint	8	medium	sum,count,avg
m1_project_history	pselesai	double	double	8	medium	avg
m1_project_history	pkontak	bigint	bigint	8	medium	sum,count,avg
m1_project_history	ppimpinanproyek	bigint	bigint	8	medium	sum,count,avg
m1_project_history	pnilaikontrak	double	double	8	medium	avg
m1_project_history	plevel	int	int	8	medium	sum,count,avg
m1_project_history	pinputuser	bigint	bigint	8	medium	sum,count,avg
m1_project_history	pmodifikasiuser	bigint	bigint	8	medium	sum,count,avg
m2_sg_detail	idsgdetail	bigint	bigint	8	medium	sum,count,avg
m2_sg_detail	idsg	bigint	bigint	8	medium	sum,count,avg
m2_sg_detail	kontak	bigint	bigint	8	medium	sum,count,avg
m2_sg_detail	kurs	double	double	8	medium	avg
m2_sg_detail	jumlah	double	double	8	medium	avg
m2_sg_detail	jumlahvalas	double	double	8	medium	avg
m2_sg_detail	urutan	int	int	8	medium	sum,count,avg
m2_sg_detail	isclose	int	int	8	medium	sum,count,avg
m2_sg_detail	customdbl1	double	double	8	medium	avg
m2_sg_detail	customdbl2	double	double	8	medium	avg
m2_sg_detail	customdbl3	double	double	8	medium	avg
m3_ib_history	ibidhistory	bigint	bigint	8	medium	sum,count,avg
m3_ib_history	ibid	bigint	bigint	8	medium	sum,count,avg
m3_ib_history	ibkodepa	bigint	bigint	8	medium	sum,count,avg
m3_ib_history	ibbagianib	bigint	bigint	8	medium	sum,count,avg
m3_ib_history	ibkurs	double	double	8	medium	avg
m3_ib_history	ibjmlrevisi	int	int	8	medium	sum,count,avg
m3_ib_history	ibinputuser	bigint	bigint unsigned	8	medium	sum,count,avg
m3_ib_history	ibmodifikasiuser	bigint	bigint unsigned	8	medium	sum,count,avg
m3_ib_history	ibcustomint1	int	int	8	medium	sum,count,avg
m3_ib_history	ibcustomint2	int	int	8	medium	sum,count,avg
m3_ib_history	ibcustomint3	int	int	8	medium	sum,count,avg
m3_ib_history	ibcustomdbl1	double	double	8	medium	avg
m3_ib_history	ibcustomdbl2	double	double	8	medium	avg
m3_ib_history	ibcustomdbl3	double	double	8	medium	avg
m3_mr_history	mridhistory	int	int	8	medium	sum,count,avg
m3_mr_history	mrid	bigint	bigint	8	medium	sum,count,avg
m3_mr_history	mrkodepa	bigint	bigint	8	medium	sum,count,avg
m3_mr_history	mrdimintaoleh	bigint	bigint	8	medium	sum,count,avg
m3_mr_history	mrmintake	bigint	bigint	8	medium	sum,count,avg
m3_mr_history	mrjmlrevisi	int	int	8	medium	sum,count,avg
m3_mr_history	mrinputuser	bigint	bigint unsigned	8	medium	sum,count,avg
m3_mr_history	mrmodifikasiuser	bigint	bigint unsigned	8	medium	sum,count,avg
m3_mr_history	mrcustomint1	int	int	8	medium	sum,count,avg
m3_mr_history	mrcustomint2	int	int	8	medium	sum,count,avg
m3_mr_history	mrcustomint3	int	int	8	medium	sum,count,avg
m3_mr_history	mrcustomdbl1	double	double	8	medium	avg
m3_mr_history	mrcustomdbl2	double	double	8	medium	avg
m3_mr_history	mrcustomdbl3	double	double	8	medium	avg
m3_rs	rsid	bigint	bigint	8	medium	sum,count,avg
m3_rs	rskodepa	bigint	bigint	8	medium	sum,count,avg
m3_rs	rsbagianterima	bigint	bigint	8	medium	sum,count,avg
m3_rs	rsidmr	bigint	bigint	8	medium	sum,count,avg
m3_rs	rsidts	bigint	bigint	8	medium	sum,count,avg
m3_rs	rsjmlrevisi	int	int	8	medium	sum,count,avg
m3_rs	rsinputuser	bigint	bigint unsigned	8	medium	sum,count,avg
m3_rs	rsmodifikasiuser	bigint	bigint unsigned	8	medium	sum,count,avg
m3_rs	rscustomint1	int	int	8	medium	sum,count,avg
m3_rs	rscustomint2	int	int	8	medium	sum,count,avg
m3_rs	rscustomint3	int	int	8	medium	sum,count,avg
m3_rs	rscustomdbl1	double	double	8	medium	avg
m3_rs	rscustomdbl2	double	double	8	medium	avg
m3_rs	rscustomdbl3	double	double	8	medium	avg
m4_prt_detail_history	idhistorydetail	bigint	bigint	8	medium	sum,count,avg
m4_prt_detail_history	idhistory	bigint	bigint	8	medium	sum,count,avg
m4_prt_detail_history	idprtdetail	bigint	bigint	8	medium	sum,count,avg
m4_prt_detail_history	idprt	bigint	bigint unsigned	8	medium	sum,count,avg
m4_prt_detail_history	idbarang	bigint	bigint	8	medium	sum,count,avg
m4_prt_detail_history	jml	double	double	8	medium	avg
m4_prt_detail_history	nilaisatuan	double	double	8	medium	avg
m4_prt_detail_history	jmlbarang	double	double	8	medium	avg
m4_prt_detail_history	kurs	double	double	8	medium	avg
m4_prt_detail_history	idhppkhususmasuk	bigint	bigint	8	medium	sum,count,avg
m4_prt_detail_history	idhppfifomasuk	bigint	bigint	8	medium	sum,count,avg
m4_prt_detail_history	hpp	double	double	8	medium	avg
m4_prt_detail_history	harga	double	double	8	medium	avg
m4_prt_detail_history	jmldiskon	double	double	8	medium	avg
m4_prt_detail_history	jmlpajak1	double	double	8	medium	avg
m4_prt_detail_history	jmlpajak2	double	double	8	medium	avg
m4_prt_detail_history	urutan	int	int	8	medium	sum,count,avg
m4_prt_detail_history	idprdetail	bigint	bigint	8	medium	sum,count,avg
m4_prt_detail_history	idcsdetail	bigint	bigint	8	medium	sum,count,avg
m4_prt_detail_history	idrqdetail	bigint	bigint	8	medium	sum,count,avg
m4_prt_detail_history	idbsdetail	bigint	bigint	8	medium	sum,count,avg
m4_prt_detail_history	idpodetail	bigint	bigint	8	medium	sum,count,avg
m4_prt_detail_history	idipcdetail	bigint	bigint	8	medium	sum,count,avg
m4_prt_detail_history	idgrndetail	bigint	bigint	8	medium	sum,count,avg
m4_prt_detail_history	idridetail	bigint	bigint	8	medium	sum,count,avg
m4_prt_detail_history	iddnrdetail	bigint	bigint	8	medium	sum,count,avg
m4_prt_detail_history	customdbl1	double	double	8	medium	avg
m4_prt_detail_history	customdbl2	double	double	8	medium	avg
m4_prt_detail_history	customdbl3	double	double	8	medium	avg
m4_prt_history	prtidhistory	bigint	bigint	8	medium	sum,count,avg
m4_prt_history	prtid	bigint	bigint	8	medium	sum,count,avg
m4_prt_history	prtkodepa	bigint	bigint	8	medium	sum,count,avg
m4_prt_history	prtsupplier	bigint	bigint	8	medium	sum,count,avg
m4_prt_history	prtbagianpembelian	bigint	bigint	8	medium	sum,count,avg
m4_prt_history	prtkurs	double	double	8	medium	avg
m4_prt_history	prtjmldiskon	double	double	8	medium	avg
m4_prt_history	prtbiayalain	double	double	8	medium	avg
m4_prt_history	prtsisatransaksi	double	double	8	medium	avg
m4_prt_history	prtjmlbayar	double	double	8	medium	avg
m4_prt_history	prtidpr	bigint	bigint	8	medium	sum,count,avg
m4_prt_history	prtidcs	bigint	bigint	8	medium	sum,count,avg
m4_prt_history	prtidrq	bigint	bigint	8	medium	sum,count,avg
m4_prt_history	prtidbs	bigint	bigint	8	medium	sum,count,avg
m4_prt_history	prtidpo	bigint	bigint	8	medium	sum,count,avg
m4_prt_history	prtidipc	bigint	bigint	8	medium	sum,count,avg
m4_prt_history	prtidgrn	bigint	bigint	8	medium	sum,count,avg
m4_prt_history	prtidri	bigint	bigint	8	medium	sum,count,avg
m4_prt_history	prtiddnr	bigint	bigint	8	medium	sum,count,avg
m4_prt_history	prtjmlrevisi	int	int	8	medium	sum,count,avg
m4_prt_history	prtinputuser	bigint	bigint unsigned	8	medium	sum,count,avg
m4_prt_history	prtmodifikasiuser	bigint	bigint unsigned	8	medium	sum,count,avg
m4_prt_history	prtcustomint1	int	int	8	medium	sum,count,avg
m4_prt_history	prtcustomint2	int	int	8	medium	sum,count,avg
m4_prt_history	prtcustomint3	int	int	8	medium	sum,count,avg
m4_prt_history	prtcustomdbl1	double	double	8	medium	avg
m4_prt_history	prtcustomdbl2	double	double	8	medium	avg
m4_prt_history	prtcustomdbl3	double	double	8	medium	avg
m6_mrn_history	mrnidhistory	bigint	bigint	8	medium	sum,count,avg
m6_mrn_history	mrnid	bigint	bigint	8	medium	sum,count,avg
m6_mrn_history	mrnkodepa	bigint	bigint	8	medium	sum,count,avg
m6_mrn_history	mrnbagianmrn	bigint	bigint	8	medium	sum,count,avg
m6_mrn_history	mrnkurs	double	double	8	medium	avg
m6_mrn_history	mrnidbom	bigint	bigint	8	medium	sum,count,avg
m6_mrn_history	mrnidpdr	bigint	bigint	8	medium	sum,count,avg
m6_mrn_history	mrnidwo	bigint	bigint	8	medium	sum,count,avg
m6_mrn_history	mrnidmrs	bigint	bigint	8	medium	sum,count,avg
m6_mrn_history	mrnjmlrevisi	int	int	8	medium	sum,count,avg
m6_mrn_history	mrninputuser	bigint	bigint unsigned	8	medium	sum,count,avg
m6_mrn_history	mrnmodifikasiuser	bigint	bigint unsigned	8	medium	sum,count,avg
m6_mrn_history	mrncustomint1	int	int	8	medium	sum,count,avg
m6_mrn_history	mrncustomint2	int	int	8	medium	sum,count,avg
m6_mrn_history	mrncustomint3	int	int	8	medium	sum,count,avg
m6_mrn_history	mrncustomdbl1	double	double	8	medium	avg
m6_mrn_history	mrncustomdbl2	double	double	8	medium	avg
m6_mrn_history	mrncustomdbl3	double	double	8	medium	avg
m6_mrn_history	mrnaktivitas	bigint	bigint	8	medium	sum,count,avg
m7_da	daid	bigint	bigint	8	medium	sum,count,avg
m7_da	dakodepa	bigint	bigint	8	medium	sum,count,avg
m7_da	dakurs	double	double	8	medium	avg
m7_da	dabagianda	bigint	bigint	8	medium	sum,count,avg
m7_da	dajmlrevisi	int	int	8	medium	sum,count,avg
m7_da	dainputuser	bigint	bigint unsigned	8	medium	sum,count,avg
m7_da	damodifikasiuser	bigint	bigint unsigned	8	medium	sum,count,avg
m7_da	dacustomint1	int	int	8	medium	sum,count,avg
m7_da	dacustomint2	int	int	8	medium	sum,count,avg
m7_da	dacustomint3	int	int	8	medium	sum,count,avg
m7_da	dacustomdbl1	double	double	8	medium	avg
m7_da	dacustomdbl2	double	double	8	medium	avg
m7_da	dacustomdbl3	double	double	8	medium	avg
m0_realization_category	kode	bigint	bigint	7	medium	sum,count,avg
m1_currency	ckurs	double	double	7	medium	avg
m1_currency	cinputuser	bigint	bigint	7	medium	sum,count,avg
m1_currency	cmodifikasiuser	bigint	bigint	7	medium	sum,count,avg
m1_location_history	lidhistory	bigint	bigint	7	medium	sum,count,avg
m1_location_history	lluas	double	double(50,0)	7	medium	avg
m1_location_history	linputuser	bigint	bigint unsigned	7	medium	sum,count,avg
m1_location_history	lmodifikasiuser	bigint	bigint unsigned	7	medium	sum,count,avg
m1_oem	oinputuser	bigint	bigint	7	medium	sum,count,avg
m1_oem	omodifikasiuser	bigint	bigint	7	medium	sum,count,avg
m1_oem	ocustomint1	int	int	7	medium	sum,count,avg
m1_oem	ocustomint2	int	int	7	medium	sum,count,avg
m1_oem	ocustomint3	int	int	7	medium	sum,count,avg
m1_oem	ocustomdbl1	double	double	7	medium	avg
m1_oem	ocustomdbl2	double	double	7	medium	avg
m1_oem	ocustomdbl3	double	double	7	medium	avg
m2_cb	cbid	bigint	bigint	7	medium	sum,count,avg
m2_cb	cbkodepa	bigint	bigint	7	medium	sum,count,avg
m2_cb	cbkontak	bigint	bigint	7	medium	sum,count,avg
m2_cb	cbkurs	double	double	7	medium	avg
m2_cb	cbdebit	double	double	7	medium	avg
m2_cb	cbdebitvalas	double	double	7	medium	avg
m2_cb	cbkredit	double	double	7	medium	avg
m2_cb	cbkreditvalas	double	double	7	medium	avg
m2_cb	cbjumlahbayar	double	double	7	medium	avg
m2_cb	cbjumlahbayarvalas	double	double	7	medium	avg
m2_cb	cbjmlrevisi	int	int	7	medium	sum,count,avg
m2_cb	cbisclose	int	int	7	medium	sum,count,avg
m2_cb	cbinputuser	bigint	bigint	7	medium	sum,count,avg
m2_cb	cbmodifikasiuser	bigint	bigint	7	medium	sum,count,avg
m2_cb	cbcustomint1	int	int	7	medium	sum,count,avg
m2_cb	cbcustomint2	int	int	7	medium	sum,count,avg
m2_cb	cbcustomint3	int	int	7	medium	sum,count,avg
m2_cb	cbcustomdbl1	double	double	7	medium	avg
m2_cb	cbcustomdbl2	double	double	7	medium	avg
m2_cb	cbcustomdbl3	double	double	7	medium	avg
m2_rm_detail_history	idhistorydetail	int	int	7	medium	sum,count,avg
m2_rm_detail_history	idhistory	int	int	7	medium	sum,count,avg
m2_rm_detail_history	idrmdetail	bigint	bigint	7	medium	sum,count,avg
m2_rm_detail_history	idrm	bigint	bigint	7	medium	sum,count,avg
m2_rm_detail_history	kurs	double	double	7	medium	avg
m2_rm_detail_history	jumlah	double	double	7	medium	avg
m2_rm_detail_history	jumlahvalas	double	double	7	medium	avg
m2_rm_detail_history	urutan	int	int	7	medium	sum,count,avg
m2_rm_detail_history	isclose	int	int	7	medium	sum,count,avg
m2_rm_detail_history	customdbl1	double	double	7	medium	avg
m2_rm_detail_history	customdbl2	double	double	7	medium	avg
m2_rm_detail_history	customdbl3	double	double	7	medium	avg
m2_rm_history	rmidhistory	int	int	7	medium	sum,count,avg
m2_rm_history	rmid	bigint	bigint	7	medium	sum,count,avg
m2_rm_history	rmkodepa	bigint	bigint	7	medium	sum,count,avg
m2_rm_history	rmkontak	bigint	bigint	7	medium	sum,count,avg
m2_rm_history	rmkurs	double	double	7	medium	avg
m2_rm_history	rmjumlah	double	double	7	medium	avg
m2_rm_history	rmjumlahvalas	double	double	7	medium	avg
m2_rm_history	rmjumlahbayar	double	double	7	medium	avg
m2_rm_history	rmjumlahbayarvalas	double	double	7	medium	avg
m2_rm_history	rmjmlrevisi	int	int	7	medium	sum,count,avg
m2_rm_history	rmisclose	int	int	7	medium	sum,count,avg
m2_rm_history	rminputuser	bigint	bigint	7	medium	sum,count,avg
m2_rm_history	rmmodifikasiuser	bigint	bigint	7	medium	sum,count,avg
m2_rm_history	rmcustomint1	int	int	7	medium	sum,count,avg
m2_rm_history	rmcustomint2	int	int	7	medium	sum,count,avg
m2_rm_history	rmcustomint3	int	int	7	medium	sum,count,avg
m2_rm_history	rmcustomdbl1	double	double	7	medium	avg
m2_rm_history	rmcustomdbl2	double	double	7	medium	avg
m2_rm_history	rmcustomdbl3	double	double	7	medium	avg
m5_pl_detail_history	idhistorydetail	bigint	bigint	7	medium	sum,count,avg
m5_pl_detail_history	idhistory	bigint	bigint	7	medium	sum,count,avg
m5_pl_detail_history	idpldetail	bigint	bigint	7	medium	sum,count,avg
m5_pl_detail_history	idpl	bigint	bigint	7	medium	sum,count,avg
m5_pl_detail_history	idbarang	bigint	bigint	7	medium	sum,count,avg
m5_pl_detail_history	jml	double	double	7	medium	avg
m5_pl_detail_history	nilaisatuan	double	double	7	medium	avg
m5_pl_detail_history	jmlbarang	double	double	7	medium	avg
m5_pl_detail_history	kurs	double	double	7	medium	avg
m5_pl_detail_history	harga	double	double	7	medium	avg
m5_pl_detail_history	jmldiskon	double	double	7	medium	avg
m5_pl_detail_history	jmlpajak1	double	double	7	medium	avg
m5_pl_detail_history	jmlpajak2	double	double	7	medium	avg
m5_pl_detail_history	urutan	int	int	7	medium	sum,count,avg
m5_pl_detail_history	idsqdetail	bigint	bigint	7	medium	sum,count,avg
m5_pl_detail_history	idsodetail	bigint	bigint	7	medium	sum,count,avg
m5_pl_detail_history	idpidetail	bigint	bigint	7	medium	sum,count,avg
m5_pl_detail_history	jmldo	double	double	7	medium	avg
m5_pl_detail_history	jmldr	double	double	7	medium	avg
m5_pl_detail_history	jmlsi	double	double	7	medium	avg
m5_pl_detail_history	jmlrnr	double	double	7	medium	avg
m5_pl_detail_history	jmlsr	double	double	7	medium	avg
m5_pl_detail_history	jmlrealisasi	double	double	7	medium	avg
m5_pl_detail_history	customdbl1	double	double	7	medium	avg
m5_pl_detail_history	customdbl2	double	double	7	medium	avg
m5_pl_detail_history	customdbl3	double	double	7	medium	avg
m5_pl_pack_history	idhistorypack	bigint	bigint	7	medium	sum,count,avg
m5_pl_pack_history	idhistory	bigint	bigint	7	medium	sum,count,avg
m5_pl_pack_history	idplpack	bigint	bigint	7	medium	sum,count,avg
m5_pl_pack_history	idpl	bigint	bigint	7	medium	sum,count,avg
m5_pl_pack_history	urutan	int	int	7	medium	sum,count,avg
m5_pl_pack_history	customdbl1	double	double	7	medium	avg
m5_pl_pack_history	customdbl2	double	double	7	medium	avg
m5_pl_pack_history	customdbl3	double	double	7	medium	avg
m5_si_detail_failed	idsidetail	bigint	bigint	7	medium	sum,count,avg
m5_si_detail_failed	idsi	bigint	bigint unsigned	7	medium	sum,count,avg
m5_si_detail_failed	idbarang	bigint	bigint	7	medium	sum,count,avg
m5_si_detail_failed	jml	double	double	7	medium	avg
m5_si_detail_failed	nilaisatuan	double	double	7	medium	avg
m5_si_detail_failed	jmlbarang	double	double	7	medium	avg
m5_si_detail_failed	kurs	double	double	7	medium	avg
m5_si_detail_failed	idhppkhususmasuk	bigint	bigint	7	medium	sum,count,avg
m5_si_detail_failed	idhppfifomasuk	bigint	bigint	7	medium	sum,count,avg
m5_si_detail_failed	harga	double	double	7	medium	avg
m5_si_detail_failed	hpp	double	double	7	medium	avg
m5_si_detail_failed	jmldiskon	double	double	7	medium	avg
m5_si_detail_failed	jmlpajak1	double	double	7	medium	avg
m5_si_detail_failed	jmlpajak2	double	double	7	medium	avg
m5_si_detail_failed	urutan	int	int	7	medium	sum,count,avg
m5_si_detail_failed	idsqdetail	bigint	bigint	7	medium	sum,count,avg
m5_si_detail_failed	idsodetail	bigint	bigint	7	medium	sum,count,avg
m5_si_detail_failed	idpidetail	bigint	bigint	7	medium	sum,count,avg
m5_si_detail_failed	idpldetail	bigint	bigint	7	medium	sum,count,avg
m5_si_detail_failed	iddodetail	bigint	bigint	7	medium	sum,count,avg
m5_si_detail_failed	iddrdetail	bigint	bigint	7	medium	sum,count,avg
m5_si_detail_failed	jmlrnr	double	double	7	medium	avg
m5_si_detail_failed	jmlsr	double	double	7	medium	avg
m5_si_detail_failed	jmlrealisasi	double	double	7	medium	avg
m5_si_detail_failed	isbonusfrom	bigint	bigint	7	medium	sum,count,avg
m5_si_detail_failed	customdbl1	double	double	7	medium	avg
m5_si_detail_failed	customdbl2	double	double	7	medium	avg
m5_si_detail_failed	customdbl3	double	double	7	medium	avg
m2_rg_detail_history	idhistorydetail	int	int	6	medium	sum,count,avg
m2_rg_detail_history	idhistory	int	int	6	medium	sum,count,avg
m2_rg_detail_history	idrgdetail	bigint	bigint	6	medium	sum,count,avg
m2_rg_detail_history	idrg	bigint	bigint	6	medium	sum,count,avg
m2_rg_detail_history	kontak	bigint	bigint	6	medium	sum,count,avg
m2_rg_detail_history	kurs	double	double	6	medium	avg
m2_rg_detail_history	jumlah	double	double	6	medium	avg
m2_rg_detail_history	jumlahvalas	double	double	6	medium	avg
m2_rg_detail_history	urutan	int	int	6	medium	sum,count,avg
m2_rg_detail_history	isclose	int	int	6	medium	sum,count,avg
m2_rg_detail_history	customdbl1	double	double	6	medium	avg
m2_rg_detail_history	customdbl2	double	double	6	medium	avg
m2_rg_detail_history	customdbl3	double	double	6	medium	avg
m2_rgc_detail	idrgcdetail	bigint	bigint	6	medium	sum,count,avg
m2_rgc_detail	idrgc	bigint	bigint	6	medium	sum,count,avg
m2_rgc_detail	kontak	bigint	bigint	6	medium	sum,count,avg
m2_rgc_detail	kurs	double	double	6	medium	avg
m2_rgc_detail	jumlah	double	double	6	medium	avg
m2_rgc_detail	jumlahvalas	double	double	6	medium	avg
m2_rgc_detail	urutan	int	int	6	medium	sum,count,avg
m2_rgc_detail	idrgdetail	bigint	bigint	6	medium	sum,count,avg
m2_rgc_detail	isclose	int	int	6	medium	sum,count,avg
m2_rgc_detail	customdbl1	double	double	6	medium	avg
m2_rgc_detail	customdbl2	double	double	6	medium	avg
m2_rgc_detail	customdbl3	double	double	6	medium	avg
m2_rm_pay	idrmcarabayar	bigint	bigint	6	medium	sum,count,avg
m2_rm_pay	idrm	bigint	bigint	6	medium	sum,count,avg
m2_rm_pay	kurs	double	double	6	medium	avg
m2_rm_pay	jumlah	double	double	6	medium	avg
m2_rm_pay	jumlahvalas	double	double	6	medium	avg
m2_rm_pay	urutan	int	int	6	medium	sum,count,avg
m2r_stok_gagal_upload	idbarang	bigint	bigint	6	medium	sum,count,avg
m2r_stok_gagal_upload	stoktersedia	double	double	6	medium	avg
m2r_stok_gagal_upload	stokjual	double	double	6	medium	avg
m5_si_failed	siid	bigint	bigint	6	medium	sum,count,avg
m5_si_failed	sikodepa	bigint	bigint	6	medium	sum,count,avg
m5_si_failed	sicustomer	bigint	bigint	6	medium	sum,count,avg
m5_si_failed	sibagianpenjualan	bigint	bigint	6	medium	sum,count,avg
m5_si_failed	sikurs	double	double	6	medium	avg
m5_si_failed	sijmldiskon	double	double	6	medium	avg
m5_si_failed	sibiayalain	double	double	6	medium	avg
m5_si_failed	sijmluangmuka	double	double	6	medium	avg
m5_si_failed	sijmlbayar	double	double	6	medium	avg
m5_si_failed	sibayartunai	double	double	6	medium	avg
m5_si_failed	sibayarkkredit	double	double	6	medium	avg
m5_si_failed	sibayarkdebit	double	double	6	medium	avg
m5_si_failed	sibayarvoucher	double	double	6	medium	avg
m5_si_failed	sibayarpoin	double	double	6	medium	avg
m5_si_failed	sibayarjmlpoin	double	double	6	medium	avg
m5_si_failed	sicharge	double	double	6	medium	avg
m5_si_failed	sijmlkembali	double	double	6	medium	avg
m5_si_failed	sipoinsebelumnya	double	double	6	medium	avg
m5_si_failed	sipoindidapat	double	double	6	medium	avg
m5_si_failed	siidsq	bigint	bigint	6	medium	sum,count,avg
m5_si_failed	siidso	bigint	bigint	6	medium	sum,count,avg
m5_si_failed	siidas	bigint	bigint	6	medium	sum,count,avg
m5_si_failed	siidpi	bigint	bigint	6	medium	sum,count,avg
m5_si_failed	siidpl	bigint	bigint	6	medium	sum,count,avg
m5_si_failed	siiddo	bigint	bigint	6	medium	sum,count,avg
m5_si_failed	siiddr	bigint	bigint	6	medium	sum,count,avg
m5_si_failed	sijmlrevisi	int	int	6	medium	sum,count,avg
m5_si_failed	siinputuser	bigint	bigint unsigned	6	medium	sum,count,avg
m5_si_failed	simodifikasiuser	bigint	bigint unsigned	6	medium	sum,count,avg
m5_si_failed	sicustomint1	int	int	6	medium	sum,count,avg
m5_si_failed	sicustomint2	int	int	6	medium	sum,count,avg
m5_si_failed	sicustomint3	int	int	6	medium	sum,count,avg
m5_si_failed	sicustomint4	int	int	6	medium	sum,count,avg
m5_si_failed	sicustomint5	int	int	6	medium	sum,count,avg
m5_si_failed	sicustomint6	int	int	6	medium	sum,count,avg
m5_si_failed	sicustomint7	int	int	6	medium	sum,count,avg
m5_si_failed	sicustomint8	int	int	6	medium	sum,count,avg
m5_si_failed	sicustomint9	int	int	6	medium	sum,count,avg
m5_si_failed	sicustomint10	int	int	6	medium	sum,count,avg
m5_si_failed	sicustomdbl1	double	double	6	medium	avg
m5_si_failed	sicustomdbl2	double	double	6	medium	avg
m5_si_failed	sicustomdbl3	double	double	6	medium	avg
m5_si_failed	sicustomdbl4	double	double	6	medium	avg
m5_si_failed	sicustomdbl5	double	double	6	medium	avg
m5_si_failed	sicustomdbl6	double	double	6	medium	avg
m5_si_failed	sicustomdbl7	double	double	6	medium	avg
m5_si_failed	sicustomdbl8	double	double	6	medium	avg
m5_si_failed	sicustomdbl9	double	double	6	medium	avg
m5_si_failed	sicustomdbl10	double	double	6	medium	avg
m0_selling_rate	kode	bigint	bigint	5	medium	sum,count,avg
m0_status_rq	kode	bigint	bigint	5	medium	sum,count,avg
m1_bank	binputuser	bigint	bigint	5	medium	sum,count,avg
m1_bank	bmodifikasiuser	bigint	bigint	5	medium	sum,count,avg
m1_bank	bcustomint1	int	int	5	medium	sum,count,avg
m1_bank	bcustomint2	int	int	5	medium	sum,count,avg
m1_bank	bcustomint3	int	int	5	medium	sum,count,avg
m1_bank	bcustomdbl1	double	double	5	medium	avg
m1_bank	bcustomdbl2	double	double	5	medium	avg
m1_bank	bcustomdbl3	double	double	5	medium	avg
m1_city	cinputuser	bigint	bigint	5	medium	sum,count,avg
m1_city	cmodifikasiuser	bigint	bigint	5	medium	sum,count,avg
m1_contact_category	ccinputuser	bigint	bigint	5	medium	sum,count,avg
m1_contact_category	ccmodifikasiuser	bigint	bigint	5	medium	sum,count,avg
m1_contact_price_history	khidhistorykontak	bigint	bigint	5	medium	sum,count,avg
m1_contact_price_history	khidhistory	bigint	bigint	5	medium	sum,count,avg
m1_contact_price_history	khidkontak	bigint	bigint	5	medium	sum,count,avg
m1_contact_price_history	khidbarang	bigint	bigint	5	medium	sum,count,avg
m1_contact_price_history	khkomisi	double	double	5	medium	avg
m1_contact_price_history	khhargabeli	double	double	5	medium	avg
m1_contact_price_history	khhargajual	double	double	5	medium	avg
m1_contact_price_history	khinputuser	bigint	bigint	5	medium	sum,count,avg
m1_contact_price_history	khmodifikasiuser	bigint	bigint unsigned	5	medium	sum,count,avg
m1_contact_price_history	khcustomint1	int	int	5	medium	sum,count,avg
m1_contact_price_history	khcustomint2	int	int	5	medium	sum,count,avg
m1_contact_price_history	khcustomint3	int	int	5	medium	sum,count,avg
m1_contact_price_history	khcustomint4	int	int	5	medium	sum,count,avg
m1_contact_price_history	khcustomint5	int	int	5	medium	sum,count,avg
m1_contact_price_history	khcustomdbl1	double	double	5	medium	avg
m1_contact_price_history	khcustomdbl2	double	double	5	medium	avg
m1_contact_price_history	khcustomdbl3	double	double	5	medium	avg
m1_contact_price_history	khcustomdbl4	double	double	5	medium	avg
m1_contact_price_history	khcustomdbl5	double	double	5	medium	avg
m1_cost_center	ccinputuser	bigint	bigint unsigned	5	medium	sum,count,avg
m1_cost_center	ccmodifikasiuser	bigint	bigint unsigned	5	medium	sum,count,avg
m1_expedition	einputuser	bigint	bigint	5	medium	sum,count,avg
m1_expedition	emodifikasiuser	bigint	bigint	5	medium	sum,count,avg
m1_files	finputuser	bigint	bigint	5	medium	sum,count,avg
m1_item_supplier_history	isidhistorybarang	bigint	bigint	5	medium	sum,count,avg
m1_item_supplier_history	isidhistory	bigint	bigint	5	medium	sum,count,avg
m1_item_supplier_history	isidbarang	bigint	bigint	5	medium	sum,count,avg
m1_item_supplier_history	isidkontak	bigint	bigint	5	medium	sum,count,avg
m1_item_supplier_history	isurutan	int	int	5	medium	sum,count,avg
m1_item_supplier_history	iscustomint1	int	int	5	medium	sum,count,avg
m1_item_supplier_history	iscustomint2	int	int	5	medium	sum,count,avg
m1_item_supplier_history	iscustomint3	int	int	5	medium	sum,count,avg
m1_item_supplier_history	iscustomdbl1	double	double	5	medium	avg
m1_item_supplier_history	iscustomdbl2	double	double	5	medium	avg
m1_item_supplier_history	iscustomdbl3	double	double	5	medium	avg
m1_terms	trdiskon1	double	double	5	medium	avg
m1_terms	trharidiskon1	int	int	5	medium	sum,count,avg
m1_terms	trdiskon2	double	double	5	medium	avg
m1_terms	trharidiskon2	int	int	5	medium	sum,count,avg
m1_terms	trdenda	double	double	5	medium	avg
m1_terms	trharijatuhtempo	int	int	5	medium	sum,count,avg
m1_terms	trinputuser	bigint	bigint	5	medium	sum,count,avg
m1_terms	trmodifikasiuser	bigint	bigint	5	medium	sum,count,avg
m1_working_estimate	weinputuser	bigint	bigint	5	medium	sum,count,avg
m1_working_estimate	wemodifikasiuser	bigint	bigint	5	medium	sum,count,avg
m1_working_estimate	wecustomint1	int	int	5	medium	sum,count,avg
m1_working_estimate	wecustomint2	int	int	5	medium	sum,count,avg
m1_working_estimate	wecustomint3	int	int	5	medium	sum,count,avg
m1_working_estimate	wecustomdbl1	double	double	5	medium	avg
m1_working_estimate	wecustomdbl2	double	double	5	medium	avg
m1_working_estimate	wecustomdbl3	double	double	5	medium	avg
m2_rg_detail	idrgdetail	bigint	bigint	5	medium	sum,count,avg
m2_rg_detail	idrg	bigint	bigint	5	medium	sum,count,avg
m2_rg_detail	kontak	bigint	bigint	5	medium	sum,count,avg
m2_rg_detail	kurs	double	double	5	medium	avg
m2_rg_detail	jumlah	double	double	5	medium	avg
m2_rg_detail	jumlahvalas	double	double	5	medium	avg
m2_rg_detail	urutan	int	int	5	medium	sum,count,avg
m2_rg_detail	isclose	int	int	5	medium	sum,count,avg
m2_rg_detail	customdbl1	double	double	5	medium	avg
m2_rg_detail	customdbl2	double	double	5	medium	avg
m2_rg_detail	customdbl3	double	double	5	medium	avg
m2_rgc	rgcid	bigint	bigint	5	medium	sum,count,avg
m2_rgc	rgckodepa	bigint	bigint	5	medium	sum,count,avg
m2_rgc	rgckontak	bigint	bigint	5	medium	sum,count,avg
m2_rgc	rgckurs	double	double	5	medium	avg
m2_rgc	rgcjumlah	double	double	5	medium	avg
m2_rgc	rgcjumlahvalas	double	double	5	medium	avg
m2_rgc	rgcidrg	bigint	bigint	5	medium	sum,count,avg
m2_rgc	rgcjmlrevisi	int	int	5	medium	sum,count,avg
m2_rgc	rgcisclose	int	int	5	medium	sum,count,avg
m2_rgc	rgcinputuser	bigint	bigint	5	medium	sum,count,avg
m2_rgc	rgcmodifikasiuser	bigint	bigint	5	medium	sum,count,avg
m2_rgc	rgccustomint1	int	int	5	medium	sum,count,avg
m2_rgc	rgccustomint2	int	int	5	medium	sum,count,avg
m2_rgc	rgccustomint3	int	int	5	medium	sum,count,avg
m2_rgc	rgccustomdbl1	double	double	5	medium	avg
m2_rgc	rgccustomdbl2	double	double	5	medium	avg
m2_rgc	rgccustomdbl3	double	double	5	medium	avg
m2_sg	sgid	bigint	bigint	5	medium	sum,count,avg
m2_sg	sgkodepa	bigint	bigint	5	medium	sum,count,avg
m2_sg	sgkontak	bigint	bigint	5	medium	sum,count,avg
m2_sg	sgkurs	double	double	5	medium	avg
m2_sg	sgjumlah	double	double	5	medium	avg
m2_sg	sgjumlahvalas	double	double	5	medium	avg
m2_sg	sgjmlrevisi	int	int	5	medium	sum,count,avg
m2_sg	sgisclose	int	int	5	medium	sum,count,avg
m2_sg	sginputuser	bigint	bigint	5	medium	sum,count,avg
m2_sg	sgmodifikasiuser	bigint	bigint	5	medium	sum,count,avg
m2_sg	sgcustomint1	int	int	5	medium	sum,count,avg
m2_sg	sgcustomint2	int	int	5	medium	sum,count,avg
m2_sg	sgcustomint3	int	int	5	medium	sum,count,avg
m2_sg	sgcustomdbl1	double	double	5	medium	avg
m2_sg	sgcustomdbl2	double	double	5	medium	avg
m2_sg	sgcustomdbl3	double	double	5	medium	avg
m2_sm_pay	idsmcarabayar	bigint	bigint	5	medium	sum,count,avg
m2_sm_pay	idsm	bigint	bigint	5	medium	sum,count,avg
m2_sm_pay	kurs	double	double	5	medium	avg
m2_sm_pay	jumlah	double	double	5	medium	avg
m2_sm_pay	jumlahvalas	double	double	5	medium	avg
m2_sm_pay	urutan	int	int	5	medium	sum,count,avg
m4_rfq	rfqid	bigint	bigint	5	medium	sum,count,avg
m4_rfq	rfqkodepa	bigint	bigint	5	medium	sum,count,avg
m4_rfq	rfqidpr	bigint	bigint	5	medium	sum,count,avg
m4_rfq	rfqjmlrevisi	int	int	5	medium	sum,count,avg
m4_rfq	rfqinputuser	bigint	bigint	5	medium	sum,count,avg
m4_rfq	rfqmodifikasiuser	bigint	bigint	5	medium	sum,count,avg
m4_rfq	rfqisclose	int	int	5	medium	sum,count,avg
m4_rfq	rfqcustomint1	int	int	5	medium	sum,count,avg
m4_rfq	rfqcustomint2	int	int	5	medium	sum,count,avg
m4_rfq	rfqcustomint3	int	int	5	medium	sum,count,avg
m4_rfq	rfqcustomdbl1	double	double	5	medium	avg
m4_rfq	rfqcustomdbl2	double	double	5	medium	avg
m4_rfq	rfqcustomdbl3	double	double	5	medium	avg
m4_rfq_detail	idrfqdetail	bigint	bigint	5	medium	sum,count,avg
m4_rfq_detail	idrfq	bigint	bigint	5	medium	sum,count,avg
m4_rfq_detail	idkontak	bigint	bigint	5	medium	sum,count,avg
m4_rfq_detail	urutan	int	int	5	medium	sum,count,avg
m4_rfq_detail	customdbl1	double	double	5	medium	avg
m4_rfq_detail	customdbl2	double	double	5	medium	avg
m4_rfq_detail	customdbl3	double	double	5	medium	avg
m5_pl_history	plidhistory	bigint	bigint	5	medium	sum,count,avg
m5_pl_history	plid	bigint	bigint	5	medium	sum,count,avg
m5_pl_history	plkodepa	bigint	bigint	5	medium	sum,count,avg
m5_pl_history	plcustomer	bigint	bigint	5	medium	sum,count,avg
m5_pl_history	plbagianpenjualan	bigint	bigint	5	medium	sum,count,avg
m5_pl_history	plbagianpengepakan	bigint	bigint	5	medium	sum,count,avg
m5_pl_history	plkurs	double	double	5	medium	avg
m5_pl_history	pljmldiskon	double	double	5	medium	avg
m5_pl_history	plbiayalain	double	double	5	medium	avg
m5_pl_history	plidsq	bigint	bigint	5	medium	sum,count,avg
m5_pl_history	plidso	bigint	bigint	5	medium	sum,count,avg
m5_pl_history	plidpi	bigint	bigint	5	medium	sum,count,avg
m5_pl_history	pljmlrevisi	int	int	5	medium	sum,count,avg
m5_pl_history	plinputuser	bigint	bigint unsigned	5	medium	sum,count,avg
m5_pl_history	plmodifikasiuser	bigint	bigint unsigned	5	medium	sum,count,avg
m5_pl_history	plcustomint1	int	int	5	medium	sum,count,avg
m5_pl_history	plcustomint2	int	int	5	medium	sum,count,avg
m5_pl_history	plcustomint3	int	int	5	medium	sum,count,avg
m5_pl_history	plcustomdbl1	double	double	5	medium	avg
m5_pl_history	plcustomdbl2	double	double	5	medium	avg
m5_pl_history	plcustomdbl3	double	double	5	medium	avg
m6_mrn_out	idmrnout	bigint	bigint	5	medium	sum,count,avg
m6_mrn_out	idmrn	bigint	bigint	5	medium	sum,count,avg
m6_mrn_out	idbarang	bigint	bigint	5	medium	sum,count,avg
m6_mrn_out	jml	double	double	5	medium	avg
m6_mrn_out	nilaisatuan	double	double	5	medium	avg
m6_mrn_out	jmlbarang	double	double	5	medium	avg
m6_mrn_out	kurs	double	double	5	medium	avg
m6_mrn_out	harga	double	double	5	medium	avg
m6_mrn_out	hpp	double	double	5	medium	avg
m6_mrn_out	idhppkhususkeluar	bigint	bigint	5	medium	sum,count,avg
m6_mrn_out	idhppfifokeluar	bigint	bigint	5	medium	sum,count,avg
m6_mrn_out	urutan	int	int	5	medium	sum,count,avg
m6_mrn_out	idbomout	bigint	bigint	5	medium	sum,count,avg
m6_mrn_out	idpdrout	bigint	bigint	5	medium	sum,count,avg
m6_mrn_out	idwoout	bigint	bigint	5	medium	sum,count,avg
m6_mrn_out	idmrsout	bigint	bigint	5	medium	sum,count,avg
m6_mrn_out	jmlpd	double	double	5	medium	avg
m6_mrn_out	jmlrealisasi	double	double	5	medium	avg
m6_mrn_out	customdbl1	double	double	5	medium	avg
m6_mrn_out	customdbl2	double	double	5	medium	avg
m6_mrn_out	customdbl3	double	double	5	medium	avg
m7_asset_category	acinputuser	int	int unsigned	5	medium	sum,count,avg
m7_asset_category	acmodifikasiuser	int	int unsigned	5	medium	sum,count,avg
m7_asset_category	accustomint1	int	int	5	medium	sum,count,avg
m7_asset_category	accustomint2	int	int	5	medium	sum,count,avg
m7_asset_category	accustomint3	int	int	5	medium	sum,count,avg
m7_asset_category	accustomdbl1	double	double	5	medium	avg
m7_asset_category	accustomdbl2	double	double	5	medium	avg
m7_asset_category	accustomdbl3	double	double	5	medium	avg
m0_status_giro	kode	bigint	bigint	4	medium	sum,count,avg
m1_area	ainputuser	bigint	bigint	4	medium	sum,count,avg
m1_area	amodifikasiuser	bigint	bigint	4	medium	sum,count,avg
m1_customer_category	ccinputuser	bigint	bigint	4	medium	sum,count,avg
m1_customer_category	ccmodifikasiuser	bigint	bigint	4	medium	sum,count,avg
m1_location	lluas	double	double(50,0)	4	medium	avg
m1_location	linputuser	bigint	bigint unsigned	4	medium	sum,count,avg
m1_location	lmodifikasiuser	bigint	bigint unsigned	4	medium	sum,count,avg
m1_tax_history	tidhistory	bigint	bigint	4	medium	sum,count,avg
m1_tax_history	tnilai	double	double	4	medium	avg
m1_tax_history	tinputuser	bigint	bigint	4	medium	sum,count,avg
m1_tax_history	tmodifikasiuser	bigint	bigint	4	medium	sum,count,avg
m2_files	fidtransaksi	bigint	bigint	4	medium	sum,count,avg
m2_files	finputuser	bigint	bigint	4	medium	sum,count,avg
m2_rg	rgid	bigint	bigint	4	medium	sum,count,avg
m2_rg	rgkodepa	bigint	bigint	4	medium	sum,count,avg
m2_rg	rgkontak	bigint	bigint	4	medium	sum,count,avg
m2_rg	rgkurs	double	double	4	medium	avg
m2_rg	rgjumlah	double	double	4	medium	avg
m2_rg	rgjumlahvalas	double	double	4	medium	avg
m2_rg	rgjmlrevisi	int	int	4	medium	sum,count,avg
m2_rg	rgisclose	int	int	4	medium	sum,count,avg
m2_rg	rginputuser	bigint	bigint	4	medium	sum,count,avg
m2_rg	rgmodifikasiuser	bigint	bigint	4	medium	sum,count,avg
m2_rg	rgcustomint1	int	int	4	medium	sum,count,avg
m2_rg	rgcustomint2	int	int	4	medium	sum,count,avg
m2_rg	rgcustomint3	int	int	4	medium	sum,count,avg
m2_rg	rgcustomdbl1	double	double	4	medium	avg
m2_rg	rgcustomdbl2	double	double	4	medium	avg
m2_rg	rgcustomdbl3	double	double	4	medium	avg
m2_rm_pay_history	idrmcarabayarhistory	int	int	4	medium	sum,count,avg
m2_rm_pay_history	idrmhistory	int	int	4	medium	sum,count,avg
m2_rm_pay_history	idrmcarabayar	bigint	bigint	4	medium	sum,count,avg
m2_rm_pay_history	idrm	bigint	bigint	4	medium	sum,count,avg
m2_rm_pay_history	kurs	double	double	4	medium	avg
m2_rm_pay_history	jumlah	double	double	4	medium	avg
m2_rm_pay_history	jumlahvalas	double	double	4	medium	avg
m2_rm_pay_history	urutan	int	int	4	medium	sum,count,avg
m3_pa	paid	bigint	bigint	4	medium	sum,count,avg
m3_pa	pakodepa	bigint	bigint	4	medium	sum,count,avg
m3_pa	pabagianpa	bigint	bigint	4	medium	sum,count,avg
m3_pa	pakurs	double	double	4	medium	avg
m3_pa	pajmlrevisi	int	int	4	medium	sum,count,avg
m3_pa	painputuser	bigint	bigint unsigned	4	medium	sum,count,avg
m3_pa	pamodifikasiuser	bigint	bigint unsigned	4	medium	sum,count,avg
m3_pa	pacustomint1	int	int	4	medium	sum,count,avg
m3_pa	pacustomint2	int	int	4	medium	sum,count,avg
m3_pa	pacustomint3	int	int	4	medium	sum,count,avg
m3_pa	pacustomdbl1	double	double	4	medium	avg
m3_pa	pacustomdbl2	double	double	4	medium	avg
m3_pa	pacustomdbl3	double	double	4	medium	avg
m6_mrn	mrnid	bigint	bigint	4	medium	sum,count,avg
m6_mrn	mrnkodepa	bigint	bigint	4	medium	sum,count,avg
m6_mrn	mrnbagianmrn	bigint	bigint	4	medium	sum,count,avg
m6_mrn	mrnkurs	double	double	4	medium	avg
m6_mrn	mrnidbom	bigint	bigint	4	medium	sum,count,avg
m6_mrn	mrnidpdr	bigint	bigint	4	medium	sum,count,avg
m6_mrn	mrnidwo	bigint	bigint	4	medium	sum,count,avg
m6_mrn	mrnidmrs	bigint	bigint	4	medium	sum,count,avg
m6_mrn	mrnjmlrevisi	int	int	4	medium	sum,count,avg
m6_mrn	mrninputuser	bigint	bigint unsigned	4	medium	sum,count,avg
m6_mrn	mrnmodifikasiuser	bigint	bigint unsigned	4	medium	sum,count,avg
m6_mrn	mrncustomint1	int	int	4	medium	sum,count,avg
m6_mrn	mrncustomint2	int	int	4	medium	sum,count,avg
m6_mrn	mrncustomint3	int	int	4	medium	sum,count,avg
m6_mrn	mrncustomdbl1	double	double	4	medium	avg
m6_mrn	mrncustomdbl2	double	double	4	medium	avg
m6_mrn	mrncustomdbl3	double	double	4	medium	avg
m6_mrn	mrnaktivitas	bigint	bigint	4	medium	sum,count,avg
rolepermissions	RolePermissionId	bigint	bigint	4	medium	sum,count,avg
rolepermissions	RoleId	int	int	4	medium	sum,count,avg
roles	RoleId	int	int	4	medium	sum,count,avg
m0_app	appid	bigint	bigint	3	medium	sum,count,avg
m0_global_allowance	minbatch	double	double	3	medium	avg
m0_global_allowance	maxbatch	double	double	3	medium	avg
m0_global_allowance	allowance	double	double	3	medium	avg
m0_status_progress	kode	bigint	bigint	3	medium	sum,count,avg
m1_branch	binputuser	bigint	bigint unsigned	3	medium	sum,count,avg
m1_branch	bmodifikasiuser	bigint	bigint unsigned	3	medium	sum,count,avg
m1_country	cinputuser	bigint	bigint	3	medium	sum,count,avg
m1_country	cmodifikasiuser	bigint	bigint	3	medium	sum,count,avg
m1_item_category_history	icidhistory	bigint	bigint	3	medium	sum,count,avg
m1_item_category_history	icinputuser	bigint	bigint unsigned	3	medium	sum,count,avg
m1_item_category_history	icmodifikasiuser	bigint	bigint unsigned	3	medium	sum,count,avg
m1_item_category_history	iccustomint1	int	int	3	medium	sum,count,avg
m1_item_category_history	iccustomint2	int	int	3	medium	sum,count,avg
m1_item_category_history	iccustomint3	int	int	3	medium	sum,count,avg
m1_item_category_history	iccustomdbl1	double	double	3	medium	avg
m1_item_category_history	iccustomdbl2	double	double	3	medium	avg
m1_item_category_history	iccustomdbl3	double	double	3	medium	avg
m1_item_supplier	isidbarang	int	int	3	medium	sum,count,avg
m1_item_supplier	isidkontak	int	int	3	medium	sum,count,avg
m1_item_supplier	isurutan	int	int	3	medium	sum,count,avg
m1_item_supplier	iscustomint1	int	int	3	medium	sum,count,avg
m1_item_supplier	iscustomint2	int	int	3	medium	sum,count,avg
m1_item_supplier	iscustomint3	int	int	3	medium	sum,count,avg
m1_item_supplier	iscustomdbl1	double	double	3	medium	avg
m1_item_supplier	iscustomdbl2	double	double	3	medium	avg
m1_item_supplier	iscustomdbl3	double	double	3	medium	avg
m1_other_cost_history	ocidhistory	bigint	bigint	3	medium	sum,count,avg
m1_other_cost_history	ockontak	bigint	bigint	3	medium	sum,count,avg
m1_other_cost_history	ocinputuser	bigint	bigint unsigned	3	medium	sum,count,avg
m1_other_cost_history	ocmodifikasiuser	bigint	bigint unsigned	3	medium	sum,count,avg
m1_other_cost_history	occustomint1	int	int	3	medium	sum,count,avg
m1_other_cost_history	occustomint2	int	int	3	medium	sum,count,avg
m1_other_cost_history	occustomint3	int	int	3	medium	sum,count,avg
m1_other_cost_history	occustomdbl1	double	double	3	medium	avg
m1_other_cost_history	occustomdbl2	double	double	3	medium	avg
m1_other_cost_history	occustomdbl3	double	double	3	medium	avg
m2_rg_history	rgidhistory	int	int	3	medium	sum,count,avg
m2_rg_history	rgid	bigint	bigint	3	medium	sum,count,avg
m2_rg_history	rgkodepa	bigint	bigint	3	medium	sum,count,avg
m2_rg_history	rgkontak	bigint	bigint	3	medium	sum,count,avg
m2_rg_history	rgkurs	double	double	3	medium	avg
m2_rg_history	rgjumlah	double	double	3	medium	avg
m2_rg_history	rgjumlahvalas	double	double	3	medium	avg
m2_rg_history	rgjmlrevisi	int	int	3	medium	sum,count,avg
m2_rg_history	rgisclose	int	int	3	medium	sum,count,avg
m2_rg_history	rginputuser	bigint	bigint	3	medium	sum,count,avg
m2_rg_history	rgmodifikasiuser	bigint	bigint	3	medium	sum,count,avg
m2_rg_history	rgcustomint1	int	int	3	medium	sum,count,avg
m2_rg_history	rgcustomint2	int	int	3	medium	sum,count,avg
m2_rg_history	rgcustomint3	int	int	3	medium	sum,count,avg
m2_rg_history	rgcustomdbl1	double	double	3	medium	avg
m2_rg_history	rgcustomdbl2	double	double	3	medium	avg
m2_rg_history	rgcustomdbl3	double	double	3	medium	avg
m2_sgc_detail_history	idhistorydetail	bigint	bigint	3	medium	sum,count,avg
m2_sgc_detail_history	idhistory	bigint	bigint	3	medium	sum,count,avg
m2_sgc_detail_history	idsgcdetail	bigint	bigint	3	medium	sum,count,avg
m2_sgc_detail_history	idsgc	bigint	bigint	3	medium	sum,count,avg
m2_sgc_detail_history	kontak	bigint	bigint	3	medium	sum,count,avg
m2_sgc_detail_history	kurs	double	double	3	medium	avg
m2_sgc_detail_history	jumlah	double	double	3	medium	avg
m2_sgc_detail_history	jumlahvalas	double	double	3	medium	avg
m2_sgc_detail_history	urutan	int	int	3	medium	sum,count,avg
m2_sgc_detail_history	idsgdetail	bigint	bigint	3	medium	sum,count,avg
m2_sgc_detail_history	isclose	int	int	3	medium	sum,count,avg
m2_sgc_detail_history	customdbl1	double	double	3	medium	avg
m2_sgc_detail_history	customdbl2	double	double	3	medium	avg
m2_sgc_detail_history	customdbl3	double	double	3	medium	avg
m2_sgc_history	sgcidhistory	int	int	3	medium	sum,count,avg
m2_sgc_history	sgcid	bigint	bigint	3	medium	sum,count,avg
m2_sgc_history	sgckodepa	bigint	bigint	3	medium	sum,count,avg
m2_sgc_history	sgckontak	bigint	bigint	3	medium	sum,count,avg
m2_sgc_history	sgckurs	double	double	3	medium	avg
m2_sgc_history	sgcjumlah	double	double	3	medium	avg
m2_sgc_history	sgcjumlahvalas	double	double	3	medium	avg
m2_sgc_history	sgcidsg	bigint	bigint	3	medium	sum,count,avg
m2_sgc_history	sgcjmlrevisi	int	int	3	medium	sum,count,avg
m2_sgc_history	sgcisclose	int	int	3	medium	sum,count,avg
m2_sgc_history	sgcinputuser	bigint	bigint	3	medium	sum,count,avg
m2_sgc_history	sgcmodifikasiuser	bigint	bigint	3	medium	sum,count,avg
m2_sgc_history	sgccustomint1	int	int	3	medium	sum,count,avg
m2_sgc_history	sgccustomint2	int	int	3	medium	sum,count,avg
m2_sgc_history	sgccustomint3	int	int	3	medium	sum,count,avg
m2_sgc_history	sgccustomdbl1	double	double	3	medium	avg
m2_sgc_history	sgccustomdbl2	double	double	3	medium	avg
m2_sgc_history	sgccustomdbl3	double	double	3	medium	avg
m2_sm_pay_history	idsmcarabayarhistory	int	int	3	medium	sum,count,avg
m2_sm_pay_history	idsmhistory	int	int	3	medium	sum,count,avg
m2_sm_pay_history	idsmcarabayar	bigint	bigint	3	medium	sum,count,avg
m2_sm_pay_history	idsm	bigint	bigint	3	medium	sum,count,avg
m2_sm_pay_history	kurs	double	double	3	medium	avg
m2_sm_pay_history	jumlah	double	double	3	medium	avg
m2_sm_pay_history	jumlahvalas	double	double	3	medium	avg
m2_sm_pay_history	urutan	int	int	3	medium	sum,count,avg
m4_rfq_detail_history	idhistorydetail	bigint	bigint	3	medium	sum,count,avg
m4_rfq_detail_history	idhistory	bigint	bigint	3	medium	sum,count,avg
m4_rfq_detail_history	idrfqdetail	bigint	bigint	3	medium	sum,count,avg
m4_rfq_detail_history	idrfq	bigint	bigint	3	medium	sum,count,avg
m4_rfq_detail_history	idkontak	bigint	bigint	3	medium	sum,count,avg
m4_rfq_detail_history	urutan	int	int	3	medium	sum,count,avg
m4_rfq_detail_history	customdbl1	double	double	3	medium	avg
m4_rfq_detail_history	customdbl2	double	double	3	medium	avg
m4_rfq_detail_history	customdbl3	double	double	3	medium	avg
m5_sie_detail	idsiedetail	bigint	bigint	3	medium	sum,count,avg
m5_sie_detail	idsie	bigint	bigint	3	medium	sum,count,avg
m5_sie_detail	idtransaksi	bigint	bigint	3	medium	sum,count,avg
m5_sie_detail	urutan	int	int	3	medium	sum,count,avg
m5_sie_detail	customdbl1	double	double	3	medium	avg
m5_sie_detail	customdbl2	double	double	3	medium	avg
m5_sie_detail	customdbl3	double	double	3	medium	avg
m7_asset	aid	bigint	bigint	3	medium	sum,count,avg
m7_asset	ajml	double	double	3	medium	avg
m7_asset	akurs	double	double	3	medium	avg
m7_asset	aharga	double	double	3	medium	avg
m7_asset	ajmldiskon	double	double	3	medium	avg
m7_asset	ajmlpajak1	double	double	3	medium	avg
m7_asset	ajmlpajak2	double	double	3	medium	avg
m7_asset	ahargabeli	double	double	3	medium	avg
m7_asset	anilairesidu	double	double	3	medium	avg
m7_asset	aumurekonomis	double	double	3	medium	avg
m7_asset	abebanperbln	double	double	3	medium	avg
m7_asset	aakumulasibeban	double	double	3	medium	avg
m7_asset	anilaibuku	double	double	3	medium	avg
m7_asset	aprodusen	bigint	bigint	3	medium	sum,count,avg
m7_asset	apenyusutanke	double	double	3	medium	avg
m7_asset	anilaimenurun	double	double	3	medium	avg
m7_asset	aisclose	int	int	3	medium	sum,count,avg
m7_asset	ainputuser	bigint	bigint	3	medium	sum,count,avg
m7_asset	amodifikasiuser	bigint	bigint unsigned	3	medium	sum,count,avg
m7_asset	acustomint1	int	int	3	medium	sum,count,avg
m7_asset	acustomint2	int	int	3	medium	sum,count,avg
m7_asset	acustomint3	int	int	3	medium	sum,count,avg
m7_asset	acustomint4	int	int	3	medium	sum,count,avg
m7_asset	acustomint5	int	int	3	medium	sum,count,avg
m7_asset	acustomdbl1	double	double	3	medium	avg
m7_asset	acustomdbl2	double	double	3	medium	avg
m7_asset	acustomdbl3	double	double	3	medium	avg
m7_asset	acustomdbl4	double	double	3	medium	avg
m7_asset	acustomdbl5	double	double	3	medium	avg
m7_asset	aidbarang	bigint	bigint	3	medium	sum,count,avg
m7_asset	aakumulasibebansebelumnya	double	double	3	medium	avg
m7_asset	anilaibukusebelumnya	double	double	3	medium	avg
m7_depreciation_category	kode	bigint	bigint	3	medium	sum,count,avg
meetingagendas	AgendaId	int	int	3	medium	sum,count,avg
meetingagendas	MeetingId	int	int	3	medium	sum,count,avg
meetingagendas	AgendaNumber	int	int	3	medium	sum,count,avg
meetingagendas	AgendaTypeId	int	int	3	medium	sum,count,avg
meetingagendas	RequestedByContactId	int	int	3	medium	sum,count,avg
m0_jenismutasi	jenismutasi	int	int	2	medium	sum,count,avg
m1_expedition_history	eidhistory	bigint	bigint	2	medium	sum,count,avg
m1_expedition_history	einputuser	bigint	bigint	2	medium	sum,count,avg
m1_expedition_history	emodifikasiuser	bigint	bigint	2	medium	sum,count,avg
m1_item_permission	ipinputuser	bigint	bigint	2	medium	sum,count,avg
m1_item_permission	ipmodifikasiuser	bigint	bigint	2	medium	sum,count,avg
m1_item_permission	ipcustomint1	int	int	2	medium	sum,count,avg
m1_item_permission	ipcustomint2	int	int	2	medium	sum,count,avg
m1_item_permission	ipcustomint3	int	int	2	medium	sum,count,avg
m1_item_permission	ipcustomdbl1	double	double	2	medium	avg
m1_item_permission	ipcustomdbl2	double	double	2	medium	avg
m1_item_permission	ipcustomdbl3	double	double	2	medium	avg
m1_price_category	pcinputuser	bigint	bigint	2	medium	sum,count,avg
m1_price_category	pcmodifikasiuser	bigint	bigint	2	medium	sum,count,avg
m1_price_category	pccustomint1	int	int	2	medium	sum,count,avg
m1_price_category	pccustomint2	int	int	2	medium	sum,count,avg
m1_price_category	pccustomint3	int	int	2	medium	sum,count,avg
m1_price_category	pccustomdbl1	double	double	2	medium	avg
m1_price_category	pccustomdbl2	double	double	2	medium	avg
m1_price_category	pccustomdbl3	double	double	2	medium	avg
m1_production_category	pcinputuser	bigint	bigint	2	medium	sum,count,avg
m1_production_category	pcmodifikasiuser	bigint	bigint	2	medium	sum,count,avg
m1_production_category	pccustomint1	int	int	2	medium	sum,count,avg
m1_production_category	pccustomint2	int	int	2	medium	sum,count,avg
m1_production_category	pccustomint3	int	int	2	medium	sum,count,avg
m1_production_category	pccustomdbl1	double	double	2	medium	avg
m1_production_category	pccustomdbl2	double	double	2	medium	avg
m1_production_category	pccustomdbl3	double	double	2	medium	avg
m1_production_category_history	pcidhistory	bigint	bigint	2	medium	sum,count,avg
m1_production_category_history	pcinputuser	bigint	bigint	2	medium	sum,count,avg
m1_production_category_history	pcmodifikasiuser	bigint	bigint	2	medium	sum,count,avg
m1_production_category_history	pccustomint1	int	int	2	medium	sum,count,avg
m1_production_category_history	pccustomint2	int	int	2	medium	sum,count,avg
m1_production_category_history	pccustomint3	int	int	2	medium	sum,count,avg
m1_production_category_history	pccustomdbl1	double	double	2	medium	avg
m1_production_category_history	pccustomdbl2	double	double	2	medium	avg
m1_production_category_history	pccustomdbl3	double	double	2	medium	avg
m1_province	pinputuser	bigint	bigint	2	medium	sum,count,avg
m1_province	pmodifikasiuser	bigint	bigint	2	medium	sum,count,avg
m1_province_history	pidhistory	bigint	bigint	2	medium	sum,count,avg
m1_province_history	pinputuser	bigint	bigint	2	medium	sum,count,avg
m1_province_history	pmodifikasiuser	bigint	bigint	2	medium	sum,count,avg
m1_size_history	sidhistory	bigint	bigint	2	medium	sum,count,avg
m1_size_history	sinputuser	bigint	bigint	2	medium	sum,count,avg
m1_size_history	smodifikasiuser	bigint	bigint	2	medium	sum,count,avg
m1_size_history	scustomint1	int	int	2	medium	sum,count,avg
m1_size_history	scustomint2	int	int	2	medium	sum,count,avg
m1_size_history	scustomint3	int	int	2	medium	sum,count,avg
m1_size_history	scustomdbl1	double	double	2	medium	avg
m1_size_history	scustomdbl2	double	double	2	medium	avg
m1_size_history	scustomdbl3	double	double	2	medium	avg
m1_subdivision	sdinputuser	bigint	bigint unsigned	2	medium	sum,count,avg
m1_subdivision	sdmodifikasiuser	bigint	bigint unsigned	2	medium	sum,count,avg
m1_subdivision	sdcustomint1	int	int	2	medium	sum,count,avg
m1_subdivision	sdcustomint2	int	int	2	medium	sum,count,avg
m1_subdivision	sdcustomint3	int	int	2	medium	sum,count,avg
m1_subdivision	sdcustomdbl1	double	double	2	medium	avg
m1_subdivision	sdcustomdbl2	double	double	2	medium	avg
m1_subdivision	sdcustomdbl3	double	double	2	medium	avg
m1_transaction_note	tninputuser	bigint	bigint unsigned	2	medium	sum,count,avg
m1_transaction_note	tnmodifikasiuser	bigint	bigint unsigned	2	medium	sum,count,avg
m1_vendor	vinputuser	bigint	bigint	2	medium	sum,count,avg
m1_vendor	vmodifikasiuser	bigint	bigint	2	medium	sum,count,avg
m1_vendor	vcustomint1	int	int	2	medium	sum,count,avg
m1_vendor	vcustomint2	int	int	2	medium	sum,count,avg
m1_vendor	vcustomint3	int	int	2	medium	sum,count,avg
m1_vendor	vcustomdbl1	double	double	2	medium	avg
m1_vendor	vcustomdbl2	double	double	2	medium	avg
m1_vendor	vcustomdbl3	double	double	2	medium	avg
m2_cb_pay	idcbcarabayar	bigint	bigint	2	medium	sum,count,avg
m2_cb_pay	idcb	bigint	bigint	2	medium	sum,count,avg
m2_cb_pay	kurs	double	double	2	medium	avg
m2_cb_pay	jumlah	double	double	2	medium	avg
m2_cb_pay	jumlahvalas	double	double	2	medium	avg
m2_cb_pay	urutan	int	int	2	medium	sum,count,avg
m2_sg_detail_history	idhistorydetail	int	int	2	medium	sum,count,avg
m2_sg_detail_history	idhistory	int	int	2	medium	sum,count,avg
m2_sg_detail_history	idsgdetail	bigint	bigint	2	medium	sum,count,avg
m2_sg_detail_history	idsg	bigint	bigint	2	medium	sum,count,avg
m2_sg_detail_history	kontak	bigint	bigint	2	medium	sum,count,avg
m2_sg_detail_history	kurs	double	double	2	medium	avg
m2_sg_detail_history	jumlah	double	double	2	medium	avg
m2_sg_detail_history	jumlahvalas	double	double	2	medium	avg
m2_sg_detail_history	urutan	int	int	2	medium	sum,count,avg
m2_sg_detail_history	isclose	int	int	2	medium	sum,count,avg
m2_sg_detail_history	customdbl1	double	double	2	medium	avg
m2_sg_detail_history	customdbl2	double	double	2	medium	avg
m2_sg_detail_history	customdbl3	double	double	2	medium	avg
m2_sg_history	sgidhistory	int	int	2	medium	sum,count,avg
m2_sg_history	sgid	bigint	bigint	2	medium	sum,count,avg
m2_sg_history	sgkodepa	bigint	bigint	2	medium	sum,count,avg
m2_sg_history	sgkontak	bigint	bigint	2	medium	sum,count,avg
m2_sg_history	sgkurs	double	double	2	medium	avg
m2_sg_history	sgjumlah	double	double	2	medium	avg
m2_sg_history	sgjumlahvalas	double	double	2	medium	avg
m2_sg_history	sgjmlrevisi	int	int	2	medium	sum,count,avg
m2_sg_history	sgisclose	int	int	2	medium	sum,count,avg
m2_sg_history	sginputuser	bigint	bigint	2	medium	sum,count,avg
m2_sg_history	sgmodifikasiuser	bigint	bigint	2	medium	sum,count,avg
m2_sg_history	sgcustomint1	int	int	2	medium	sum,count,avg
m2_sg_history	sgcustomint2	int	int	2	medium	sum,count,avg
m2_sg_history	sgcustomint3	int	int	2	medium	sum,count,avg
m2_sg_history	sgcustomdbl1	double	double	2	medium	avg
m2_sg_history	sgcustomdbl2	double	double	2	medium	avg
m2_sg_history	sgcustomdbl3	double	double	2	medium	avg
m2_sgc	sgcid	bigint	bigint	2	medium	sum,count,avg
m2_sgc	sgckodepa	bigint	bigint	2	medium	sum,count,avg
m2_sgc	sgckontak	bigint	bigint	2	medium	sum,count,avg
m2_sgc	sgckurs	double	double	2	medium	avg
m2_sgc	sgcjumlah	double	double	2	medium	avg
m2_sgc	sgcjumlahvalas	double	double	2	medium	avg
m2_sgc	sgcidsg	bigint	bigint	2	medium	sum,count,avg
m2_sgc	sgcjmlrevisi	int	int	2	medium	sum,count,avg
m2_sgc	sgcisclose	int	int	2	medium	sum,count,avg
m2_sgc	sgcinputuser	bigint	bigint	2	medium	sum,count,avg
m2_sgc	sgcmodifikasiuser	bigint	bigint	2	medium	sum,count,avg
m2_sgc	sgccustomint1	int	int	2	medium	sum,count,avg
m2_sgc	sgccustomint2	int	int	2	medium	sum,count,avg
m2_sgc	sgccustomint3	int	int	2	medium	sum,count,avg
m2_sgc	sgccustomdbl1	double	double	2	medium	avg
m2_sgc	sgccustomdbl2	double	double	2	medium	avg
m2_sgc	sgccustomdbl3	double	double	2	medium	avg
m2_sgc_detail	idsgcdetail	bigint	bigint	2	medium	sum,count,avg
m2_sgc_detail	idsgc	bigint	bigint	2	medium	sum,count,avg
m2_sgc_detail	kontak	bigint	bigint	2	medium	sum,count,avg
m2_sgc_detail	kurs	double	double	2	medium	avg
m2_sgc_detail	jumlah	double	double	2	medium	avg
m2_sgc_detail	jumlahvalas	double	double	2	medium	avg
m2_sgc_detail	urutan	int	int	2	medium	sum,count,avg
m2_sgc_detail	idsgdetail	bigint	bigint	2	medium	sum,count,avg
m2_sgc_detail	isclose	int	int	2	medium	sum,count,avg
m2_sgc_detail	customdbl1	double	double	2	medium	avg
m2_sgc_detail	customdbl2	double	double	2	medium	avg
m2_sgc_detail	customdbl3	double	double	2	medium	avg
m3_rs_detail_history	idhistorydetail	int	int	2	medium	sum,count,avg
m3_rs_detail_history	idhistory	int	int	2	medium	sum,count,avg
m3_rs_detail_history	idrsdetail	bigint	bigint	2	medium	sum,count,avg
m3_rs_detail_history	idrs	bigint	bigint	2	medium	sum,count,avg
m3_rs_detail_history	idbarang	bigint	bigint	2	medium	sum,count,avg
m3_rs_detail_history	jml	double	double	2	medium	avg
m3_rs_detail_history	nilaisatuan	double	double	2	medium	avg
m3_rs_detail_history	jmlbarang	double	double	2	medium	avg
m3_rs_detail_history	urutan	int	int	2	medium	sum,count,avg
m3_rs_detail_history	idmrdetail	bigint	bigint	2	medium	sum,count,avg
m3_rs_detail_history	idtsdetail	bigint	bigint	2	medium	sum,count,avg
m3_rs_detail_history	customdbl1	double	double	2	medium	avg
m3_rs_detail_history	customdbl2	double	double	2	medium	avg
m3_rs_detail_history	customdbl3	double	double	2	medium	avg
m3_rs_history	rsidhistory	int	int	2	medium	sum,count,avg
m3_rs_history	rsid	bigint	bigint	2	medium	sum,count,avg
m3_rs_history	rskodepa	bigint	bigint	2	medium	sum,count,avg
m3_rs_history	rsbagianterima	bigint	bigint	2	medium	sum,count,avg
m3_rs_history	rsidmr	bigint	bigint	2	medium	sum,count,avg
m3_rs_history	rsidts	bigint	bigint	2	medium	sum,count,avg
m3_rs_history	rsjmlrevisi	int	int	2	medium	sum,count,avg
m3_rs_history	rsinputuser	bigint	bigint unsigned	2	medium	sum,count,avg
m3_rs_history	rsmodifikasiuser	bigint	bigint unsigned	2	medium	sum,count,avg
m3_rs_history	rscustomint1	int	int	2	medium	sum,count,avg
m3_rs_history	rscustomint2	int	int	2	medium	sum,count,avg
m3_rs_history	rscustomint3	int	int	2	medium	sum,count,avg
m3_rs_history	rscustomdbl1	double	double	2	medium	avg
m3_rs_history	rscustomdbl2	double	double	2	medium	avg
m3_rs_history	rscustomdbl3	double	double	2	medium	avg
m4_pie_detail_history	idhistorydetail	bigint	bigint	2	medium	sum,count,avg
m4_pie_detail_history	idhistory	bigint	bigint	2	medium	sum,count,avg
m4_pie_detail_history	idpiedetail	bigint	bigint	2	medium	sum,count,avg
m4_pie_detail_history	idpie	bigint	bigint	2	medium	sum,count,avg
m4_pie_detail_history	idtransaksi	bigint	bigint	2	medium	sum,count,avg
m4_pie_detail_history	urutan	int	int	2	medium	sum,count,avg
m4_pie_detail_history	customdbl1	double	double	2	medium	avg
m4_pie_detail_history	customdbl2	double	double	2	medium	avg
m4_pie_detail_history	customdbl3	double	double	2	medium	avg
m4_pie_history	pieidhistory	bigint	bigint	2	medium	sum,count,avg
m4_pie_history	pieid	bigint	bigint	2	medium	sum,count,avg
m4_pie_history	piekodepa	bigint	bigint	2	medium	sum,count,avg
m4_pie_history	piekontak	bigint	bigint	2	medium	sum,count,avg
m4_pie_history	piejmlrevisi	int	int	2	medium	sum,count,avg
m4_pie_history	pieinputuser	bigint	bigint	2	medium	sum,count,avg
m4_pie_history	piemodifikasiuser	bigint	bigint	2	medium	sum,count,avg
m4_pie_history	pieisclose	int	int	2	medium	sum,count,avg
m4_pie_history	piecustomint1	int	int	2	medium	sum,count,avg
m4_pie_history	piecustomint2	int	int	2	medium	sum,count,avg
m4_pie_history	piecustomint3	int	int	2	medium	sum,count,avg
m4_pie_history	piecustomdbl1	double	double	2	medium	avg
m4_pie_history	piecustomdbl2	double	double	2	medium	avg
m4_pie_history	piecustomdbl3	double	double	2	medium	avg
m4_rfq_history	rfqidhistory	bigint	bigint	2	medium	sum,count,avg
m4_rfq_history	rfqid	bigint	bigint	2	medium	sum,count,avg
m4_rfq_history	rfqkodepa	bigint	bigint	2	medium	sum,count,avg
m4_rfq_history	rfqidpr	bigint	bigint	2	medium	sum,count,avg
m4_rfq_history	rfqjmlrevisi	int	int	2	medium	sum,count,avg
m4_rfq_history	rfqinputuser	bigint	bigint	2	medium	sum,count,avg
m4_rfq_history	rfqmodifikasiuser	bigint	bigint	2	medium	sum,count,avg
m4_rfq_history	rfqisclose	int	int	2	medium	sum,count,avg
m4_rfq_history	rfqcustomint1	int	int	2	medium	sum,count,avg
m4_rfq_history	rfqcustomint2	int	int	2	medium	sum,count,avg
m4_rfq_history	rfqcustomint3	int	int	2	medium	sum,count,avg
m4_rfq_history	rfqcustomdbl1	double	double	2	medium	avg
m4_rfq_history	rfqcustomdbl2	double	double	2	medium	avg
m4_rfq_history	rfqcustomdbl3	double	double	2	medium	avg
m5_sie	sieid	bigint	bigint	2	medium	sum,count,avg
m5_sie	siekodepa	bigint	bigint	2	medium	sum,count,avg
m5_sie	siekontak	bigint	bigint	2	medium	sum,count,avg
m5_sie	siejmlrevisi	int	int	2	medium	sum,count,avg
m5_sie	sieinputuser	bigint	bigint	2	medium	sum,count,avg
m5_sie	siemodifikasiuser	bigint	bigint	2	medium	sum,count,avg
m5_sie	sieisclose	int	int	2	medium	sum,count,avg
m5_sie	siecustomint1	int	int	2	medium	sum,count,avg
m5_sie	siecustomint2	int	int	2	medium	sum,count,avg
m5_sie	siecustomint3	int	int	2	medium	sum,count,avg
m5_sie	siecustomdbl1	double	double	2	medium	avg
m5_sie	siecustomdbl2	double	double	2	medium	avg
m5_sie	siecustomdbl3	double	double	2	medium	avg
m7_asset_history	aidhistory	bigint	bigint	2	medium	sum,count,avg
m7_asset_history	aid	bigint	bigint	2	medium	sum,count,avg
m7_asset_history	ajml	double	double	2	medium	avg
m7_asset_history	akurs	double	double	2	medium	avg
m7_asset_history	aharga	double	double	2	medium	avg
m7_asset_history	ajmldiskon	double	double	2	medium	avg
m7_asset_history	ajmlpajak1	double	double	2	medium	avg
m7_asset_history	ajmlpajak2	double	double	2	medium	avg
m7_asset_history	ahargabeli	double	double	2	medium	avg
m7_asset_history	anilairesidu	double	double	2	medium	avg
m7_asset_history	aumurekonomis	double	double	2	medium	avg
m7_asset_history	abebanperbln	double	double	2	medium	avg
m7_asset_history	aakumulasibeban	double	double	2	medium	avg
m7_asset_history	anilaibuku	double	double	2	medium	avg
m7_asset_history	aprodusen	bigint	bigint	2	medium	sum,count,avg
m7_asset_history	apenyusutanke	double	double	2	medium	avg
m7_asset_history	anilaimenurun	double	double	2	medium	avg
m7_asset_history	aisclose	int	int	2	medium	sum,count,avg
m7_asset_history	ainputuser	bigint	bigint	2	medium	sum,count,avg
m7_asset_history	amodifikasiuser	bigint	bigint unsigned	2	medium	sum,count,avg
m7_asset_history	acustomint1	int	int	2	medium	sum,count,avg
m7_asset_history	acustomint2	int	int	2	medium	sum,count,avg
m7_asset_history	acustomint3	int	int	2	medium	sum,count,avg
m7_asset_history	acustomint4	int	int	2	medium	sum,count,avg
m7_asset_history	acustomint5	int	int	2	medium	sum,count,avg
m7_asset_history	acustomdbl1	double	double	2	medium	avg
m7_asset_history	acustomdbl2	double	double	2	medium	avg
m7_asset_history	acustomdbl3	double	double	2	medium	avg
m7_asset_history	acustomdbl4	double	double	2	medium	avg
m7_asset_history	acustomdbl5	double	double	2	medium	avg
m7_asset_history	aidbarang	bigint	bigint	2	medium	sum,count,avg
m7_asset_history	aakumulasibebansebelumnya	double	double	2	medium	avg
m7_asset_history	anilaibukusebelumnya	double	double	2	medium	avg
m_12_pos_category	pcinputuser	bigint	bigint	2	medium	sum,count,avg
m_12_pos_category	pcmodifikasiuser	bigint	bigint	2	medium	sum,count,avg
m_12_pos_category	pccustomint1	int	int	2	medium	sum,count,avg
m_12_pos_category	pccustomint2	int	int	2	medium	sum,count,avg
m_12_pos_category	pccustomint3	int	int	2	medium	sum,count,avg
m_12_pos_category	pccustomdbl1	double	double	2	medium	avg
m_12_pos_category	pccustomdbl2	double	double	2	medium	avg
m_12_pos_category	pccustomdbl3	double	double	2	medium	avg
m_12_pos_type	ptinputuser	bigint	bigint	2	medium	sum,count,avg
m_12_pos_type	ptmodifikasiuser	bigint	bigint	2	medium	sum,count,avg
m_12_pos_type	ptcustomint1	int	int	2	medium	sum,count,avg
m_12_pos_type	ptcustomint2	int	int	2	medium	sum,count,avg
m_12_pos_type	ptcustomint3	int	int	2	medium	sum,count,avg
m_12_pos_type	ptcustomdbl1	double	double	2	medium	avg
m_12_pos_type	ptcustomdbl2	double	double	2	medium	avg
m_12_pos_type	ptcustomdbl3	double	double	2	medium	avg
meetingattendees	AttendeeId	int	int	2	medium	sum,count,avg
meetingattendees	MeetingId	int	int	2	medium	sum,count,avg
meetingattendees	ContactId	int	int	2	medium	sum,count,avg
meetingattendees	AttendeeType	int	int	2	medium	sum,count,avg
meetingattendees	AttendanceStatus	int	int	2	medium	sum,count,avg
userpreferences	UserPreferenceId	int	int	2	medium	sum,count,avg
userpreferences	UserId	bigint	bigint	2	medium	sum,count,avg
userroles	UserRoleId	bigint	bigint	2	medium	sum,count,avg
userroles	UserId	int	int	2	medium	sum,count,avg
userroles	RoleId	int	int	2	medium	sum,count,avg
ak_tmp	akid	bigint	bigint	0	medium	sum,count,avg
ak_tmp	akkodepa	bigint	bigint	0	medium	sum,count,avg
ak_tmp	akcustomer	bigint	bigint	0	medium	sum,count,avg
ak_tmp	akidkj	bigint	bigint	0	medium	sum,count,avg
ak_tmp	akjmlrevisi	int	int	0	medium	sum,count,avg
ak_tmp	akinputuser	bigint	bigint unsigned	0	medium	sum,count,avg
ak_tmp	akmodifikasiuser	bigint	bigint unsigned	0	medium	sum,count,avg
ak_tmp	akcustomint1	int	int	0	medium	sum,count,avg
ak_tmp	akcustomint2	int	int	0	medium	sum,count,avg
ak_tmp	akcustomint3	int	int	0	medium	sum,count,avg
ak_tmp	akcustomint4	int	int	0	medium	sum,count,avg
ak_tmp	akcustomint5	int	int	0	medium	sum,count,avg
ak_tmp	akcustomint6	int	int	0	medium	sum,count,avg
ak_tmp	akcustomint7	int	int	0	medium	sum,count,avg
ak_tmp	akcustomint8	int	int	0	medium	sum,count,avg
ak_tmp	akcustomint9	int	int	0	medium	sum,count,avg
ak_tmp	akcustomint10	int	int	0	medium	sum,count,avg
ak_tmp	akcustomint11	int	int	0	medium	sum,count,avg
ak_tmp	akcustomint12	int	int	0	medium	sum,count,avg
ak_tmp	akcustomint13	int	int	0	medium	sum,count,avg
ak_tmp	akcustomint14	int	int	0	medium	sum,count,avg
ak_tmp	akcustomint15	int	int	0	medium	sum,count,avg
ak_tmp	akcustomint16	int	int	0	medium	sum,count,avg
ak_tmp	akcustomint17	int	int	0	medium	sum,count,avg
ak_tmp	akcustomint18	int	int	0	medium	sum,count,avg
ak_tmp	akcustomint19	int	int	0	medium	sum,count,avg
ak_tmp	akcustomint20	int	int	0	medium	sum,count,avg
ak_tmp	akcustomdbl1	double	double	0	medium	avg
ak_tmp	akcustomdbl2	double	double	0	medium	avg
ak_tmp	akcustomdbl3	double	double	0	medium	avg
ak_tmp	akcustomdbl4	double	double	0	medium	avg
ak_tmp	akcustomdbl5	double	double	0	medium	avg
ak_tmp	akcustomdbl6	double	double	0	medium	avg
ak_tmp	akcustomdbl7	double	double	0	medium	avg
ak_tmp	akcustomdbl8	double	double	0	medium	avg
ak_tmp	akcustomdbl9	double	double	0	medium	avg
ak_tmp	akcustomdbl10	double	double	0	medium	avg
ak_tmp	akcustomdbl11	double	double	0	medium	avg
ak_tmp	akcustomdbl12	double	double	0	medium	avg
ak_tmp	akcustomdbl13	double	double	0	medium	avg
ak_tmp	akcustomdbl14	double	double	0	medium	avg
ak_tmp	akcustomdbl15	double	double	0	medium	avg
ak_tmp	akcustomdbl16	double	double	0	medium	avg
ak_tmp	akcustomdbl17	double	double	0	medium	avg
ak_tmp	akcustomdbl18	double	double	0	medium	avg
ak_tmp	akcustomdbl19	double	double	0	medium	avg
ak_tmp	akcustomdbl20	double	double	0	medium	avg
ak_tmp	akkurs	double	double	0	medium	avg
ak_tmp	akpetugas	bigint	bigint	0	medium	sum,count,avg
ak_tmp	akresep	double	double	0	medium	avg
ak_tmp	akracik	double	double	0	medium	avg
ak_tmp	akembalase	double	double	0	medium	avg
ak_tmp	akketerangan	int	int	0	medium	sum,count,avg
businessunits	UnitId	int	int	0	medium	sum,count,avg
businessunits	ParentUnitId	int	int	0	medium	sum,count,avg
contacts	ContactId	int	int	0	medium	sum,count,avg
contacts	UserId	int	int	0	medium	sum,count,avg
dataauditlog	LogId	int	int	0	medium	sum,count,avg
dataauditlog	UserId	int	int	0	medium	sum,count,avg
exceptions	Id	bigint	bigint	0	medium	sum,count,avg
exceptions	StatusCode	int	int	0	medium	sum,count,avg
exceptions	ErrorHash	int	int	0	medium	sum,count,avg
exceptions	DuplicateCount	int	int	0	medium	sum,count,avg
lb_tmp	lbid	bigint	bigint	0	medium	sum,count,avg
lb_tmp	lbkodepa	bigint	bigint	0	medium	sum,count,avg
lb_tmp	lbcustomer	bigint	bigint	0	medium	sum,count,avg
lb_tmp	lbidkj	bigint	bigint	0	medium	sum,count,avg
lb_tmp	lbjmlrevisi	int	int	0	medium	sum,count,avg
lb_tmp	lbinputuser	bigint	bigint unsigned	0	medium	sum,count,avg
lb_tmp	lbmodifikasiuser	bigint	bigint unsigned	0	medium	sum,count,avg
lb_tmp	lbcustomint1	int	int	0	medium	sum,count,avg
lb_tmp	lbcustomint2	int	int	0	medium	sum,count,avg
lb_tmp	lbcustomint3	int	int	0	medium	sum,count,avg
lb_tmp	lbcustomint4	int	int	0	medium	sum,count,avg
lb_tmp	lbcustomint5	int	int	0	medium	sum,count,avg
lb_tmp	lbcustomint6	int	int	0	medium	sum,count,avg
lb_tmp	lbcustomint7	int	int	0	medium	sum,count,avg
lb_tmp	lbcustomint8	int	int	0	medium	sum,count,avg
lb_tmp	lbcustomint9	int	int	0	medium	sum,count,avg
lb_tmp	lbcustomint10	int	int	0	medium	sum,count,avg
lb_tmp	lbcustomint11	int	int	0	medium	sum,count,avg
lb_tmp	lbcustomint12	int	int	0	medium	sum,count,avg
lb_tmp	lbcustomint13	int	int	0	medium	sum,count,avg
lb_tmp	lbcustomint14	int	int	0	medium	sum,count,avg
lb_tmp	lbcustomint15	int	int	0	medium	sum,count,avg
lb_tmp	lbcustomint16	int	int	0	medium	sum,count,avg
lb_tmp	lbcustomint17	int	int	0	medium	sum,count,avg
lb_tmp	lbcustomint18	int	int	0	medium	sum,count,avg
lb_tmp	lbcustomint19	int	int	0	medium	sum,count,avg
lb_tmp	lbcustomint20	int	int	0	medium	sum,count,avg
lb_tmp	lbcustomdbl1	double	double	0	medium	avg
lb_tmp	lbcustomdbl2	double	double	0	medium	avg
lb_tmp	lbcustomdbl3	double	double	0	medium	avg
lb_tmp	lbcustomdbl4	double	double	0	medium	avg
lb_tmp	lbcustomdbl5	double	double	0	medium	avg
lb_tmp	lbcustomdbl6	double	double	0	medium	avg
lb_tmp	lbcustomdbl7	double	double	0	medium	avg
lb_tmp	lbcustomdbl8	double	double	0	medium	avg
lb_tmp	lbcustomdbl9	double	double	0	medium	avg
lb_tmp	lbcustomdbl10	double	double	0	medium	avg
lb_tmp	lbcustomdbl11	double	double	0	medium	avg
lb_tmp	lbcustomdbl12	double	double	0	medium	avg
lb_tmp	lbcustomdbl13	double	double	0	medium	avg
lb_tmp	lbcustomdbl14	double	double	0	medium	avg
lb_tmp	lbcustomdbl15	double	double	0	medium	avg
lb_tmp	lbcustomdbl16	double	double	0	medium	avg
lb_tmp	lbcustomdbl17	double	double	0	medium	avg
lb_tmp	lbcustomdbl18	double	double	0	medium	avg
lb_tmp	lbcustomdbl19	double	double	0	medium	avg
lb_tmp	lbcustomdbl20	double	double	0	medium	avg
lb_tmp	lbkurs	double	double	0	medium	avg
lb_tmp	lbpetugas	bigint	bigint	0	medium	sum,count,avg
lb_tmp	lbketerangan	int	int	0	medium	sum,count,avg
lu_tmp	luid	bigint	bigint	0	medium	sum,count,avg
lu_tmp	lukodepa	bigint	bigint	0	medium	sum,count,avg
lu_tmp	lucustomer	bigint	bigint	0	medium	sum,count,avg
lu_tmp	lukurs	double	double	0	medium	avg
lu_tmp	luidkj	bigint	bigint	0	medium	sum,count,avg
lu_tmp	lujmlrevisi	int	int	0	medium	sum,count,avg
lu_tmp	luinputuser	bigint	bigint unsigned	0	medium	sum,count,avg
lu_tmp	lumodifikasiuser	bigint	bigint unsigned	0	medium	sum,count,avg
lu_tmp	lucustomint1	int	int	0	medium	sum,count,avg
lu_tmp	lucustomint2	int	int	0	medium	sum,count,avg
lu_tmp	lucustomint3	int	int	0	medium	sum,count,avg
lu_tmp	lucustomint4	int	int	0	medium	sum,count,avg
lu_tmp	lucustomint5	int	int	0	medium	sum,count,avg
lu_tmp	lucustomint6	int	int	0	medium	sum,count,avg
lu_tmp	lucustomint7	int	int	0	medium	sum,count,avg
lu_tmp	lucustomint8	int	int	0	medium	sum,count,avg
lu_tmp	lucustomint9	int	int	0	medium	sum,count,avg
lu_tmp	lucustomint10	int	int	0	medium	sum,count,avg
lu_tmp	lucustomint11	int	int	0	medium	sum,count,avg
lu_tmp	lucustomint12	int	int	0	medium	sum,count,avg
lu_tmp	lucustomint13	int	int	0	medium	sum,count,avg
lu_tmp	lucustomint14	int	int	0	medium	sum,count,avg
lu_tmp	lucustomint15	int	int	0	medium	sum,count,avg
lu_tmp	lucustomint16	int	int	0	medium	sum,count,avg
lu_tmp	lucustomint17	int	int	0	medium	sum,count,avg
lu_tmp	lucustomint18	int	int	0	medium	sum,count,avg
lu_tmp	lucustomint19	int	int	0	medium	sum,count,avg
lu_tmp	lucustomint20	int	int	0	medium	sum,count,avg
lu_tmp	lucustomdbl1	double	double	0	medium	avg
lu_tmp	lucustomdbl2	double	double	0	medium	avg
lu_tmp	lucustomdbl3	double	double	0	medium	avg
lu_tmp	lucustomdbl4	double	double	0	medium	avg
lu_tmp	lucustomdbl5	double	double	0	medium	avg
lu_tmp	lucustomdbl6	double	double	0	medium	avg
lu_tmp	lucustomdbl7	double	double	0	medium	avg
lu_tmp	lucustomdbl8	double	double	0	medium	avg
lu_tmp	lucustomdbl9	double	double	0	medium	avg
lu_tmp	lucustomdbl10	double	double	0	medium	avg
lu_tmp	lucustomdbl11	double	double	0	medium	avg
lu_tmp	lucustomdbl12	double	double	0	medium	avg
lu_tmp	lucustomdbl13	double	double	0	medium	avg
lu_tmp	lucustomdbl14	double	double	0	medium	avg
lu_tmp	lucustomdbl15	double	double	0	medium	avg
lu_tmp	lucustomdbl16	double	double	0	medium	avg
lu_tmp	lucustomdbl17	double	double	0	medium	avg
lu_tmp	lucustomdbl18	double	double	0	medium	avg
lu_tmp	lucustomdbl19	double	double	0	medium	avg
lu_tmp	lucustomdbl20	double	double	0	medium	avg
lu_tmp	lujenisbilling	int	int	0	medium	sum,count,avg
lu_tmp	lupetugas	bigint	bigint	0	medium	sum,count,avg
m0_backup	id	int	int	0	medium	sum,count,avg
m0_backup	status	int	int	0	medium	sum,count,avg
m0_config	cid	bigint	bigint	0	medium	sum,count,avg
m0_config	ckota	bigint	bigint unsigned	0	medium	sum,count,avg
m0_config	cpropinsi	bigint	bigint unsigned	0	medium	sum,count,avg
m0_config	cnegara	bigint	bigint unsigned	0	medium	sum,count,avg
m0_config	c1kota	bigint	bigint unsigned	0	medium	sum,count,avg
m0_config	c1propinsi	bigint	bigint unsigned	0	medium	sum,count,avg
m0_config	c1negara	bigint	bigint unsigned	0	medium	sum,count,avg
m0_config	c2kota	bigint	bigint unsigned	0	medium	sum,count,avg
m0_config	c2propinsi	bigint	bigint unsigned	0	medium	sum,count,avg
m0_config	c2negara	bigint	bigint unsigned	0	medium	sum,count,avg
m0_config	ckodecabang	bigint	bigint	0	medium	sum,count,avg
m0_config	ctarif1	double	double	0	medium	avg
m0_config	ctarif2	double	double	0	medium	avg
m0_config	ctarif3	double	double	0	medium	avg
m0_config	ctarif4	double	double	0	medium	avg
m0_config	cdpp1	double	double	0	medium	avg
m0_config	cdpp2	double	double	0	medium	avg
m0_config	cdpp3	double	double	0	medium	avg
m0_config	cdpp4	double	double	0	medium	avg
m0_config	cbawah	bigint	bigint	0	medium	sum,count,avg
m0_config	catas	bigint	bigint	0	medium	sum,count,avg
m0_config	ckiri	bigint	bigint	0	medium	sum,count,avg
m0_config	ckanan	bigint	bigint	0	medium	sum,count,avg
m0_config	cpanjang	bigint	bigint	0	medium	sum,count,avg
m0_config	clebar	bigint	bigint	0	medium	sum,count,avg
m0_config	cjumlahdigitrekening	bigint	bigint	0	medium	sum,count,avg
m0_config	ctinggigambar	double	double	0	medium	avg
m0_config	clebargambar	double	double	0	medium	avg
m0_config	csisauserlog	double	double	0	medium	avg
m0_export	eid	bigint	bigint	0	medium	sum,count,avg
m0_export	emodule	bigint	bigint	0	medium	sum,count,avg
m0_export	emenu	bigint	bigint	0	medium	sum,count,avg
m0_export	eitem	int	int	0	medium	sum,count,avg
m0_export	eaktif	int	int	0	medium	sum,count,avg
m0_export	eurutan	int	int	0	medium	sum,count,avg
m0_group_aq	tahun	bigint	bigint	0	medium	sum,count,avg
m0_group_aq	noberikutnya	double	double	0	medium	avg
m0_hppsaldo	id	bigint	bigint unsigned	0	medium	sum,count,avg
m0_hppsaldo	idutama	bigint	bigint	0	medium	sum,count,avg
m0_hppsaldo	iddetail	bigint	bigint	0	medium	sum,count,avg
m0_hppsaldo	idbarang	bigint	bigint	0	medium	sum,count,avg
m0_hppsaldo	customint1	int	int	0	medium	sum,count,avg
m0_hppsaldo	customint2	int	int	0	medium	sum,count,avg
m0_hppsaldo	customint3	int	int	0	medium	sum,count,avg
m0_hppsaldo	customint4	int	int	0	medium	sum,count,avg
m0_hppsaldo	customint5	int	int	0	medium	sum,count,avg
m0_hppsaldo	customint6	int	int	0	medium	sum,count,avg
m0_hppsaldo	customint7	int	int	0	medium	sum,count,avg
m0_hppsaldo	customint8	int	int	0	medium	sum,count,avg
m0_hppsaldo	customint9	int	int	0	medium	sum,count,avg
m0_hppsaldo	customint10	int	int	0	medium	sum,count,avg
m0_hppsaldo	customdbl1	double	double	0	medium	avg
m0_hppsaldo	customdbl2	double	double	0	medium	avg
m0_hppsaldo	customdbl3	double	double	0	medium	avg
m0_hppsaldo	customdbl4	double	double	0	medium	avg
m0_hppsaldo	customdbl5	double	double	0	medium	avg
m0_hppsaldo	customdbl6	double	double	0	medium	avg
m0_hppsaldo	customdbl7	double	double	0	medium	avg
m0_hppsaldo	customdbl8	double	double	0	medium	avg
m0_hppsaldo	customdbl9	double	double	0	medium	avg
m0_hppsaldo	customdbl10	double	double	0	medium	avg
m0_msmq_importdata	miprogresspersen	double	double	0	medium	avg
m0_msmq_importdata	miprogress	int	int	0	medium	sum,count,avg
m0_msmq_importdata	miuserid	bigint	bigint	0	medium	sum,count,avg
m0_nomor_mobile	userid	int	int	0	medium	sum,count,avg
m0_nomor_mobile	noberikutnya	int	int	0	medium	sum,count,avg
m0_nomor_next_failed	id	bigint	bigint	0	medium	sum,count,avg
m0_nomor_next_failed	tahun	bigint	bigint	0	medium	sum,count,avg
m0_nomor_next_failed	nogagal	double	double	0	medium	avg
m0_notifikasi_email	moduleid	bigint	bigint	0	medium	sum,count,avg
m0_notifikasi_email	menuid	bigint	bigint	0	medium	sum,count,avg
m0_notifikasi_email	userid	bigint	bigint	0	medium	sum,count,avg
m0_notifikasi_email	useridmail	bigint	bigint	0	medium	sum,count,avg
m0_setting_location	slmodule	bigint	bigint	0	medium	sum,count,avg
m0_setting_location	slurutan	int	int	0	medium	sum,count,avg
m0_si	siid	bigint	bigint	0	medium	sum,count,avg
m0_si	sikodepa	bigint	bigint	0	medium	sum,count,avg
m0_si	sicustomer	bigint	bigint	0	medium	sum,count,avg
m0_si	sibagianpenjualan	bigint	bigint	0	medium	sum,count,avg
m0_si	sikurs	double	double	0	medium	avg
m0_si	sijmldiskon	double	double	0	medium	avg
m0_si	sibiayalain	double	double	0	medium	avg
m0_si	sijmluangmuka	double	double	0	medium	avg
m0_si	sijmlbayar	double	double	0	medium	avg
m0_si	sibayartunai	double	double	0	medium	avg
m0_si	sibayarkkredit	double	double	0	medium	avg
m0_si	sibayarkdebit	double	double	0	medium	avg
m0_si	sibayarvoucher	double	double	0	medium	avg
m0_si	sibayarpoin	double	double	0	medium	avg
m0_si	sibayarjmlpoin	double	double	0	medium	avg
m0_si	sicharge	double	double	0	medium	avg
m0_si	sijmlkembali	double	double	0	medium	avg
m0_si	sipoinsebelumnya	double	double	0	medium	avg
m0_si	sipoindidapat	double	double	0	medium	avg
m0_si	siidsq	bigint	bigint	0	medium	sum,count,avg
m0_si	siidso	bigint	bigint	0	medium	sum,count,avg
m0_si	siidas	bigint	bigint	0	medium	sum,count,avg
m0_si	siidpi	bigint	bigint	0	medium	sum,count,avg
m0_si	siidpl	bigint	bigint	0	medium	sum,count,avg
m0_si	siiddo	bigint	bigint	0	medium	sum,count,avg
m0_si	siiddr	bigint	bigint	0	medium	sum,count,avg
m0_si	sijmlrevisi	int	int	0	medium	sum,count,avg
m0_si	siinputuser	bigint	bigint unsigned	0	medium	sum,count,avg
m0_si	simodifikasiuser	bigint	bigint unsigned	0	medium	sum,count,avg
m0_si	sicustomint1	int	int	0	medium	sum,count,avg
m0_si	sicustomint2	int	int	0	medium	sum,count,avg
m0_si	sicustomint3	int	int	0	medium	sum,count,avg
m0_si	sicustomint4	int	int	0	medium	sum,count,avg
m0_si	sicustomint5	int	int	0	medium	sum,count,avg
m0_si	sicustomint6	int	int	0	medium	sum,count,avg
m0_si	sicustomint7	int	int	0	medium	sum,count,avg
m0_si	sicustomint8	int	int	0	medium	sum,count,avg
m0_si	sicustomint9	int	int	0	medium	sum,count,avg
m0_si	sicustomint10	int	int	0	medium	sum,count,avg
m0_si	sicustomdbl1	double	double	0	medium	avg
m0_si	sicustomdbl2	double	double	0	medium	avg
m0_si	sicustomdbl3	double	double	0	medium	avg
m0_si	sicustomdbl4	double	double	0	medium	avg
m0_si	sicustomdbl5	double	double	0	medium	avg
m0_si	sicustomdbl6	double	double	0	medium	avg
m0_si	sicustomdbl7	double	double	0	medium	avg
m0_si	sicustomdbl8	double	double	0	medium	avg
m0_si	sicustomdbl9	double	double	0	medium	avg
m0_si	sicustomdbl10	double	double	0	medium	avg
m0_si_detail	idsidetail	bigint	bigint	0	medium	sum,count,avg
m0_si_detail	idsi	bigint	bigint unsigned	0	medium	sum,count,avg
m0_si_detail	idbarang	bigint	bigint	0	medium	sum,count,avg
m0_si_detail	jml	double	double	0	medium	avg
m0_si_detail	nilaisatuan	double	double	0	medium	avg
m0_si_detail	jmlbarang	double	double	0	medium	avg
m0_si_detail	kurs	double	double	0	medium	avg
m0_si_detail	idhppkhususmasuk	bigint	bigint	0	medium	sum,count,avg
m0_si_detail	idhppfifomasuk	bigint	bigint	0	medium	sum,count,avg
m0_si_detail	harga	double	double	0	medium	avg
m0_si_detail	hpp	double	double	0	medium	avg
m0_si_detail	jmldiskon	double	double	0	medium	avg
m0_si_detail	jmlpajak1	double	double	0	medium	avg
m0_si_detail	jmlpajak2	double	double	0	medium	avg
m0_si_detail	urutan	int	int	0	medium	sum,count,avg
m0_si_detail	idsqdetail	bigint	bigint	0	medium	sum,count,avg
m0_si_detail	idsodetail	bigint	bigint	0	medium	sum,count,avg
m0_si_detail	idpidetail	bigint	bigint	0	medium	sum,count,avg
m0_si_detail	idpldetail	bigint	bigint	0	medium	sum,count,avg
m0_si_detail	iddodetail	bigint	bigint	0	medium	sum,count,avg
m0_si_detail	iddrdetail	bigint	bigint	0	medium	sum,count,avg
m0_si_detail	jmlrnr	double	double	0	medium	avg
m0_si_detail	jmlsr	double	double	0	medium	avg
m0_si_detail	jmlrealisasi	double	double	0	medium	avg
m0_si_detail	isbonusfrom	bigint	bigint	0	medium	sum,count,avg
m0_si_detail	customdbl1	double	double	0	medium	avg
m0_si_detail	customdbl2	double	double	0	medium	avg
m0_si_detail	customdbl3	double	double	0	medium	avg
m0_si_pay	idsicarabayar	bigint	bigint	0	medium	sum,count,avg
m0_si_pay	idsi	bigint	bigint	0	medium	sum,count,avg
m0_si_pay	kurs	double	double	0	medium	avg
m0_si_pay	jumlah	double	double	0	medium	avg
m0_si_pay	jumlahvalas	double	double	0	medium	avg
m0_si_pay	urutan	int	int	0	medium	sum,count,avg
m0_table_relation_status	trsid	bigint	bigint	0	medium	sum,count,avg
m0_table_relation_status	trserrstep	int	int	0	medium	sum,count,avg
m0_user_branch	userid	bigint	bigint	0	medium	sum,count,avg
m0_user_coa	userid	bigint	bigint	0	medium	sum,count,avg
m0_user_location	userid	bigint	bigint	0	medium	sum,count,avg
m0_user_warehouse	userid	bigint	bigint	0	medium	sum,count,avg
m0_usergrup	ugkode	bigint	bigint	0	medium	sum,count,avg
m0_userlogerror	ulid	bigint	bigint	0	medium	sum,count,avg
m0_userlogerror	uluserid	bigint	bigint	0	medium	sum,count,avg
m0_userlogerror	uljenis	bigint	bigint	0	medium	sum,count,avg
m0_validitas_data	no	bigint	bigint	0	medium	sum,count,avg
m0_validitas_data	kode	bigint	bigint	0	medium	sum,count,avg
m0_validitas_data	status	bigint	bigint	0	medium	sum,count,avg
m13_billing_category	bcinputuser	bigint	bigint	0	medium	sum,count,avg
m13_billing_category	bcmodifikasiuser	bigint	bigint	0	medium	sum,count,avg
m13_billing_category	bccustomint1	int	int	0	medium	sum,count,avg
m13_billing_category	bccustomint2	int	int	0	medium	sum,count,avg
m13_billing_category	bccustomint3	int	int	0	medium	sum,count,avg
m13_billing_category	bccustomint4	int	int	0	medium	sum,count,avg
m13_billing_category	bccustomint5	int	int	0	medium	sum,count,avg
m13_billing_category	bccustomint6	int	int	0	medium	sum,count,avg
m13_billing_category	bccustomint7	int	int	0	medium	sum,count,avg
m13_billing_category	bccustomint8	int	int	0	medium	sum,count,avg
m13_billing_category	bccustomint9	int	int	0	medium	sum,count,avg
m13_billing_category	bccustomint10	int	int	0	medium	sum,count,avg
m13_billing_category	bccustomint11	int	int	0	medium	sum,count,avg
m13_billing_category	bccustomint12	int	int	0	medium	sum,count,avg
m13_billing_category	bccustomint13	int	int	0	medium	sum,count,avg
m13_billing_category	bccustomint14	int	int	0	medium	sum,count,avg
m13_billing_category	bccustomint15	int	int	0	medium	sum,count,avg
m13_billing_category	bccustomint16	int	int	0	medium	sum,count,avg
m13_billing_category	bccustomint17	int	int	0	medium	sum,count,avg
m13_billing_category	bccustomint18	int	int	0	medium	sum,count,avg
m13_billing_category	bccustomint19	int	int	0	medium	sum,count,avg
m13_billing_category	bccustomint20	int	int	0	medium	sum,count,avg
m13_billing_category	bccustomint21	int	int	0	medium	sum,count,avg
m13_billing_category	bccustomint22	int	int	0	medium	sum,count,avg
m13_billing_category	bccustomint23	int	int	0	medium	sum,count,avg
m13_billing_category	bccustomint24	int	int	0	medium	sum,count,avg
m13_billing_category	bccustomint25	int	int	0	medium	sum,count,avg
m13_billing_category	bccustomdbl1	double	double	0	medium	avg
m13_billing_category	bccustomdbl2	double	double	0	medium	avg
m13_billing_category	bccustomdbl3	double	double	0	medium	avg
m13_billing_category	bccustomdbl4	double	double	0	medium	avg
m13_billing_category	bccustomdbl5	double	double	0	medium	avg
m13_billing_category	bccustomdbl6	double	double	0	medium	avg
m13_billing_category	bccustomdbl7	double	double	0	medium	avg
m13_billing_category	bccustomdbl8	double	double	0	medium	avg
m13_billing_category	bccustomdbl9	double	double	0	medium	avg
m13_billing_category	bccustomdbl10	double	double	0	medium	avg
m13_billing_category	bccustomdbl11	double	double	0	medium	avg
m13_billing_category	bccustomdbl12	double	double	0	medium	avg
m13_billing_category	bccustomdbl13	double	double	0	medium	avg
m13_billing_category	bccustomdbl14	double	double	0	medium	avg
m13_billing_category	bccustomdbl15	double	double	0	medium	avg
m13_billing_category	bccustomdbl16	double	double	0	medium	avg
m13_billing_category	bccustomdbl17	double	double	0	medium	avg
m13_billing_category	bccustomdbl18	double	double	0	medium	avg
m13_billing_category	bccustomdbl19	double	double	0	medium	avg
m13_billing_category	bccustomdbl20	double	double	0	medium	avg
m13_billing_category	bccustomdbl21	double	double	0	medium	avg
m13_billing_category	bccustomdbl22	double	double	0	medium	avg
m13_billing_category	bccustomdbl23	double	double	0	medium	avg
m13_billing_category	bccustomdbl24	double	double	0	medium	avg
m13_billing_category	bccustomdbl25	double	double	0	medium	avg
m13_billing_category_history	bcidhistory	bigint	bigint	0	medium	sum,count,avg
m13_billing_category_history	bcinputuser	bigint	bigint	0	medium	sum,count,avg
m13_billing_category_history	bcmodifikasiuser	bigint	bigint	0	medium	sum,count,avg
m13_billing_category_history	bccustomint1	int	int	0	medium	sum,count,avg
m13_billing_category_history	bccustomint2	int	int	0	medium	sum,count,avg
m13_billing_category_history	bccustomint3	int	int	0	medium	sum,count,avg
m13_billing_category_history	bccustomint4	int	int	0	medium	sum,count,avg
m13_billing_category_history	bccustomint5	int	int	0	medium	sum,count,avg
m13_billing_category_history	bccustomint6	int	int	0	medium	sum,count,avg
m13_billing_category_history	bccustomint7	int	int	0	medium	sum,count,avg
m13_billing_category_history	bccustomint8	int	int	0	medium	sum,count,avg
m13_billing_category_history	bccustomint9	int	int	0	medium	sum,count,avg
m13_billing_category_history	bccustomint10	int	int	0	medium	sum,count,avg
m13_billing_category_history	bccustomint11	int	int	0	medium	sum,count,avg
m13_billing_category_history	bccustomint12	int	int	0	medium	sum,count,avg
m13_billing_category_history	bccustomint13	int	int	0	medium	sum,count,avg
m13_billing_category_history	bccustomint14	int	int	0	medium	sum,count,avg
m13_billing_category_history	bccustomint15	int	int	0	medium	sum,count,avg
m13_billing_category_history	bccustomint16	int	int	0	medium	sum,count,avg
m13_billing_category_history	bccustomint17	int	int	0	medium	sum,count,avg
m13_billing_category_history	bccustomint18	int	int	0	medium	sum,count,avg
m13_billing_category_history	bccustomint19	int	int	0	medium	sum,count,avg
m13_billing_category_history	bccustomint20	int	int	0	medium	sum,count,avg
m13_billing_category_history	bccustomint21	int	int	0	medium	sum,count,avg
m13_billing_category_history	bccustomint22	int	int	0	medium	sum,count,avg
m13_billing_category_history	bccustomint23	int	int	0	medium	sum,count,avg
m13_billing_category_history	bccustomint24	int	int	0	medium	sum,count,avg
m13_billing_category_history	bccustomint25	int	int	0	medium	sum,count,avg
m13_billing_category_history	bccustomdbl1	double	double	0	medium	avg
m13_billing_category_history	bccustomdbl2	double	double	0	medium	avg
m13_billing_category_history	bccustomdbl3	double	double	0	medium	avg
m13_billing_category_history	bccustomdbl4	double	double	0	medium	avg
m13_billing_category_history	bccustomdbl5	double	double	0	medium	avg
m13_billing_category_history	bccustomdbl6	double	double	0	medium	avg
m13_billing_category_history	bccustomdbl7	double	double	0	medium	avg
m13_billing_category_history	bccustomdbl8	double	double	0	medium	avg
m13_billing_category_history	bccustomdbl9	double	double	0	medium	avg
m13_billing_category_history	bccustomdbl10	double	double	0	medium	avg
m13_billing_category_history	bccustomdbl11	double	double	0	medium	avg
m13_billing_category_history	bccustomdbl12	double	double	0	medium	avg
m13_billing_category_history	bccustomdbl13	double	double	0	medium	avg
m13_billing_category_history	bccustomdbl14	double	double	0	medium	avg
m13_billing_category_history	bcustomdbl15	double	double	0	medium	avg
m13_billing_category_history	bccustomdbl16	double	double	0	medium	avg
m13_billing_category_history	bccustomdbl17	double	double	0	medium	avg
m13_billing_category_history	bccustomdbl18	double	double	0	medium	avg
m13_billing_category_history	bccustomdbl19	double	double	0	medium	avg
m13_billing_category_history	bccustomdbl20	double	double	0	medium	avg
m13_billing_category_history	bccustomdbl21	double	double	0	medium	avg
m13_billing_category_history	bccustomdbl22	double	double	0	medium	avg
m13_billing_category_history	bccustomdbl23	double	double	0	medium	avg
m13_billing_category_history	bccustomdbl24	double	double	0	medium	avg
m13_billing_category_history	bccustomdbl25	double	double	0	medium	avg
m13_bl	blid	bigint	bigint	0	medium	sum,count,avg
m13_bl	blkodepa	bigint	bigint	0	medium	sum,count,avg
m13_bl	bljmlrevisi	int	int	0	medium	sum,count,avg
m13_bl	blinputuser	bigint	bigint unsigned	0	medium	sum,count,avg
m13_bl	blmodifikasiuser	bigint	bigint unsigned	0	medium	sum,count,avg
m13_bl	blcustomint1	int	int	0	medium	sum,count,avg
m13_bl	blcustomint2	int	int	0	medium	sum,count,avg
m13_bl	blcustomint3	int	int	0	medium	sum,count,avg
m13_bl	blcustomint4	int	int	0	medium	sum,count,avg
m13_bl	blcustomint5	int	int	0	medium	sum,count,avg
m13_bl	blcustomint6	int	int	0	medium	sum,count,avg
m13_bl	blcustomint7	int	int	0	medium	sum,count,avg
m13_bl	blcustomint8	int	int	0	medium	sum,count,avg
m13_bl	blcustomint9	int	int	0	medium	sum,count,avg
m13_bl	blcustomint10	int	int	0	medium	sum,count,avg
m13_bl	blcustomint11	int	int	0	medium	sum,count,avg
m13_bl	blcustomint12	int	int	0	medium	sum,count,avg
m13_bl	blcustomint13	int	int	0	medium	sum,count,avg
m13_bl	blcustomint14	int	int	0	medium	sum,count,avg
m13_bl	blcustomint15	int	int	0	medium	sum,count,avg
m13_bl	blcustomint16	int	int	0	medium	sum,count,avg
m13_bl	blcustomint17	int	int	0	medium	sum,count,avg
m13_bl	blcustomint18	int	int	0	medium	sum,count,avg
m13_bl	blcustomint19	int	int	0	medium	sum,count,avg
m13_bl	blcustomint20	int	int	0	medium	sum,count,avg
m13_bl	blcustomint21	int	int	0	medium	sum,count,avg
m13_bl	blcustomint22	int	int	0	medium	sum,count,avg
m13_bl	blcustomint23	int	int	0	medium	sum,count,avg
m13_bl	blcustomint24	int	int	0	medium	sum,count,avg
m13_bl	blcustomint25	int	int	0	medium	sum,count,avg
m13_bl	blcustomdbl1	double	double	0	medium	avg
m13_bl	blcustomdbl2	double	double	0	medium	avg
m13_bl	blcustomdbl3	double	double	0	medium	avg
m13_bl	blcustomdbl4	double	double	0	medium	avg
m13_bl	blcustomdbl5	double	double	0	medium	avg
m13_bl	blcustomdbl6	double	double	0	medium	avg
m13_bl	blcustomdbl7	double	double	0	medium	avg
m13_bl	blcustomdbl8	double	double	0	medium	avg
m13_bl	blcustomdbl9	double	double	0	medium	avg
m13_bl	blcustomdbl10	double	double	0	medium	avg
m13_bl	blcustomdbl11	double	double	0	medium	avg
m13_bl	blcustomdbl12	double	double	0	medium	avg
m13_bl	blcustomdbl13	double	double	0	medium	avg
m13_bl	blcustomdbl14	double	double	0	medium	avg
m13_bl	blcustomdbl15	double	double	0	medium	avg
m13_bl	blcustomdbl16	double	double	0	medium	avg
m13_bl	blcustomdbl17	double	double	0	medium	avg
m13_bl	blcustomdbl18	double	double	0	medium	avg
m13_bl	blcustomdbl19	double	double	0	medium	avg
m13_bl	blcustomdbl20	double	double	0	medium	avg
m13_bl	blcustomdbl21	double	double	0	medium	avg
m13_bl	blcustomdbl22	double	double	0	medium	avg
m13_bl	blcustomdbl23	double	double	0	medium	avg
m13_bl	blcustomdbl24	double	double	0	medium	avg
m13_bl	blcustomdbl25	double	double	0	medium	avg
m13_bl	blkategorisiswa	int	int	0	medium	sum,count,avg
m13_bl_detail	idbldetail	bigint	bigint	0	medium	sum,count,avg
m13_bl_detail	idbl	bigint	bigint	0	medium	sum,count,avg
m13_bl_detail	idsiswa	bigint	bigint	0	medium	sum,count,avg
m13_bl_detail	urutan	int	int	0	medium	sum,count,avg
m13_bl_detail	jmlrealisasi	double	double	0	medium	avg
m13_bl_detail	customdbl1	double	double	0	medium	avg
m13_bl_detail	customdbl2	double	double	0	medium	avg
m13_bl_detail	customdbl3	double	double	0	medium	avg
m13_bl_detail	customdbl4	double	double	0	medium	avg
m13_bl_detail	customdbl5	double	double	0	medium	avg
m13_bl_detail	customdbl6	double	double	0	medium	avg
m13_bl_detail	customdbl7	double	double	0	medium	avg
m13_bl_detail	customdbl8	double	double	0	medium	avg
m13_bl_detail	customdbl9	double	double	0	medium	avg
m13_bl_detail	customdbl10	double	double	0	medium	avg
m13_bl_detail	customdbl11	double	double	0	medium	avg
m13_bl_detail	customdbl12	double	double	0	medium	avg
m13_bl_detail	customdbl13	double	double	0	medium	avg
m13_bl_detail	customdbl14	double	double	0	medium	avg
m13_bl_detail	customdbl15	double	double	0	medium	avg
m13_bl_detail	customdbl16	double	double	0	medium	avg
m13_bl_detail	customdbl17	double	double	0	medium	avg
m13_bl_detail	customdbl18	double	double	0	medium	avg
m13_bl_detail	customdbl19	double	double	0	medium	avg
m13_bl_detail	customdbl20	double	double	0	medium	avg
m13_bl_detail_billing	idbl	bigint	bigint	0	medium	sum,count,avg
m13_bl_detail_billing	idsiswa	bigint	bigint	0	medium	sum,count,avg
m13_bl_detail_billing	harga	double	double	0	medium	avg
m13_bl_detail_billing	terbayar	double	double	0	medium	avg
m13_bl_detail_history	idhistorydetail	bigint	bigint	0	medium	sum,count,avg
m13_bl_detail_history	idhistory	bigint	bigint	0	medium	sum,count,avg
m13_bl_detail_history	idbldetail	bigint	bigint	0	medium	sum,count,avg
m13_bl_detail_history	idbl	bigint	bigint	0	medium	sum,count,avg
m13_bl_detail_history	idsiswa	bigint	bigint	0	medium	sum,count,avg
m13_bl_detail_history	urutan	int	int	0	medium	sum,count,avg
m13_bl_detail_history	jmlrealisasi	double	double	0	medium	avg
m13_bl_detail_history	customdbl1	double	double	0	medium	avg
m13_bl_detail_history	customdbl2	double	double	0	medium	avg
m13_bl_detail_history	customdbl3	double	double	0	medium	avg
m13_bl_detail_history	customdbl4	double	double	0	medium	avg
m13_bl_detail_history	customdbl5	double	double	0	medium	avg
m13_bl_detail_history	customdbl6	double	double	0	medium	avg
m13_bl_detail_history	customdbl7	double	double	0	medium	avg
m13_bl_detail_history	customdbl8	double	double	0	medium	avg
m13_bl_detail_history	customdbl9	double	double	0	medium	avg
m13_bl_detail_history	customdbl10	double	double	0	medium	avg
m13_bl_detail_history	customdbl11	double	double	0	medium	avg
m13_bl_detail_history	customdbl12	double	double	0	medium	avg
m13_bl_detail_history	customdbl13	double	double	0	medium	avg
m13_bl_detail_history	customdbl14	double	double	0	medium	avg
m13_bl_detail_history	customdbl15	double	double	0	medium	avg
m13_bl_detail_history	customdbl16	double	double	0	medium	avg
m13_bl_detail_history	customdbl17	double	double	0	medium	avg
m13_bl_detail_history	customdbl18	double	double	0	medium	avg
m13_bl_detail_history	customdbl19	double	double	0	medium	avg
m13_bl_detail_history	customdbl20	double	double	0	medium	avg
m13_bl_history	blidhistory	bigint	bigint	0	medium	sum,count,avg
m13_bl_history	blid	bigint	bigint	0	medium	sum,count,avg
m13_bl_history	blkodepa	bigint	bigint	0	medium	sum,count,avg
m13_bl_history	blkurs	double	double	0	medium	avg
m13_bl_history	bljmlrevisi	int	int	0	medium	sum,count,avg
m13_bl_history	blinputuser	bigint	bigint unsigned	0	medium	sum,count,avg
m13_bl_history	blmodifikasiuser	bigint	bigint unsigned	0	medium	sum,count,avg
m13_bl_history	blcustomint1	int	int	0	medium	sum,count,avg
m13_bl_history	blcustomint2	int	int	0	medium	sum,count,avg
m13_bl_history	blcustomint3	int	int	0	medium	sum,count,avg
m13_bl_history	blcustomint4	int	int	0	medium	sum,count,avg
m13_bl_history	blcustomint5	int	int	0	medium	sum,count,avg
m13_bl_history	blcustomint6	int	int	0	medium	sum,count,avg
m13_bl_history	blcustomint7	int	int	0	medium	sum,count,avg
m13_bl_history	blcustomint8	int	int	0	medium	sum,count,avg
m13_bl_history	blcustomint9	int	int	0	medium	sum,count,avg
m13_bl_history	blcustomint10	int	int	0	medium	sum,count,avg
m13_bl_history	blcustomint11	int	int	0	medium	sum,count,avg
m13_bl_history	blcustomint12	int	int	0	medium	sum,count,avg
m13_bl_history	blcustomint13	int	int	0	medium	sum,count,avg
m13_bl_history	blcustomint14	int	int	0	medium	sum,count,avg
m13_bl_history	blcustomint15	int	int	0	medium	sum,count,avg
m13_bl_history	blcustomint16	int	int	0	medium	sum,count,avg
m13_bl_history	blcustomint17	int	int	0	medium	sum,count,avg
m13_bl_history	blcustomint18	int	int	0	medium	sum,count,avg
m13_bl_history	blcustomint19	int	int	0	medium	sum,count,avg
m13_bl_history	blcustomint20	int	int	0	medium	sum,count,avg
m13_bl_history	blcustomint21	int	int	0	medium	sum,count,avg
m13_bl_history	blcustomint22	int	int	0	medium	sum,count,avg
m13_bl_history	blcustomint23	int	int	0	medium	sum,count,avg
m13_bl_history	blcustomint24	int	int	0	medium	sum,count,avg
m13_bl_history	blcustomint25	int	int	0	medium	sum,count,avg
m13_bl_history	blcustomdbl1	double	double	0	medium	avg
m13_bl_history	blcustomdbl2	double	double	0	medium	avg
m13_bl_history	blcustomdbl3	double	double	0	medium	avg
m13_bl_history	blcustomdbl4	double	double	0	medium	avg
m13_bl_history	blcustomdbl5	double	double	0	medium	avg
m13_bl_history	blcustomdbl6	double	double	0	medium	avg
m13_bl_history	blcustomdbl7	double	double	0	medium	avg
m13_bl_history	blcustomdbl8	double	double	0	medium	avg
m13_bl_history	blcustomdbl9	double	double	0	medium	avg
m13_bl_history	blcustomdbl10	double	double	0	medium	avg
m13_bl_history	blcustomdbl11	double	double	0	medium	avg
m13_bl_history	blcustomdbl12	double	double	0	medium	avg
m13_bl_history	blcustomdbl13	double	double	0	medium	avg
m13_bl_history	blcustomdbl14	double	double	0	medium	avg
m13_bl_history	blcustomdbl15	double	double	0	medium	avg
m13_bl_history	blcustomdbl16	double	double	0	medium	avg
m13_bl_history	blcustomdbl17	double	double	0	medium	avg
m13_bl_history	blcustomdbl18	double	double	0	medium	avg
m13_bl_history	blcustomdbl19	double	double	0	medium	avg
m13_bl_history	blcustomdbl20	double	double	0	medium	avg
m13_bl_history	blcustomdbl21	double	double	0	medium	avg
m13_bl_history	blcustomdbl22	double	double	0	medium	avg
m13_bl_history	blcustomdbl23	double	double	0	medium	avg
m13_bl_history	blcustomdbl24	double	double	0	medium	avg
m13_bl_history	blcustomdbl25	double	double	0	medium	avg
m13_class	cinputuser	bigint	bigint	0	medium	sum,count,avg
m13_class	cmodifikasiuser	bigint	bigint	0	medium	sum,count,avg
m13_class	ccustomint1	int	int	0	medium	sum,count,avg
m13_class	ccustomint2	int	int	0	medium	sum,count,avg
m13_class	ccustomint3	int	int	0	medium	sum,count,avg
m13_class	ccustomint4	int	int	0	medium	sum,count,avg
m13_class	ccustomint5	int	int	0	medium	sum,count,avg
m13_class	ccustomint6	int	int	0	medium	sum,count,avg
m13_class	ccustomint7	int	int	0	medium	sum,count,avg
m13_class	ccustomint8	int	int	0	medium	sum,count,avg
m13_class	ccustomint9	int	int	0	medium	sum,count,avg
m13_class	ccustomint10	int	int	0	medium	sum,count,avg
m13_class	ccustomint11	int	int	0	medium	sum,count,avg
m13_class	ccustomint12	int	int	0	medium	sum,count,avg
m13_class	ccustomint13	int	int	0	medium	sum,count,avg
m13_class	ccustomint14	int	int	0	medium	sum,count,avg
m13_class	ccustomint15	int	int	0	medium	sum,count,avg
m13_class	ccustomint16	int	int	0	medium	sum,count,avg
m13_class	ccustomint17	int	int	0	medium	sum,count,avg
m13_class	ccustomint18	int	int	0	medium	sum,count,avg
m13_class	ccustomint19	int	int	0	medium	sum,count,avg
m13_class	ccustomint20	int	int	0	medium	sum,count,avg
m13_class	ccustomint21	int	int	0	medium	sum,count,avg
m13_class	ccustomint22	int	int	0	medium	sum,count,avg
m13_class	ccustomint23	int	int	0	medium	sum,count,avg
m13_class	ccustomint24	int	int	0	medium	sum,count,avg
m13_class	ccustomint25	int	int	0	medium	sum,count,avg
m13_class	ccustomdbl1	double	double	0	medium	avg
m13_class	ccustomdbl2	double	double	0	medium	avg
m13_class	ccustomdbl3	double	double	0	medium	avg
m13_class	ccustomdbl4	double	double	0	medium	avg
m13_class	ccustomdbl5	double	double	0	medium	avg
m13_class	ccustomdbl6	double	double	0	medium	avg
m13_class	ccustomdbl7	double	double	0	medium	avg
m13_class	ccustomdbl8	double	double	0	medium	avg
m13_class	ccustomdbl9	double	double	0	medium	avg
m13_class	ccustomdbl10	double	double	0	medium	avg
m13_class	ccustomdbl11	double	double	0	medium	avg
m13_class	ccustomdbl12	double	double	0	medium	avg
m13_class	ccustomdbl13	double	double	0	medium	avg
m13_class	ccustomdbl14	double	double	0	medium	avg
m13_class	ccustomdbl15	double	double	0	medium	avg
m13_class	ccustomdbl16	double	double	0	medium	avg
m13_class	ccustomdbl17	double	double	0	medium	avg
m13_class	ccustomdbl18	double	double	0	medium	avg
m13_class	ccustomdbl19	double	double	0	medium	avg
m13_class	ccustomdbl20	double	double	0	medium	avg
m13_class	ccustomdbl21	double	double	0	medium	avg
m13_class	ccustomdbl22	double	double	0	medium	avg
m13_class	ccustomdbl23	double	double	0	medium	avg
m13_class	ccustomdbl24	double	double	0	medium	avg
m13_class	ccustomdbl25	double	double	0	medium	avg
m13_class_history	cidhistory	bigint	bigint	0	medium	sum,count,avg
m13_class_history	cinputuser	bigint	bigint	0	medium	sum,count,avg
m13_class_history	cmodifikasiuser	bigint	bigint	0	medium	sum,count,avg
m13_class_history	ccustomint1	int	int	0	medium	sum,count,avg
m13_class_history	ccustomint2	int	int	0	medium	sum,count,avg
m13_class_history	ccustomint3	int	int	0	medium	sum,count,avg
m13_class_history	ccustomint4	int	int	0	medium	sum,count,avg
m13_class_history	ccustomint5	int	int	0	medium	sum,count,avg
m13_class_history	ccustomint6	int	int	0	medium	sum,count,avg
m13_class_history	ccustomint7	int	int	0	medium	sum,count,avg
m13_class_history	ccustomint8	int	int	0	medium	sum,count,avg
m13_class_history	ccustomint9	int	int	0	medium	sum,count,avg
m13_class_history	ccustomint10	int	int	0	medium	sum,count,avg
m13_class_history	ccustomint11	int	int	0	medium	sum,count,avg
m13_class_history	ccustomint12	int	int	0	medium	sum,count,avg
m13_class_history	ccustomint13	int	int	0	medium	sum,count,avg
m13_class_history	ccustomint14	int	int	0	medium	sum,count,avg
m13_class_history	ccustomint15	int	int	0	medium	sum,count,avg
m13_class_history	ccustomint16	int	int	0	medium	sum,count,avg
m13_class_history	ccustomint17	int	int	0	medium	sum,count,avg
m13_class_history	ccustomint18	int	int	0	medium	sum,count,avg
m13_class_history	ccustomint19	int	int	0	medium	sum,count,avg
m13_class_history	ccustomint20	int	int	0	medium	sum,count,avg
m13_class_history	ccustomint21	int	int	0	medium	sum,count,avg
m13_class_history	ccustomint22	int	int	0	medium	sum,count,avg
m13_class_history	ccustomint23	int	int	0	medium	sum,count,avg
m13_class_history	ccustomint24	int	int	0	medium	sum,count,avg
m13_class_history	ccustomint25	int	int	0	medium	sum,count,avg
m13_class_history	ccustomdbl1	double	double	0	medium	avg
m13_class_history	ccustomdbl2	double	double	0	medium	avg
m13_class_history	ccustomdbl3	double	double	0	medium	avg
m13_class_history	ccustomdbl4	double	double	0	medium	avg
m13_class_history	ccustomdbl5	double	double	0	medium	avg
m13_class_history	ccustomdbl6	double	double	0	medium	avg
m13_class_history	ccustomdbl7	double	double	0	medium	avg
m13_class_history	ccustomdbl8	double	double	0	medium	avg
m13_class_history	ccustomdbl9	double	double	0	medium	avg
m13_class_history	ccustomdbl10	double	double	0	medium	avg
m13_class_history	ccustomdbl11	double	double	0	medium	avg
m13_class_history	ccustomdbl12	double	double	0	medium	avg
m13_class_history	ccustomdbl13	double	double	0	medium	avg
m13_class_history	ccustomdbl14	double	double	0	medium	avg
m13_class_history	ccustomdbl15	double	double	0	medium	avg
m13_class_history	ccustomdbl16	double	double	0	medium	avg
m13_class_history	ccustomdbl17	double	double	0	medium	avg
m13_class_history	ccustomdbl18	double	double	0	medium	avg
m13_class_history	ccustomdbl19	double	double	0	medium	avg
m13_class_history	ccustomdbl20	double	double	0	medium	avg
m13_class_history	ccustomdbl21	double	double	0	medium	avg
m13_class_history	ccustomdbl22	double	double	0	medium	avg
m13_class_history	ccustomdbl23	double	double	0	medium	avg
m13_class_history	ccustomdbl24	double	double	0	medium	avg
m13_class_history	ccustomdbl25	double	double	0	medium	avg
m13_faculty	finputuser	bigint	bigint	0	medium	sum,count,avg
m13_faculty	fmodifikasiuser	bigint	bigint	0	medium	sum,count,avg
m13_faculty	fcustomint1	int	int	0	medium	sum,count,avg
m13_faculty	fcustomint2	int	int	0	medium	sum,count,avg
m13_faculty	fcustomint3	int	int	0	medium	sum,count,avg
m13_faculty	fcustomint4	int	int	0	medium	sum,count,avg
m13_faculty	fcustomint5	int	int	0	medium	sum,count,avg
m13_faculty	fcustomint6	int	int	0	medium	sum,count,avg
m13_faculty	fcustomint7	int	int	0	medium	sum,count,avg
m13_faculty	fcustomint8	int	int	0	medium	sum,count,avg
m13_faculty	fcustomint9	int	int	0	medium	sum,count,avg
m13_faculty	fcustomint10	int	int	0	medium	sum,count,avg
m13_faculty	fcustomint11	int	int	0	medium	sum,count,avg
m13_faculty	fcustomint12	int	int	0	medium	sum,count,avg
m13_faculty	fcustomint13	int	int	0	medium	sum,count,avg
m13_faculty	fcustomint14	int	int	0	medium	sum,count,avg
m13_faculty	fcustomint15	int	int	0	medium	sum,count,avg
m13_faculty	fcustomint16	int	int	0	medium	sum,count,avg
m13_faculty	fcustomint17	int	int	0	medium	sum,count,avg
m13_faculty	fcustomint18	int	int	0	medium	sum,count,avg
m13_faculty	fcustomint19	int	int	0	medium	sum,count,avg
m13_faculty	fcustomint20	int	int	0	medium	sum,count,avg
m13_faculty	fcustomint21	int	int	0	medium	sum,count,avg
m13_faculty	fcustomint22	int	int	0	medium	sum,count,avg
m13_faculty	fcustomint23	int	int	0	medium	sum,count,avg
m13_faculty	fcustomint24	int	int	0	medium	sum,count,avg
m13_faculty	fcustomint25	int	int	0	medium	sum,count,avg
m13_faculty	fcustomdbl1	double	double	0	medium	avg
m13_faculty	fcustomdbl2	double	double	0	medium	avg
m13_faculty	fcustomdbl3	double	double	0	medium	avg
m13_faculty	fcustomdbl4	double	double	0	medium	avg
m13_faculty	fcustomdbl5	double	double	0	medium	avg
m13_faculty	fcustomdbl6	double	double	0	medium	avg
m13_faculty	fcustomdbl7	double	double	0	medium	avg
m13_faculty	fcustomdbl8	double	double	0	medium	avg
m13_faculty	fcustomdbl9	double	double	0	medium	avg
m13_faculty	fcustomdbl10	double	double	0	medium	avg
m13_faculty	fcustomdbl11	double	double	0	medium	avg
m13_faculty	fcustomdbl12	double	double	0	medium	avg
m13_faculty	fcustomdbl13	double	double	0	medium	avg
m13_faculty	fcustomdbl14	double	double	0	medium	avg
m13_faculty	fcustomdbl15	double	double	0	medium	avg
m13_faculty	fcustomdbl16	double	double	0	medium	avg
m13_faculty	fcustomdbl17	double	double	0	medium	avg
m13_faculty	fcustomdbl18	double	double	0	medium	avg
m13_faculty	fcustomdbl19	double	double	0	medium	avg
m13_faculty	fcustomdbl20	double	double	0	medium	avg
m13_faculty	fcustomdbl21	double	double	0	medium	avg
m13_faculty	fcustomdbl22	double	double	0	medium	avg
m13_faculty	fcustomdbl23	double	double	0	medium	avg
m13_faculty	fcustomdbl24	double	double	0	medium	avg
m13_faculty	fcustomdbl25	double	double	0	medium	avg
m13_faculty_history	fidhistory	bigint	bigint	0	medium	sum,count,avg
m13_faculty_history	finputuser	bigint	bigint	0	medium	sum,count,avg
m13_faculty_history	fmodifikasiuser	bigint	bigint	0	medium	sum,count,avg
m13_faculty_history	fcustomint1	int	int	0	medium	sum,count,avg
m13_faculty_history	fcustomint2	int	int	0	medium	sum,count,avg
m13_faculty_history	fcustomint3	int	int	0	medium	sum,count,avg
m13_faculty_history	fcustomint4	int	int	0	medium	sum,count,avg
m13_faculty_history	fcustomint5	int	int	0	medium	sum,count,avg
m13_faculty_history	fcustomint6	int	int	0	medium	sum,count,avg
m13_faculty_history	fcustomint7	int	int	0	medium	sum,count,avg
m13_faculty_history	fcustomint8	int	int	0	medium	sum,count,avg
m13_faculty_history	fcustomint9	int	int	0	medium	sum,count,avg
m13_faculty_history	fcustomint10	int	int	0	medium	sum,count,avg
m13_faculty_history	fcustomint11	int	int	0	medium	sum,count,avg
m13_faculty_history	fcustomint12	int	int	0	medium	sum,count,avg
m13_faculty_history	fcustomint13	int	int	0	medium	sum,count,avg
m13_faculty_history	fcustomint14	int	int	0	medium	sum,count,avg
m13_faculty_history	fcustomint15	int	int	0	medium	sum,count,avg
m13_faculty_history	fcustomint16	int	int	0	medium	sum,count,avg
m13_faculty_history	fcustomint17	int	int	0	medium	sum,count,avg
m13_faculty_history	fcustomint18	int	int	0	medium	sum,count,avg
m13_faculty_history	fcustomint19	int	int	0	medium	sum,count,avg
m13_faculty_history	fcustomint20	int	int	0	medium	sum,count,avg
m13_faculty_history	fcustomint21	int	int	0	medium	sum,count,avg
m13_faculty_history	fcustomint22	int	int	0	medium	sum,count,avg
m13_faculty_history	fcustomint23	int	int	0	medium	sum,count,avg
m13_faculty_history	fcustomint24	int	int	0	medium	sum,count,avg
m13_faculty_history	fcustomint25	int	int	0	medium	sum,count,avg
m13_faculty_history	fcustomdbl1	double	double	0	medium	avg
m13_faculty_history	fcustomdbl2	double	double	0	medium	avg
m13_faculty_history	fcustomdbl3	double	double	0	medium	avg
m13_faculty_history	fcustomdbl4	double	double	0	medium	avg
m13_faculty_history	fcustomdbl5	double	double	0	medium	avg
m13_faculty_history	fcustomdbl6	double	double	0	medium	avg
m13_faculty_history	fcustomdbl7	double	double	0	medium	avg
m13_faculty_history	fcustomdbl8	double	double	0	medium	avg
m13_faculty_history	fcustomdbl9	double	double	0	medium	avg
m13_faculty_history	fcustomdbl10	double	double	0	medium	avg
m13_faculty_history	fcustomdbl11	double	double	0	medium	avg
m13_faculty_history	fcustomdbl12	double	double	0	medium	avg
m13_faculty_history	fcustomdbl13	double	double	0	medium	avg
m13_faculty_history	fcustomdbl14	double	double	0	medium	avg
m13_faculty_history	fcustomdbl15	double	double	0	medium	avg
m13_faculty_history	fcustomdbl16	double	double	0	medium	avg
m13_faculty_history	fcustomdbl17	double	double	0	medium	avg
m13_faculty_history	fcustomdbl18	double	double	0	medium	avg
m13_faculty_history	fcustomdbl19	double	double	0	medium	avg
m13_faculty_history	fcustomdbl20	double	double	0	medium	avg
m13_faculty_history	fcustomdbl21	double	double	0	medium	avg
m13_faculty_history	fcustomdbl22	double	double	0	medium	avg
m13_faculty_history	fcustomdbl23	double	double	0	medium	avg
m13_faculty_history	fcustomdbl24	double	double	0	medium	avg
m13_faculty_history	fcustomdbl25	double	double	0	medium	avg
m13_py	pyid	bigint	bigint	0	medium	sum,count,avg
m13_py	pykodepa	bigint	bigint	0	medium	sum,count,avg
m13_py	pyjmlrevisi	int	int	0	medium	sum,count,avg
m13_py	pyinputuser	bigint	bigint unsigned	0	medium	sum,count,avg
m13_py	pymodifikasiuser	bigint	bigint unsigned	0	medium	sum,count,avg
m13_py	pycustomint1	int	int	0	medium	sum,count,avg
m13_py	pycustomint2	int	int	0	medium	sum,count,avg
m13_py	pycustomint3	int	int	0	medium	sum,count,avg
m13_py	pycustomint4	int	int	0	medium	sum,count,avg
m13_py	pycustomint5	int	int	0	medium	sum,count,avg
m13_py	pycustomint6	int	int	0	medium	sum,count,avg
m13_py	pycustomint7	int	int	0	medium	sum,count,avg
m13_py	pycustomint8	int	int	0	medium	sum,count,avg
m13_py	pycustomint9	int	int	0	medium	sum,count,avg
m13_py	pycustomint10	int	int	0	medium	sum,count,avg
m13_py	pycustomint11	int	int	0	medium	sum,count,avg
m13_py	pycustomint12	int	int	0	medium	sum,count,avg
m13_py	pycustomint13	int	int	0	medium	sum,count,avg
m13_py	pycustomint14	int	int	0	medium	sum,count,avg
m13_py	pycustomint15	int	int	0	medium	sum,count,avg
m13_py	pycustomint16	int	int	0	medium	sum,count,avg
m13_py	pycustomint17	int	int	0	medium	sum,count,avg
m13_py	pycustomint18	int	int	0	medium	sum,count,avg
m13_py	pycustomint19	int	int	0	medium	sum,count,avg
m13_py	pycustomint20	int	int	0	medium	sum,count,avg
m13_py	pycustomint21	int	int	0	medium	sum,count,avg
m13_py	pycustomint22	int	int	0	medium	sum,count,avg
m13_py	pycustomint23	int	int	0	medium	sum,count,avg
m13_py	pycustomint24	int	int	0	medium	sum,count,avg
m13_py	pycustomint25	int	int	0	medium	sum,count,avg
m13_py	pycustomdbl1	double	double	0	medium	avg
m13_py	pycustomdbl2	double	double	0	medium	avg
m13_py	pycustomdbl3	double	double	0	medium	avg
m13_py	pycustomdbl4	double	double	0	medium	avg
m13_py	pycustomdbl5	double	double	0	medium	avg
m13_py	pycustomdbl6	double	double	0	medium	avg
m13_py	pycustomdbl7	double	double	0	medium	avg
m13_py	pycustomdbl8	double	double	0	medium	avg
m13_py	pycustomdbl9	double	double	0	medium	avg
m13_py	pycustomdbl10	double	double	0	medium	avg
m13_py	pycustomdbl11	double	double	0	medium	avg
m13_py	pycustomdbl12	double	double	0	medium	avg
m13_py	pycustomdbl13	double	double	0	medium	avg
m13_py	pycustomdbl14	double	double	0	medium	avg
m13_py	pycustomdbl15	double	double	0	medium	avg
m13_py	pycustomdbl16	double	double	0	medium	avg
m13_py	pycustomdbl17	double	double	0	medium	avg
m13_py	pycustomdbl18	double	double	0	medium	avg
m13_py	pycustomdbl19	double	double	0	medium	avg
m13_py	pycustomdbl20	double	double	0	medium	avg
m13_py	pycustomdbl21	double	double	0	medium	avg
m13_py	pycustomdbl22	double	double	0	medium	avg
m13_py	pycustomdbl23	double	double	0	medium	avg
m13_py	pycustomdbl24	double	double	0	medium	avg
m13_py	pycustomdbl25	double	double	0	medium	avg
m13_py	pykategorisiswa	int	int	0	medium	sum,count,avg
m13_py_detail	idpydetail	bigint	bigint	0	medium	sum,count,avg
m13_py_detail	idpy	bigint	bigint	0	medium	sum,count,avg
m13_py_detail	idsiswa	bigint	bigint	0	medium	sum,count,avg
m13_py_detail	terbayar	double	double	0	medium	avg
m13_py_detail	denda	double	double	0	medium	avg
m13_py_detail	bayar	double	double	0	medium	avg
m13_py_detail	urutan	int	int	0	medium	sum,count,avg
m13_py_detail	jmlrealisasi	double	double	0	medium	avg
m13_py_detail	customdbl1	double	double	0	medium	avg
m13_py_detail	customdbl2	double	double	0	medium	avg
m13_py_detail	customdbl3	double	double	0	medium	avg
m13_py_detail	customdbl4	double	double	0	medium	avg
m13_py_detail	customdbl5	double	double	0	medium	avg
m13_py_detail	customdbl6	double	double	0	medium	avg
m13_py_detail	customdbl7	double	double	0	medium	avg
m13_py_detail	customdbl8	double	double	0	medium	avg
m13_py_detail	customdbl9	double	double	0	medium	avg
m13_py_detail	customdbl10	double	double	0	medium	avg
m13_py_detail	customdbl11	double	double	0	medium	avg
m13_py_detail	customdbl12	double	double	0	medium	avg
m13_py_detail	customdbl13	double	double	0	medium	avg
m13_py_detail	customdbl14	double	double	0	medium	avg
m13_py_detail	customdbl15	double	double	0	medium	avg
m13_py_detail	customdbl16	double	double	0	medium	avg
m13_py_detail	customdbl17	double	double	0	medium	avg
m13_py_detail	customdbl18	double	double	0	medium	avg
m13_py_detail	customdbl19	double	double	0	medium	avg
m13_py_detail	customdbl20	double	double	0	medium	avg
m13_py_detail_bayar	idpy	bigint	bigint	0	medium	sum,count,avg
m13_py_detail_bayar	bayar	double	double	0	medium	avg
m13_school_year	syinputuser	bigint	bigint	0	medium	sum,count,avg
m13_school_year	symodifikasiuser	bigint	bigint	0	medium	sum,count,avg
m13_school_year	sycustomint1	int	int	0	medium	sum,count,avg
m13_school_year	sycustomint2	int	int	0	medium	sum,count,avg
m13_school_year	sycustomint3	int	int	0	medium	sum,count,avg
m13_school_year	sycustomint4	int	int	0	medium	sum,count,avg
m13_school_year	sycustomint5	int	int	0	medium	sum,count,avg
m13_school_year	sycustomint6	int	int	0	medium	sum,count,avg
m13_school_year	sycustomint7	int	int	0	medium	sum,count,avg
m13_school_year	sycustomint8	int	int	0	medium	sum,count,avg
m13_school_year	sycustomint9	int	int	0	medium	sum,count,avg
m13_school_year	sycustomint10	int	int	0	medium	sum,count,avg
m13_school_year	sycustomint11	int	int	0	medium	sum,count,avg
m13_school_year	sycustomint12	int	int	0	medium	sum,count,avg
m13_school_year	sycustomint13	int	int	0	medium	sum,count,avg
m13_school_year	sycustomint14	int	int	0	medium	sum,count,avg
m13_school_year	sycustomint15	int	int	0	medium	sum,count,avg
m13_school_year	sycustomint16	int	int	0	medium	sum,count,avg
m13_school_year	sycustomint17	int	int	0	medium	sum,count,avg
m13_school_year	sycustomint18	int	int	0	medium	sum,count,avg
m13_school_year	sycustomint19	int	int	0	medium	sum,count,avg
m13_school_year	sycustomint20	int	int	0	medium	sum,count,avg
m13_school_year	sycustomint21	int	int	0	medium	sum,count,avg
m13_school_year	sycustomint22	int	int	0	medium	sum,count,avg
m13_school_year	sycustomint23	int	int	0	medium	sum,count,avg
m13_school_year	sycustomint24	int	int	0	medium	sum,count,avg
m13_school_year	sycustomint25	int	int	0	medium	sum,count,avg
m13_school_year	sycustomdbl1	double	double	0	medium	avg
m13_school_year	sycustomdbl2	double	double	0	medium	avg
m13_school_year	sycustomdbl3	double	double	0	medium	avg
m13_school_year	sycustomdbl4	double	double	0	medium	avg
m13_school_year	sycustomdbl5	double	double	0	medium	avg
m13_school_year	sycustomdbl6	double	double	0	medium	avg
m13_school_year	sycustomdbl7	double	double	0	medium	avg
m13_school_year	sycustomdbl8	double	double	0	medium	avg
m13_school_year	sycustomdbl9	double	double	0	medium	avg
m13_school_year	sycustomdbl10	double	double	0	medium	avg
m13_school_year	sycustomdbl11	double	double	0	medium	avg
m13_school_year	sycustomdbl12	double	double	0	medium	avg
m13_school_year	sycustomdbl13	double	double	0	medium	avg
m13_school_year	sycustomdbl14	double	double	0	medium	avg
m13_school_year	sycustomdbl15	double	double	0	medium	avg
m13_school_year	sycustomdbl16	double	double	0	medium	avg
m13_school_year	sycustomdbl17	double	double	0	medium	avg
m13_school_year	sycustomdbl18	double	double	0	medium	avg
m13_school_year	sycustomdbl19	double	double	0	medium	avg
m13_school_year	sycustomdbl20	double	double	0	medium	avg
m13_school_year	sycustomdbl21	double	double	0	medium	avg
m13_school_year	sycustomdbl22	double	double	0	medium	avg
m13_school_year	sycustomdbl23	double	double	0	medium	avg
m13_school_year	sycustomdbl24	double	double	0	medium	avg
m13_school_year	sycustomdbl25	double	double	0	medium	avg
m13_school_year_history	syidhistory	bigint	bigint	0	medium	sum,count,avg
m13_school_year_history	syinputuser	bigint	bigint	0	medium	sum,count,avg
m13_school_year_history	symodifikasiuser	bigint	bigint	0	medium	sum,count,avg
m13_school_year_history	sycustomint1	int	int	0	medium	sum,count,avg
m13_school_year_history	sycustomint2	int	int	0	medium	sum,count,avg
m13_school_year_history	sycustomint3	int	int	0	medium	sum,count,avg
m13_school_year_history	sycustomint4	int	int	0	medium	sum,count,avg
m13_school_year_history	sycustomint5	int	int	0	medium	sum,count,avg
m13_school_year_history	sycustomint6	int	int	0	medium	sum,count,avg
m13_school_year_history	sycustomint7	int	int	0	medium	sum,count,avg
m13_school_year_history	sycustomint8	int	int	0	medium	sum,count,avg
m13_school_year_history	sycustomint9	int	int	0	medium	sum,count,avg
m13_school_year_history	sycustomint10	int	int	0	medium	sum,count,avg
m13_school_year_history	sycustomint11	int	int	0	medium	sum,count,avg
m13_school_year_history	sycustomint12	int	int	0	medium	sum,count,avg
m13_school_year_history	sycustomint13	int	int	0	medium	sum,count,avg
m13_school_year_history	sycustomint14	int	int	0	medium	sum,count,avg
m13_school_year_history	sycustomint15	int	int	0	medium	sum,count,avg
m13_school_year_history	sycustomint16	int	int	0	medium	sum,count,avg
m13_school_year_history	sycustomint17	int	int	0	medium	sum,count,avg
m13_school_year_history	sycustomint18	int	int	0	medium	sum,count,avg
m13_school_year_history	sycustomint19	int	int	0	medium	sum,count,avg
m13_school_year_history	sycustomint20	int	int	0	medium	sum,count,avg
m13_school_year_history	sycustomint21	int	int	0	medium	sum,count,avg
m13_school_year_history	sycustomint22	int	int	0	medium	sum,count,avg
m13_school_year_history	sycustomint23	int	int	0	medium	sum,count,avg
m13_school_year_history	sycustomint24	int	int	0	medium	sum,count,avg
m13_school_year_history	sycustomint25	int	int	0	medium	sum,count,avg
m13_school_year_history	sycustomdbl1	double	double	0	medium	avg
m13_school_year_history	sycustomdbl2	double	double	0	medium	avg
m13_school_year_history	sycustomdbl3	double	double	0	medium	avg
m13_school_year_history	sycustomdbl4	double	double	0	medium	avg
m13_school_year_history	sycustomdbl5	double	double	0	medium	avg
m13_school_year_history	sycustomdbl6	double	double	0	medium	avg
m13_school_year_history	sycustomdbl7	double	double	0	medium	avg
m13_school_year_history	sycustomdbl8	double	double	0	medium	avg
m13_school_year_history	sycustomdbl9	double	double	0	medium	avg
m13_school_year_history	sycustomdbl10	double	double	0	medium	avg
m13_school_year_history	sycustomdbl11	double	double	0	medium	avg
m13_school_year_history	sycustomdbl12	double	double	0	medium	avg
m13_school_year_history	sycustomdbl13	double	double	0	medium	avg
m13_school_year_history	sycustomdbl14	double	double	0	medium	avg
m13_school_year_history	sycustomdbl15	double	double	0	medium	avg
m13_school_year_history	sycustomdbl16	double	double	0	medium	avg
m13_school_year_history	sycustomdbl17	double	double	0	medium	avg
m13_school_year_history	sycustomdbl18	double	double	0	medium	avg
m13_school_year_history	sycustomdbl19	double	double	0	medium	avg
m13_school_year_history	sycustomdbl20	double	double	0	medium	avg
m13_school_year_history	sycustomdbl21	double	double	0	medium	avg
m13_school_year_history	sycustomdbl22	double	double	0	medium	avg
m13_school_year_history	sycustomdbl23	double	double	0	medium	avg
m13_school_year_history	sycustomdbl24	double	double	0	medium	avg
m13_school_year_history	sycustomdbl25	double	double	0	medium	avg
m13_si	siid	bigint	bigint	0	medium	sum,count,avg
m13_si	sikategorisiswa	bigint	bigint	0	medium	sum,count,avg
m13_si	sijmlnilaiun	double	double	0	medium	avg
m13_si	sijmlmapelun	double	double	0	medium	avg
m13_si	siinputuser	bigint	bigint	0	medium	sum,count,avg
m13_si	simodifikasiuser	bigint	bigint	0	medium	sum,count,avg
m13_si	sicustomint1	int	int	0	medium	sum,count,avg
m13_si	sicustomint2	int	int	0	medium	sum,count,avg
m13_si	sicustomint3	int	int	0	medium	sum,count,avg
m13_si	sicustomint4	int	int	0	medium	sum,count,avg
m13_si	sicustomint5	int	int	0	medium	sum,count,avg
m13_si	sicustomint6	int	int	0	medium	sum,count,avg
m13_si	sicustomint7	int	int	0	medium	sum,count,avg
m13_si	sicustomint8	int	int	0	medium	sum,count,avg
m13_si	sicustomint9	int	int	0	medium	sum,count,avg
m13_si	sicustomint10	int	int	0	medium	sum,count,avg
m13_si	sicustomint11	int	int	0	medium	sum,count,avg
m13_si	sicustomint12	int	int	0	medium	sum,count,avg
m13_si	sicustomint13	int	int	0	medium	sum,count,avg
m13_si	sicustomint14	int	int	0	medium	sum,count,avg
m13_si	sicustomint15	int	int	0	medium	sum,count,avg
m13_si	sicustomint16	int	int	0	medium	sum,count,avg
m13_si	sicustomint17	int	int	0	medium	sum,count,avg
m13_si	sicustomint18	int	int	0	medium	sum,count,avg
m13_si	sicustomint19	int	int	0	medium	sum,count,avg
m13_si	sicustomint20	int	int	0	medium	sum,count,avg
m13_si	sicustomint21	int	int	0	medium	sum,count,avg
m13_si	sicustomint22	int	int	0	medium	sum,count,avg
m13_si	sicustomint23	int	int	0	medium	sum,count,avg
m13_si	sicustomint24	int	int	0	medium	sum,count,avg
m13_si	sicustomint25	int	int	0	medium	sum,count,avg
m13_si	sicustomdbl1	double	double	0	medium	avg
m13_si	sicustomdbl2	double	double	0	medium	avg
m13_si	sicustomdbl3	double	double	0	medium	avg
m13_si	sicustomdbl4	double	double	0	medium	avg
m13_si	sicustomdbl5	double	double	0	medium	avg
m13_si	sicustomdbl6	double	double	0	medium	avg
m13_si	sicustomdbl7	double	double	0	medium	avg
m13_si	sicustomdbl8	double	double	0	medium	avg
m13_si	sicustomdbl9	double	double	0	medium	avg
m13_si	sicustomdbl10	double	double	0	medium	avg
m13_si	sicustomdbl11	double	double	0	medium	avg
m13_si	sicustomdbl12	double	double	0	medium	avg
m13_si	sicustomdbl13	double	double	0	medium	avg
m13_si	sicustomdbl14	double	double	0	medium	avg
m13_si	sicustomdbl15	double	double	0	medium	avg
m13_si	sicustomdbl16	double	double	0	medium	avg
m13_si	sicustomdbl17	double	double	0	medium	avg
m13_si	sicustomdbl18	double	double	0	medium	avg
m13_si	sicustomdbl19	double	double	0	medium	avg
m13_si	sicustomdbl20	double	double	0	medium	avg
m13_si	sicustomdbl21	double	double	0	medium	avg
m13_si	sicustomdbl22	double	double	0	medium	avg
m13_si	sicustomdbl23	double	double	0	medium	avg
m13_si	sicustomdbl24	double	double	0	medium	avg
m13_si	sicustomdbl25	double	double	0	medium	avg
m13_si_history	siidhistory	bigint	bigint	0	medium	sum,count,avg
m13_si_history	siid	bigint	bigint	0	medium	sum,count,avg
m13_si_history	sikategorisiswa	bigint	bigint	0	medium	sum,count,avg
m13_si_history	sijmlnilaiun	double	double	0	medium	avg
m13_si_history	sijmlmapelun	double	double	0	medium	avg
m13_si_history	siinputuser	bigint	bigint	0	medium	sum,count,avg
m13_si_history	simodifikasiuser	bigint	bigint	0	medium	sum,count,avg
m13_si_history	sicustomint1	int	int	0	medium	sum,count,avg
m13_si_history	sicustomint2	int	int	0	medium	sum,count,avg
m13_si_history	sicustomint3	int	int	0	medium	sum,count,avg
m13_si_history	sicustomint4	int	int	0	medium	sum,count,avg
m13_si_history	sicustomint5	int	int	0	medium	sum,count,avg
m13_si_history	sicustomint6	int	int	0	medium	sum,count,avg
m13_si_history	sicustomint7	int	int	0	medium	sum,count,avg
m13_si_history	sicustomint8	int	int	0	medium	sum,count,avg
m13_si_history	sicustomint9	int	int	0	medium	sum,count,avg
m13_si_history	sicustomint10	int	int	0	medium	sum,count,avg
m13_si_history	sicustomint11	int	int	0	medium	sum,count,avg
m13_si_history	sicustomint12	int	int	0	medium	sum,count,avg
m13_si_history	sicustomint13	int	int	0	medium	sum,count,avg
m13_si_history	sicustomint14	int	int	0	medium	sum,count,avg
m13_si_history	sicustomint15	int	int	0	medium	sum,count,avg
m13_si_history	sicustomint16	int	int	0	medium	sum,count,avg
m13_si_history	sicustomint17	int	int	0	medium	sum,count,avg
m13_si_history	sicustomint18	int	int	0	medium	sum,count,avg
m13_si_history	sicustomint19	int	int	0	medium	sum,count,avg
m13_si_history	sicustomint20	int	int	0	medium	sum,count,avg
m13_si_history	sicustomint21	int	int	0	medium	sum,count,avg
m13_si_history	sicustomint22	int	int	0	medium	sum,count,avg
m13_si_history	sicustomint23	int	int	0	medium	sum,count,avg
m13_si_history	sicustomint24	int	int	0	medium	sum,count,avg
m13_si_history	sicustomint25	int	int	0	medium	sum,count,avg
m13_si_history	sicustomdbl1	double	double	0	medium	avg
m13_si_history	sicustomdbl2	double	double	0	medium	avg
m13_si_history	sicustomdbl3	double	double	0	medium	avg
m13_si_history	sicustomdbl4	double	double	0	medium	avg
m13_si_history	sicustomdbl5	double	double	0	medium	avg
m13_si_history	sicustomdbl6	double	double	0	medium	avg
m13_si_history	sicustomdbl7	double	double	0	medium	avg
m13_si_history	sicustomdbl8	double	double	0	medium	avg
m13_si_history	sicustomdbl9	double	double	0	medium	avg
m13_si_history	sicustomdbl10	double	double	0	medium	avg
m13_si_history	sicustomdbl11	double	double	0	medium	avg
m13_si_history	sicustomdbl12	double	double	0	medium	avg
m13_si_history	sicustomdbl13	double	double	0	medium	avg
m13_si_history	sicustomdbl14	double	double	0	medium	avg
m13_si_history	sicustomdbl15	double	double	0	medium	avg
m13_si_history	sicustomdbl16	double	double	0	medium	avg
m13_si_history	sicustomdbl17	double	double	0	medium	avg
m13_si_history	sicustomdbl18	double	double	0	medium	avg
m13_si_history	sicustomdbl19	double	double	0	medium	avg
m13_si_history	sicustomdbl20	double	double	0	medium	avg
m13_si_history	sicustomdbl21	double	double	0	medium	avg
m13_si_history	sicustomdbl22	double	double	0	medium	avg
m13_si_history	sicustomdbl23	double	double	0	medium	avg
m13_si_history	sicustomdbl24	double	double	0	medium	avg
m13_si_history	sicustomdbl25	double	double	0	medium	avg
m13_student_category	scinputuser	bigint	bigint	0	medium	sum,count,avg
m13_student_category	scmodifikasiuser	bigint	bigint	0	medium	sum,count,avg
m13_student_category	sccustomint1	int	int	0	medium	sum,count,avg
m13_student_category	sccustomint2	int	int	0	medium	sum,count,avg
m13_student_category	sccustomint3	int	int	0	medium	sum,count,avg
m13_student_category	sccustomint4	int	int	0	medium	sum,count,avg
m13_student_category	sccustomint5	int	int	0	medium	sum,count,avg
m13_student_category	sccustomint6	int	int	0	medium	sum,count,avg
m13_student_category	sccustomint7	int	int	0	medium	sum,count,avg
m13_student_category	sccustomint8	int	int	0	medium	sum,count,avg
m13_student_category	sccustomint9	int	int	0	medium	sum,count,avg
m13_student_category	sccustomint10	int	int	0	medium	sum,count,avg
m13_student_category	sccustomint11	int	int	0	medium	sum,count,avg
m13_student_category	sccustomint12	int	int	0	medium	sum,count,avg
m13_student_category	sccustomint13	int	int	0	medium	sum,count,avg
m13_student_category	sccustomint14	int	int	0	medium	sum,count,avg
m13_student_category	sccustomint15	int	int	0	medium	sum,count,avg
m13_student_category	sccustomint16	int	int	0	medium	sum,count,avg
m13_student_category	sccustomint17	int	int	0	medium	sum,count,avg
m13_student_category	sccustomint18	int	int	0	medium	sum,count,avg
m13_student_category	sccustomint19	int	int	0	medium	sum,count,avg
m13_student_category	sccustomint20	int	int	0	medium	sum,count,avg
m13_student_category	sccustomint21	int	int	0	medium	sum,count,avg
m13_student_category	sccustomint22	int	int	0	medium	sum,count,avg
m13_student_category	sccustomint23	int	int	0	medium	sum,count,avg
m13_student_category	sccustomint24	int	int	0	medium	sum,count,avg
m13_student_category	sccustomint25	int	int	0	medium	sum,count,avg
m13_student_category	sccustomdbl1	double	double	0	medium	avg
m13_student_category	sccustomdbl2	double	double	0	medium	avg
m13_student_category	sccustomdbl3	double	double	0	medium	avg
m13_student_category	sccustomdbl4	double	double	0	medium	avg
m13_student_category	sccustomdbl5	double	double	0	medium	avg
m13_student_category	sccustomdbl6	double	double	0	medium	avg
m13_student_category	sccustomdbl7	double	double	0	medium	avg
m13_student_category	sccustomdbl8	double	double	0	medium	avg
m13_student_category	sccustomdbl9	double	double	0	medium	avg
m13_student_category	sccustomdbl10	double	double	0	medium	avg
m13_student_category	sccustomdbl11	double	double	0	medium	avg
m13_student_category	sccustomdbl12	double	double	0	medium	avg
m13_student_category	sccustomdbl13	double	double	0	medium	avg
m13_student_category	sccustomdbl14	double	double	0	medium	avg
m13_student_category	sccustomdbl15	double	double	0	medium	avg
m13_student_category	sccustomdbl16	double	double	0	medium	avg
m13_student_category	sccustomdbl17	double	double	0	medium	avg
m13_student_category	sccustomdbl18	double	double	0	medium	avg
m13_student_category	sccustomdbl19	double	double	0	medium	avg
m13_student_category	sccustomdbl20	double	double	0	medium	avg
m13_student_category	sccustomdbl21	double	double	0	medium	avg
m13_student_category	sccustomdbl22	double	double	0	medium	avg
m13_student_category	sccustomdbl23	double	double	0	medium	avg
m13_student_category	sccustomdbl24	double	double	0	medium	avg
m13_student_category	sccustomdbl25	double	double	0	medium	avg
m13_student_category	scid	bigint	bigint	0	medium	sum,count,avg
m13_student_category_billing	scbinputuser	bigint	bigint	0	medium	sum,count,avg
m13_student_category_billing	scbmodifikasiuser	bigint	bigint	0	medium	sum,count,avg
m13_student_category_billing	scbcustomint1	int	int	0	medium	sum,count,avg
m13_student_category_billing	scbcustomint2	int	int	0	medium	sum,count,avg
m13_student_category_billing	scbcustomint3	int	int	0	medium	sum,count,avg
m13_student_category_billing	scbcustomint4	int	int	0	medium	sum,count,avg
m13_student_category_billing	scbcustomint5	int	int	0	medium	sum,count,avg
m13_student_category_billing	scbcustomint6	int	int	0	medium	sum,count,avg
m13_student_category_billing	scbcustomint7	int	int	0	medium	sum,count,avg
m13_student_category_billing	scbcustomint8	int	int	0	medium	sum,count,avg
m13_student_category_billing	scbcustomint9	int	int	0	medium	sum,count,avg
m13_student_category_billing	scbcustomint10	int	int	0	medium	sum,count,avg
m13_student_category_billing	scbcustomint11	int	int	0	medium	sum,count,avg
m13_student_category_billing	scbcustomint12	int	int	0	medium	sum,count,avg
m13_student_category_billing	scbcustomint13	int	int	0	medium	sum,count,avg
m13_student_category_billing	scbcustomint14	int	int	0	medium	sum,count,avg
m13_student_category_billing	scbcustomint15	int	int	0	medium	sum,count,avg
m13_student_category_billing	scbcustomint16	int	int	0	medium	sum,count,avg
m13_student_category_billing	scbcustomint17	int	int	0	medium	sum,count,avg
m13_student_category_billing	scbcustomint18	int	int	0	medium	sum,count,avg
m13_student_category_billing	scbcustomint19	int	int	0	medium	sum,count,avg
m13_student_category_billing	scbcustomint20	int	int	0	medium	sum,count,avg
m13_student_category_billing	scbcustomint21	int	int	0	medium	sum,count,avg
m13_student_category_billing	scbcustomint22	int	int	0	medium	sum,count,avg
m13_student_category_billing	scbcustomint23	int	int	0	medium	sum,count,avg
m13_student_category_billing	scbcustomint24	int	int	0	medium	sum,count,avg
m13_student_category_billing	scbcustomint25	int	int	0	medium	sum,count,avg
m13_student_category_billing	scbcustomdbl1	double	double	0	medium	avg
m13_student_category_billing	scbcustomdbl2	double	double	0	medium	avg
m13_student_category_billing	scbcustomdbl3	double	double	0	medium	avg
m13_student_category_billing	scbcustomdbl4	double	double	0	medium	avg
m13_student_category_billing	scbcustomdbl5	double	double	0	medium	avg
m13_student_category_billing	scbcustomdbl6	double	double	0	medium	avg
m13_student_category_billing	scbcustomdbl7	double	double	0	medium	avg
m13_student_category_billing	scbcustomdbl8	double	double	0	medium	avg
m13_student_category_billing	scbcustomdbl9	double	double	0	medium	avg
m13_student_category_billing	scbcustomdbl10	double	double	0	medium	avg
m13_student_category_billing	scbcustomdbl11	double	double	0	medium	avg
m13_student_category_billing	scbcustomdbl12	double	double	0	medium	avg
m13_student_category_billing	scbcustomdbl13	double	double	0	medium	avg
m13_student_category_billing	scbcustomdbl14	double	double	0	medium	avg
m13_student_category_billing	scbcustomdbl15	double	double	0	medium	avg
m13_student_category_billing	scbcustomdbl16	double	double	0	medium	avg
m13_student_category_billing	scbcustomdbl17	double	double	0	medium	avg
m13_student_category_billing	scbcustomdbl18	double	double	0	medium	avg
m13_student_category_billing	scbcustomdbl19	double	double	0	medium	avg
m13_student_category_billing	scbcustomdbl20	double	double	0	medium	avg
m13_student_category_billing	scbcustomdbl21	double	double	0	medium	avg
m13_student_category_billing	scbcustomdbl22	double	double	0	medium	avg
m13_student_category_billing	scbcustomdbl23	double	double	0	medium	avg
m13_student_category_billing	scbcustomdbl24	double	double	0	medium	avg
m13_student_category_billing	scbcustomdbl25	double	double	0	medium	avg
m13_student_category_billing	scbidsc	bigint	bigint	0	medium	sum,count,avg
m13_student_category_billing	scbharga	double	double	0	medium	avg
m13_student_category_billing	scbdenda	double	double	0	medium	avg
m13_student_category_billing_history	scbidhistory	bigint	bigint	0	medium	sum,count,avg
m13_student_category_billing_history	scbinputuser	bigint	bigint	0	medium	sum,count,avg
m13_student_category_billing_history	scbmodifikasiuser	bigint	bigint	0	medium	sum,count,avg
m13_student_category_billing_history	sccustomint1	int	int	0	medium	sum,count,avg
m13_student_category_billing_history	sccustomint2	int	int	0	medium	sum,count,avg
m13_student_category_billing_history	sccustomint3	int	int	0	medium	sum,count,avg
m13_student_category_billing_history	sccustomint4	int	int	0	medium	sum,count,avg
m13_student_category_billing_history	sccustomint5	int	int	0	medium	sum,count,avg
m13_student_category_billing_history	sccustomint6	int	int	0	medium	sum,count,avg
m13_student_category_billing_history	sccustomint7	int	int	0	medium	sum,count,avg
m13_student_category_billing_history	sccustomint8	int	int	0	medium	sum,count,avg
m13_student_category_billing_history	sccustomint9	int	int	0	medium	sum,count,avg
m13_student_category_billing_history	sccustomint10	int	int	0	medium	sum,count,avg
m13_student_category_billing_history	sccustomint11	int	int	0	medium	sum,count,avg
m13_student_category_billing_history	sccustomint12	int	int	0	medium	sum,count,avg
m13_student_category_billing_history	sccustomint13	int	int	0	medium	sum,count,avg
m13_student_category_billing_history	sccustomint14	int	int	0	medium	sum,count,avg
m13_student_category_billing_history	sccustomint15	int	int	0	medium	sum,count,avg
m13_student_category_billing_history	sccustomint16	int	int	0	medium	sum,count,avg
m13_student_category_billing_history	sccustomint17	int	int	0	medium	sum,count,avg
m13_student_category_billing_history	sccustomint18	int	int	0	medium	sum,count,avg
m13_student_category_billing_history	sccustomint19	int	int	0	medium	sum,count,avg
m13_student_category_billing_history	sccustomint20	int	int	0	medium	sum,count,avg
m13_student_category_billing_history	sccustomint21	int	int	0	medium	sum,count,avg
m13_student_category_billing_history	sccustomint22	int	int	0	medium	sum,count,avg
m13_student_category_billing_history	sccustomint23	int	int	0	medium	sum,count,avg
m13_student_category_billing_history	sccustomint24	int	int	0	medium	sum,count,avg
m13_student_category_billing_history	sccustomint25	int	int	0	medium	sum,count,avg
m13_student_category_billing_history	sccustomdbl1	double	double	0	medium	avg
m13_student_category_billing_history	sccustomdbl2	double	double	0	medium	avg
m13_student_category_billing_history	sccustomdbl3	double	double	0	medium	avg
m13_student_category_billing_history	sccustomdbl4	double	double	0	medium	avg
m13_student_category_billing_history	sccustomdbl5	double	double	0	medium	avg
m13_student_category_billing_history	sccustomdbl6	double	double	0	medium	avg
m13_student_category_billing_history	sccustomdbl7	double	double	0	medium	avg
m13_student_category_billing_history	sccustomdbl8	double	double	0	medium	avg
m13_student_category_billing_history	sccustomdbl9	double	double	0	medium	avg
m13_student_category_billing_history	sccustomdbl10	double	double	0	medium	avg
m13_student_category_billing_history	sccustomdbl11	double	double	0	medium	avg
m13_student_category_billing_history	sccustomdbl12	double	double	0	medium	avg
m13_student_category_billing_history	sccustomdbl13	double	double	0	medium	avg
m13_student_category_billing_history	sccustomdbl14	double	double	0	medium	avg
m13_student_category_billing_history	sccustomdbl15	double	double	0	medium	avg
m13_student_category_billing_history	sccustomdbl16	double	double	0	medium	avg
m13_student_category_billing_history	sccustomdbl17	double	double	0	medium	avg
m13_student_category_billing_history	sccustomdbl18	double	double	0	medium	avg
m13_student_category_billing_history	sccustomdbl19	double	double	0	medium	avg
m13_student_category_billing_history	sccustomdbl20	double	double	0	medium	avg
m13_student_category_billing_history	sccustomdbl21	double	double	0	medium	avg
m13_student_category_billing_history	sccustomdbl22	double	double	0	medium	avg
m13_student_category_billing_history	sccustomdbl23	double	double	0	medium	avg
m13_student_category_billing_history	sccustomdbl24	double	double	0	medium	avg
m13_student_category_billing_history	sccustomdbl25	double	double	0	medium	avg
m13_student_category_billing_history	scbidsc	bigint	bigint	0	medium	sum,count,avg
m13_student_category_billing_history	scbharga	double	double	0	medium	avg
m13_student_category_billing_history	scbdenda	double	double	0	medium	avg
m13_student_category_history	scidhistory	bigint	bigint	0	medium	sum,count,avg
m13_student_category_history	scinputuser	bigint	bigint	0	medium	sum,count,avg
m13_student_category_history	scmodifikasiuser	bigint	bigint	0	medium	sum,count,avg
m13_student_category_history	sccustomint1	int	int	0	medium	sum,count,avg
m13_student_category_history	sccustomint2	int	int	0	medium	sum,count,avg
m13_student_category_history	sccustomint3	int	int	0	medium	sum,count,avg
m13_student_category_history	sccustomint4	int	int	0	medium	sum,count,avg
m13_student_category_history	sccustomint5	int	int	0	medium	sum,count,avg
m13_student_category_history	sccustomint6	int	int	0	medium	sum,count,avg
m13_student_category_history	sccustomint7	int	int	0	medium	sum,count,avg
m13_student_category_history	sccustomint8	int	int	0	medium	sum,count,avg
m13_student_category_history	sccustomint9	int	int	0	medium	sum,count,avg
m13_student_category_history	sccustomint10	int	int	0	medium	sum,count,avg
m13_student_category_history	sccustomint11	int	int	0	medium	sum,count,avg
m13_student_category_history	sccustomint12	int	int	0	medium	sum,count,avg
m13_student_category_history	sccustomint13	int	int	0	medium	sum,count,avg
m13_student_category_history	sccustomint14	int	int	0	medium	sum,count,avg
m13_student_category_history	sccustomint15	int	int	0	medium	sum,count,avg
m13_student_category_history	sccustomint16	int	int	0	medium	sum,count,avg
m13_student_category_history	sccustomint17	int	int	0	medium	sum,count,avg
m13_student_category_history	sccustomint18	int	int	0	medium	sum,count,avg
m13_student_category_history	sccustomint19	int	int	0	medium	sum,count,avg
m13_student_category_history	sccustomint20	int	int	0	medium	sum,count,avg
m13_student_category_history	sccustomint21	int	int	0	medium	sum,count,avg
m13_student_category_history	sccustomint22	int	int	0	medium	sum,count,avg
m13_student_category_history	sccustomint23	int	int	0	medium	sum,count,avg
m13_student_category_history	sccustomint24	int	int	0	medium	sum,count,avg
m13_student_category_history	sccustomint25	int	int	0	medium	sum,count,avg
m13_student_category_history	sccustomdbl1	double	double	0	medium	avg
m13_student_category_history	sccustomdbl2	double	double	0	medium	avg
m13_student_category_history	sccustomdbl3	double	double	0	medium	avg
m13_student_category_history	sccustomdbl4	double	double	0	medium	avg
m13_student_category_history	sccustomdbl5	double	double	0	medium	avg
m13_student_category_history	sccustomdbl6	double	double	0	medium	avg
m13_student_category_history	sccustomdbl7	double	double	0	medium	avg
m13_student_category_history	sccustomdbl8	double	double	0	medium	avg
m13_student_category_history	sccustomdbl9	double	double	0	medium	avg
m13_student_category_history	sccustomdbl10	double	double	0	medium	avg
m13_student_category_history	sccustomdbl11	double	double	0	medium	avg
m13_student_category_history	sccustomdbl12	double	double	0	medium	avg
m13_student_category_history	sccustomdbl13	double	double	0	medium	avg
m13_student_category_history	sccustomdbl14	double	double	0	medium	avg
m13_student_category_history	sccustomdbl15	double	double	0	medium	avg
m13_student_category_history	sccustomdbl16	double	double	0	medium	avg
m13_student_category_history	sccustomdbl17	double	double	0	medium	avg
m13_student_category_history	sccustomdbl18	double	double	0	medium	avg
m13_student_category_history	sccustomdbl19	double	double	0	medium	avg
m13_student_category_history	sccustomdbl20	double	double	0	medium	avg
m13_student_category_history	sccustomdbl21	double	double	0	medium	avg
m13_student_category_history	sccustomdbl22	double	double	0	medium	avg
m13_student_category_history	sccustomdbl23	double	double	0	medium	avg
m13_student_category_history	sccustomdbl24	double	double	0	medium	avg
m13_student_category_history	sccustomdbl25	double	double	0	medium	avg
m13_student_category_history	scid	bigint	bigint	0	medium	sum,count,avg
m13_student_status	ssinputuser	bigint	bigint	0	medium	sum,count,avg
m13_student_status	ssmodifikasiuser	bigint	bigint	0	medium	sum,count,avg
m13_student_status	sscustomint1	int	int	0	medium	sum,count,avg
m13_student_status	sscustomint2	int	int	0	medium	sum,count,avg
m13_student_status	sscustomint3	int	int	0	medium	sum,count,avg
m13_student_status	sscustomint4	int	int	0	medium	sum,count,avg
m13_student_status	sscustomint5	int	int	0	medium	sum,count,avg
m13_student_status	sscustomint6	int	int	0	medium	sum,count,avg
m13_student_status	sscustomint7	int	int	0	medium	sum,count,avg
m13_student_status	sscustomint8	int	int	0	medium	sum,count,avg
m13_student_status	sscustomint9	int	int	0	medium	sum,count,avg
m13_student_status	sscustomint10	int	int	0	medium	sum,count,avg
m13_student_status	sscustomint11	int	int	0	medium	sum,count,avg
m13_student_status	sscustomint12	int	int	0	medium	sum,count,avg
m13_student_status	sscustomint13	int	int	0	medium	sum,count,avg
m13_student_status	sscustomint14	int	int	0	medium	sum,count,avg
m13_student_status	sscustomint15	int	int	0	medium	sum,count,avg
m13_student_status	sscustomint16	int	int	0	medium	sum,count,avg
m13_student_status	sscustomint17	int	int	0	medium	sum,count,avg
m13_student_status	sscustomint18	int	int	0	medium	sum,count,avg
m13_student_status	sscustomint19	int	int	0	medium	sum,count,avg
m13_student_status	sscustomint20	int	int	0	medium	sum,count,avg
m13_student_status	sscustomint21	int	int	0	medium	sum,count,avg
m13_student_status	sscustomint22	int	int	0	medium	sum,count,avg
m13_student_status	sscustomint23	int	int	0	medium	sum,count,avg
m13_student_status	sscustomint24	int	int	0	medium	sum,count,avg
m13_student_status	sscustomint25	int	int	0	medium	sum,count,avg
m13_student_status	sscustomdbl1	double	double	0	medium	avg
m13_student_status	sscustomdbl2	double	double	0	medium	avg
m13_student_status	sscustomdbl3	double	double	0	medium	avg
m13_student_status	sscustomdbl4	double	double	0	medium	avg
m13_student_status	sscustomdbl5	double	double	0	medium	avg
m13_student_status	sscustomdbl6	double	double	0	medium	avg
m13_student_status	sscustomdbl7	double	double	0	medium	avg
m13_student_status	sscustomdbl8	double	double	0	medium	avg
m13_student_status	sscustomdbl9	double	double	0	medium	avg
m13_student_status	sscustomdbl10	double	double	0	medium	avg
m13_student_status	sscustomdbl11	double	double	0	medium	avg
m13_student_status	sscustomdbl12	double	double	0	medium	avg
m13_student_status	sscustomdbl13	double	double	0	medium	avg
m13_student_status	sscustomdbl14	double	double	0	medium	avg
m13_student_status	sscustomdbl15	double	double	0	medium	avg
m13_student_status	sscustomdbl16	double	double	0	medium	avg
m13_student_status	sscustomdbl17	double	double	0	medium	avg
m13_student_status	sscustomdbl18	double	double	0	medium	avg
m13_student_status	sscustomdbl19	double	double	0	medium	avg
m13_student_status	sscustomdbl20	double	double	0	medium	avg
m13_student_status	sscustomdbl21	double	double	0	medium	avg
m13_student_status	sscustomdbl22	double	double	0	medium	avg
m13_student_status	sscustomdbl23	double	double	0	medium	avg
m13_student_status	sscustomdbl24	double	double	0	medium	avg
m13_student_status	sscustomdbl25	double	double	0	medium	avg
m13_student_status_history	ssidhistory	bigint	bigint	0	medium	sum,count,avg
m13_student_status_history	ssinputuser	bigint	bigint	0	medium	sum,count,avg
m13_student_status_history	ssmodifikasiuser	bigint	bigint	0	medium	sum,count,avg
m13_student_status_history	sscustomint1	int	int	0	medium	sum,count,avg
m13_student_status_history	sscustomint2	int	int	0	medium	sum,count,avg
m13_student_status_history	sscustomint3	int	int	0	medium	sum,count,avg
m13_student_status_history	sscustomint4	int	int	0	medium	sum,count,avg
m13_student_status_history	sscustomint5	int	int	0	medium	sum,count,avg
m13_student_status_history	sscustomint6	int	int	0	medium	sum,count,avg
m13_student_status_history	sscustomint7	int	int	0	medium	sum,count,avg
m13_student_status_history	sscustomint8	int	int	0	medium	sum,count,avg
m13_student_status_history	sscustomint9	int	int	0	medium	sum,count,avg
m13_student_status_history	sscustomint10	int	int	0	medium	sum,count,avg
m13_student_status_history	sscustomint11	int	int	0	medium	sum,count,avg
m13_student_status_history	sscustomint12	int	int	0	medium	sum,count,avg
m13_student_status_history	sscustomint13	int	int	0	medium	sum,count,avg
m13_student_status_history	sscustomint14	int	int	0	medium	sum,count,avg
m13_student_status_history	sscustomint15	int	int	0	medium	sum,count,avg
m13_student_status_history	sscustomint16	int	int	0	medium	sum,count,avg
m13_student_status_history	sscustomint17	int	int	0	medium	sum,count,avg
m13_student_status_history	sscustomint18	int	int	0	medium	sum,count,avg
m13_student_status_history	sscustomint19	int	int	0	medium	sum,count,avg
m13_student_status_history	sscustomint20	int	int	0	medium	sum,count,avg
m13_student_status_history	sscustomint21	int	int	0	medium	sum,count,avg
m13_student_status_history	sscustomint22	int	int	0	medium	sum,count,avg
m13_student_status_history	sscustomint23	int	int	0	medium	sum,count,avg
m13_student_status_history	sscustomint24	int	int	0	medium	sum,count,avg
m13_student_status_history	sscustomint25	int	int	0	medium	sum,count,avg
m13_student_status_history	sscustomdbl1	double	double	0	medium	avg
m13_student_status_history	sscustomdbl2	double	double	0	medium	avg
m13_student_status_history	sscustomdbl3	double	double	0	medium	avg
m13_student_status_history	sscustomdbl4	double	double	0	medium	avg
m13_student_status_history	sscustomdbl5	double	double	0	medium	avg
m13_student_status_history	sscustomdbl6	double	double	0	medium	avg
m13_student_status_history	sscustomdbl7	double	double	0	medium	avg
m13_student_status_history	sscustomdbl8	double	double	0	medium	avg
m13_student_status_history	sscustomdbl9	double	double	0	medium	avg
m13_student_status_history	sscustomdbl10	double	double	0	medium	avg
m13_student_status_history	sscustomdbl11	double	double	0	medium	avg
m13_student_status_history	sscustomdbl12	double	double	0	medium	avg
m13_student_status_history	sscustomdbl13	double	double	0	medium	avg
m13_student_status_history	sscustomdbl14	double	double	0	medium	avg
m13_student_status_history	sscustomdbl15	double	double	0	medium	avg
m13_student_status_history	sscustomdbl16	double	double	0	medium	avg
m13_student_status_history	sscustomdbl17	double	double	0	medium	avg
m13_student_status_history	sscustomdbl18	double	double	0	medium	avg
m13_student_status_history	sscustomdbl19	double	double	0	medium	avg
m13_student_status_history	sscustomdbl20	double	double	0	medium	avg
m13_student_status_history	sscustomdbl21	double	double	0	medium	avg
m13_student_status_history	sscustomdbl22	double	double	0	medium	avg
m13_student_status_history	sscustomdbl23	double	double	0	medium	avg
m13_student_status_history	sscustomdbl24	double	double	0	medium	avg
m13_student_status_history	sscustomdbl25	double	double	0	medium	avg
m13_study_program	spinputuser	bigint	bigint	0	medium	sum,count,avg
m13_study_program	spmodifikasiuser	bigint	bigint	0	medium	sum,count,avg
m13_study_program	spcustomint1	int	int	0	medium	sum,count,avg
m13_study_program	spcustomint2	int	int	0	medium	sum,count,avg
m13_study_program	spcustomint3	int	int	0	medium	sum,count,avg
m13_study_program	spcustomint4	int	int	0	medium	sum,count,avg
m13_study_program	spcustomint5	int	int	0	medium	sum,count,avg
m13_study_program	spcustomint6	int	int	0	medium	sum,count,avg
m13_study_program	spcustomint7	int	int	0	medium	sum,count,avg
m13_study_program	spcustomint8	int	int	0	medium	sum,count,avg
m13_study_program	spcustomint9	int	int	0	medium	sum,count,avg
m13_study_program	spcustomint10	int	int	0	medium	sum,count,avg
m13_study_program	spcustomint11	int	int	0	medium	sum,count,avg
m13_study_program	spcustomint12	int	int	0	medium	sum,count,avg
m13_study_program	spcustomint13	int	int	0	medium	sum,count,avg
m13_study_program	spcustomint14	int	int	0	medium	sum,count,avg
m13_study_program	spcustomint15	int	int	0	medium	sum,count,avg
m13_study_program	spcustomint16	int	int	0	medium	sum,count,avg
m13_study_program	spcustomint17	int	int	0	medium	sum,count,avg
m13_study_program	spcustomint18	int	int	0	medium	sum,count,avg
m13_study_program	spcustomint19	int	int	0	medium	sum,count,avg
m13_study_program	spcustomint20	int	int	0	medium	sum,count,avg
m13_study_program	spcustomint21	int	int	0	medium	sum,count,avg
m13_study_program	spcustomint22	int	int	0	medium	sum,count,avg
m13_study_program	spcustomint23	int	int	0	medium	sum,count,avg
m13_study_program	spcustomint24	int	int	0	medium	sum,count,avg
m13_study_program	spcustomint25	int	int	0	medium	sum,count,avg
m13_study_program	spcustomdbl1	double	double	0	medium	avg
m13_study_program	spcustomdbl2	double	double	0	medium	avg
m13_study_program	spcustomdbl3	double	double	0	medium	avg
m13_study_program	spcustomdbl4	double	double	0	medium	avg
m13_study_program	spcustomdbl5	double	double	0	medium	avg
m13_study_program	spcustomdbl6	double	double	0	medium	avg
m13_study_program	spcustomdbl7	double	double	0	medium	avg
m13_study_program	spcustomdbl8	double	double	0	medium	avg
m13_study_program	spcustomdbl9	double	double	0	medium	avg
m13_study_program	spcustomdbl10	double	double	0	medium	avg
m13_study_program	spcustomdbl11	double	double	0	medium	avg
m13_study_program	spcustomdbl12	double	double	0	medium	avg
m13_study_program	spcustomdbl13	double	double	0	medium	avg
m13_study_program	spcustomdbl14	double	double	0	medium	avg
m13_study_program	spcustomdbl15	double	double	0	medium	avg
m13_study_program	spcustomdbl16	double	double	0	medium	avg
m13_study_program	spcustomdbl17	double	double	0	medium	avg
m13_study_program	spcustomdbl18	double	double	0	medium	avg
m13_study_program	spcustomdbl19	double	double	0	medium	avg
m13_study_program	spcustomdbl20	double	double	0	medium	avg
m13_study_program	spcustomdbl21	double	double	0	medium	avg
m13_study_program	spcustomdbl22	double	double	0	medium	avg
m13_study_program	spcustomdbl23	double	double	0	medium	avg
m13_study_program	spcustomdbl24	double	double	0	medium	avg
m13_study_program	spcustomdbl25	double	double	0	medium	avg
m13_study_program_history	spidhistory	bigint	bigint	0	medium	sum,count,avg
m13_study_program_history	spinputuser	bigint	bigint	0	medium	sum,count,avg
m13_study_program_history	spmodifikasiuser	bigint	bigint	0	medium	sum,count,avg
m13_study_program_history	spcustomint1	int	int	0	medium	sum,count,avg
m13_study_program_history	spcustomint2	int	int	0	medium	sum,count,avg
m13_study_program_history	spcustomint3	int	int	0	medium	sum,count,avg
m13_study_program_history	spcustomint4	int	int	0	medium	sum,count,avg
m13_study_program_history	spcustomint5	int	int	0	medium	sum,count,avg
m13_study_program_history	spcustomint6	int	int	0	medium	sum,count,avg
m13_study_program_history	spcustomint7	int	int	0	medium	sum,count,avg
m13_study_program_history	spcustomint8	int	int	0	medium	sum,count,avg
m13_study_program_history	spcustomint9	int	int	0	medium	sum,count,avg
m13_study_program_history	spcustomint10	int	int	0	medium	sum,count,avg
m13_study_program_history	spcustomint11	int	int	0	medium	sum,count,avg
m13_study_program_history	spcustomint12	int	int	0	medium	sum,count,avg
m13_study_program_history	spcustomint13	int	int	0	medium	sum,count,avg
m13_study_program_history	spcustomint14	int	int	0	medium	sum,count,avg
m13_study_program_history	spcustomint15	int	int	0	medium	sum,count,avg
m13_study_program_history	spcustomint16	int	int	0	medium	sum,count,avg
m13_study_program_history	spcustomint17	int	int	0	medium	sum,count,avg
m13_study_program_history	spcustomint18	int	int	0	medium	sum,count,avg
m13_study_program_history	spcustomint19	int	int	0	medium	sum,count,avg
m13_study_program_history	spcustomint20	int	int	0	medium	sum,count,avg
m13_study_program_history	spcustomint21	int	int	0	medium	sum,count,avg
m13_study_program_history	spcustomint22	int	int	0	medium	sum,count,avg
m13_study_program_history	spcustomint23	int	int	0	medium	sum,count,avg
m13_study_program_history	spcustomint24	int	int	0	medium	sum,count,avg
m13_study_program_history	spcustomint25	int	int	0	medium	sum,count,avg
m13_study_program_history	spcustomdbl1	double	double	0	medium	avg
m13_study_program_history	spcustomdbl2	double	double	0	medium	avg
m13_study_program_history	spcustomdbl3	double	double	0	medium	avg
m13_study_program_history	spcustomdbl4	double	double	0	medium	avg
m13_study_program_history	spcustomdbl5	double	double	0	medium	avg
m13_study_program_history	spcustomdbl6	double	double	0	medium	avg
m13_study_program_history	spcustomdbl7	double	double	0	medium	avg
m13_study_program_history	spcustomdbl8	double	double	0	medium	avg
m13_study_program_history	spcustomdbl9	double	double	0	medium	avg
m13_study_program_history	spcustomdbl10	double	double	0	medium	avg
m13_study_program_history	spcustomdbl11	double	double	0	medium	avg
m13_study_program_history	spcustomdbl12	double	double	0	medium	avg
m13_study_program_history	spcustomdbl13	double	double	0	medium	avg
m13_study_program_history	spcustomdbl14	double	double	0	medium	avg
m13_study_program_history	spcustomdbl15	double	double	0	medium	avg
m13_study_program_history	spcustomdbl16	double	double	0	medium	avg
m13_study_program_history	spcustomdbl17	double	double	0	medium	avg
m13_study_program_history	spcustomdbl18	double	double	0	medium	avg
m13_study_program_history	spcustomdbl19	double	double	0	medium	avg
m13_study_program_history	spcustomdbl20	double	double	0	medium	avg
m13_study_program_history	spcustomdbl21	double	double	0	medium	avg
m13_study_program_history	spcustomdbl22	double	double	0	medium	avg
m13_study_program_history	spcustomdbl23	double	double	0	medium	avg
m13_study_program_history	spcustomdbl24	double	double	0	medium	avg
m13_study_program_history	spcustomdbl25	double	double	0	medium	avg
m14_account	ainputuser	bigint	bigint	0	medium	sum,count,avg
m14_account	amodifikasiuser	bigint	bigint	0	medium	sum,count,avg
m14_account	acustomint1	int	int	0	medium	sum,count,avg
m14_account	acustomint2	int	int	0	medium	sum,count,avg
m14_account	acustomint3	int	int	0	medium	sum,count,avg
m14_account	acustomint4	int	int	0	medium	sum,count,avg
m14_account	acustomint5	int	int	0	medium	sum,count,avg
m14_account	acustomint6	int	int	0	medium	sum,count,avg
m14_account	acustomint7	int	int	0	medium	sum,count,avg
m14_account	acustomint8	int	int	0	medium	sum,count,avg
m14_account	acustomint9	int	int	0	medium	sum,count,avg
m14_account	acustomint10	int	int	0	medium	sum,count,avg
m14_account	acustomint11	int	int	0	medium	sum,count,avg
m14_account	acustomint12	int	int	0	medium	sum,count,avg
m14_account	acustomint13	int	int	0	medium	sum,count,avg
m14_account	acustomint14	int	int	0	medium	sum,count,avg
m14_account	acustomint15	int	int	0	medium	sum,count,avg
m14_account	acustomint16	int	int	0	medium	sum,count,avg
m14_account	acustomint17	int	int	0	medium	sum,count,avg
m14_account	acustomint18	int	int	0	medium	sum,count,avg
m14_account	acustomint19	int	int	0	medium	sum,count,avg
m14_account	acustomint20	int	int	0	medium	sum,count,avg
m14_account	acustomint21	int	int	0	medium	sum,count,avg
m14_account	acustomint22	int	int	0	medium	sum,count,avg
m14_account	acustomint23	int	int	0	medium	sum,count,avg
m14_account	acustomint24	int	int	0	medium	sum,count,avg
m14_account	acustomint25	int	int	0	medium	sum,count,avg
m14_account	acustomdbl1	double	double	0	medium	avg
m14_account	acustomdbl2	double	double	0	medium	avg
m14_account	acustomdbl3	double	double	0	medium	avg
m14_account	acustomdbl4	double	double	0	medium	avg
m14_account	acustomdbl5	double	double	0	medium	avg
m14_account	acustomdbl6	double	double	0	medium	avg
m14_account	acustomdbl7	double	double	0	medium	avg
m14_account	acustomdbl8	double	double	0	medium	avg
m14_account	acustomdbl9	double	double	0	medium	avg
m14_account	acustomdbl10	double	double	0	medium	avg
m14_account	acustomdbl11	double	double	0	medium	avg
m14_account	acustomdbl12	double	double	0	medium	avg
m14_account	acustomdbl13	double	double	0	medium	avg
m14_account	acustomdbl14	double	double	0	medium	avg
m14_account	acustomdbl15	double	double	0	medium	avg
m14_account	acustomdbl16	double	double	0	medium	avg
m14_account	acustomdbl17	double	double	0	medium	avg
m14_account	acustomdbl18	double	double	0	medium	avg
m14_account	acustomdbl19	double	double	0	medium	avg
m14_account	acustomdbl20	double	double	0	medium	avg
m14_account	acustomdbl21	double	double	0	medium	avg
m14_account	acustomdbl22	double	double	0	medium	avg
m14_account	acustomdbl23	double	double	0	medium	avg
m14_account	acustomdbl24	double	double	0	medium	avg
m14_account	acustomdbl25	double	double	0	medium	avg
m14_account_history	aidhistory	int	int	0	medium	sum,count,avg
m14_account_history	ainputuser	bigint	bigint	0	medium	sum,count,avg
m14_account_history	amodifikasiuser	bigint	bigint	0	medium	sum,count,avg
m14_account_history	acustomint1	int	int	0	medium	sum,count,avg
m14_account_history	acustomint2	int	int	0	medium	sum,count,avg
m14_account_history	acustomint3	int	int	0	medium	sum,count,avg
m14_account_history	acustomint4	int	int	0	medium	sum,count,avg
m14_account_history	acustomint5	int	int	0	medium	sum,count,avg
m14_account_history	acustomint6	int	int	0	medium	sum,count,avg
m14_account_history	acustomint7	int	int	0	medium	sum,count,avg
m14_account_history	acustomint8	int	int	0	medium	sum,count,avg
m14_account_history	acustomint9	int	int	0	medium	sum,count,avg
m14_account_history	acustomint10	int	int	0	medium	sum,count,avg
m14_account_history	acustomint11	int	int	0	medium	sum,count,avg
m14_account_history	acustomint12	int	int	0	medium	sum,count,avg
m14_account_history	acustomint13	int	int	0	medium	sum,count,avg
m14_account_history	acustomint14	int	int	0	medium	sum,count,avg
m14_account_history	acustomint15	int	int	0	medium	sum,count,avg
m14_account_history	acustomint16	int	int	0	medium	sum,count,avg
m14_account_history	acustomint17	int	int	0	medium	sum,count,avg
m14_account_history	acustomint18	int	int	0	medium	sum,count,avg
m14_account_history	acustomint19	int	int	0	medium	sum,count,avg
m14_account_history	acustomint20	int	int	0	medium	sum,count,avg
m14_account_history	acustomint21	int	int	0	medium	sum,count,avg
m14_account_history	acustomint22	int	int	0	medium	sum,count,avg
m14_account_history	acustomint23	int	int	0	medium	sum,count,avg
m14_account_history	acustomint24	int	int	0	medium	sum,count,avg
m14_account_history	acustomint25	int	int	0	medium	sum,count,avg
m14_account_history	acustomdbl1	double	double	0	medium	avg
m14_account_history	acustomdbl2	double	double	0	medium	avg
m14_account_history	acustomdbl3	double	double	0	medium	avg
m14_account_history	acustomdbl4	double	double	0	medium	avg
m14_account_history	acustomdbl5	double	double	0	medium	avg
m14_account_history	acustomdbl6	double	double	0	medium	avg
m14_account_history	acustomdbl7	double	double	0	medium	avg
m14_account_history	acustomdbl8	double	double	0	medium	avg
m14_account_history	acustomdbl9	double	double	0	medium	avg
m14_account_history	acustomdbl10	double	double	0	medium	avg
m14_account_history	acustomdbl11	double	double	0	medium	avg
m14_account_history	acustomdbl12	double	double	0	medium	avg
m14_account_history	acustomdbl13	double	double	0	medium	avg
m14_account_history	acustomdbl14	double	double	0	medium	avg
m14_account_history	acustomdbl15	double	double	0	medium	avg
m14_account_history	acustomdbl16	double	double	0	medium	avg
m14_account_history	acustomdbl17	double	double	0	medium	avg
m14_account_history	acustomdbl18	double	double	0	medium	avg
m14_account_history	acustomdbl19	double	double	0	medium	avg
m14_account_history	acustomdbl20	double	double	0	medium	avg
m14_account_history	acustomdbl21	double	double	0	medium	avg
m14_account_history	acustomdbl22	double	double	0	medium	avg
m14_account_history	acustomdbl23	double	double	0	medium	avg
m14_account_history	acustomdbl24	double	double	0	medium	avg
m14_account_history	acustomdbl25	double	double	0	medium	avg
m14_ang	angid	bigint	bigint	0	medium	sum,count,avg
m14_ang	angkodepa	bigint	bigint	0	medium	sum,count,avg
m14_ang	angjmlrevisi	int	int	0	medium	sum,count,avg
m14_ang	anginputuser	bigint	bigint unsigned	0	medium	sum,count,avg
m14_ang	angmodifikasiuser	bigint	bigint unsigned	0	medium	sum,count,avg
m14_ang	angcustomint1	int	int	0	medium	sum,count,avg
m14_ang	angcustomint2	int	int	0	medium	sum,count,avg
m14_ang	angcustomint3	int	int	0	medium	sum,count,avg
m14_ang	angcustomint4	int	int	0	medium	sum,count,avg
m14_ang	angcustomint5	int	int	0	medium	sum,count,avg
m14_ang	angcustomint6	int	int	0	medium	sum,count,avg
m14_ang	angcustomint7	int	int	0	medium	sum,count,avg
m14_ang	angcustomint8	int	int	0	medium	sum,count,avg
m14_ang	angcustomint9	int	int	0	medium	sum,count,avg
m14_ang	angcustomint10	int	int	0	medium	sum,count,avg
m14_ang	angcustomint11	int	int	0	medium	sum,count,avg
m14_ang	angcustomint12	int	int	0	medium	sum,count,avg
m14_ang	angcustomint13	int	int	0	medium	sum,count,avg
m14_ang	angcustomint14	int	int	0	medium	sum,count,avg
m14_ang	angcustomint15	int	int	0	medium	sum,count,avg
m14_ang	angcustomint16	int	int	0	medium	sum,count,avg
m14_ang	angcustomint17	int	int	0	medium	sum,count,avg
m14_ang	angcustomint18	int	int	0	medium	sum,count,avg
m14_ang	angcustomint19	int	int	0	medium	sum,count,avg
m14_ang	angcustomint20	int	int	0	medium	sum,count,avg
m14_ang	angcustomint21	int	int	0	medium	sum,count,avg
m14_ang	angcustomint22	int	int	0	medium	sum,count,avg
m14_ang	angcustomint23	int	int	0	medium	sum,count,avg
m14_ang	angcustomint24	int	int	0	medium	sum,count,avg
m14_ang	angcustomint25	int	int	0	medium	sum,count,avg
m14_ang	angcustomdbl1	double	double	0	medium	avg
m14_ang	angcustomdbl2	double	double	0	medium	avg
m14_ang	angcustomdbl3	double	double	0	medium	avg
m14_ang	angcustomdbl4	double	double	0	medium	avg
m14_ang	angcustomdbl5	double	double	0	medium	avg
m14_ang	angcustomdbl6	double	double	0	medium	avg
m14_ang	angcustomdbl7	double	double	0	medium	avg
m14_ang	angcustomdbl8	double	double	0	medium	avg
m14_ang	angcustomdbl9	double	double	0	medium	avg
m14_ang	angcustomdbl10	double	double	0	medium	avg
m14_ang	angcustomdbl11	double	double	0	medium	avg
m14_ang	angcustomdbl12	double	double	0	medium	avg
m14_ang	angcustomdbl13	double	double	0	medium	avg
m14_ang	angcustomdbl14	double	double	0	medium	avg
m14_ang	angcustomdbl15	double	double	0	medium	avg
m14_ang	angcustomdbl16	double	double	0	medium	avg
m14_ang	angcustomdbl17	double	double	0	medium	avg
m14_ang	angcustomdbl18	double	double	0	medium	avg
m14_ang	angcustomdbl19	double	double	0	medium	avg
m14_ang	angcustomdbl20	double	double	0	medium	avg
m14_ang	angcustomdbl21	double	double	0	medium	avg
m14_ang	angcustomdbl22	double	double	0	medium	avg
m14_ang	angcustomdbl23	double	double	0	medium	avg
m14_ang	angcustomdbl24	double	double	0	medium	avg
m14_ang	angcustomdbl25	double	double	0	medium	avg
m14_ang	angangsuranke	int	int	0	medium	sum,count,avg
m14_ang_detail	idangdetail	bigint	bigint	0	medium	sum,count,avg
m14_ang_detail	idang	bigint	bigint	0	medium	sum,count,avg
m14_ang_detail	idpjm	bigint	bigint	0	medium	sum,count,avg
m14_ang_detail	ke	int	int	0	medium	sum,count,avg
m14_ang_detail	idanggota	int	int	0	medium	sum,count,avg
m14_ang_detail	nilai	double	double	0	medium	avg
m14_ang_detail	bunga	double	double	0	medium	avg
m14_ang_detail	jumlah	double	double	0	medium	avg
m14_ang_detail	urutan	int	int	0	medium	sum,count,avg
m14_ang_detail	jmlrealisasi	double	double	0	medium	avg
m14_ang_detail	customdbl1	double	double	0	medium	avg
m14_ang_detail	customdbl2	double	double	0	medium	avg
m14_ang_detail	customdbl3	double	double	0	medium	avg
m14_ang_detail	customdbl4	double	double	0	medium	avg
m14_ang_detail	customdbl5	double	double	0	medium	avg
m14_ang_detail	customdbl6	double	double	0	medium	avg
m14_ang_detail	customdbl7	double	double	0	medium	avg
m14_ang_detail	customdbl8	double	double	0	medium	avg
m14_ang_detail	customdbl9	double	double	0	medium	avg
m14_ang_detail	customdbl10	double	double	0	medium	avg
m14_ang_detail	customdbl11	double	double	0	medium	avg
m14_ang_detail	customdbl12	double	double	0	medium	avg
m14_ang_detail	customdbl13	double	double	0	medium	avg
m14_ang_detail	customdbl14	double	double	0	medium	avg
m14_ang_detail	customdbl15	double	double	0	medium	avg
m14_ang_detail	customdbl16	double	double	0	medium	avg
m14_ang_detail	customdbl17	double	double	0	medium	avg
m14_ang_detail	customdbl18	double	double	0	medium	avg
m14_ang_detail	customdbl19	double	double	0	medium	avg
m14_ang_detail	customdbl20	double	double	0	medium	avg
m14_ang_detail_bayar	idang	bigint	bigint	0	medium	sum,count,avg
m14_ang_detail_bayar	bayar	double	double	0	medium	avg
m14_collateral	ainputuser	bigint	bigint	0	medium	sum,count,avg
m14_collateral	amodifikasiuser	bigint	bigint	0	medium	sum,count,avg
m14_collateral	acustomint1	int	int	0	medium	sum,count,avg
m14_collateral	acustomint2	int	int	0	medium	sum,count,avg
m14_collateral	acustomint3	int	int	0	medium	sum,count,avg
m14_collateral	acustomint4	int	int	0	medium	sum,count,avg
m14_collateral	acustomint5	int	int	0	medium	sum,count,avg
m14_collateral	acustomint6	int	int	0	medium	sum,count,avg
m14_collateral	acustomint7	int	int	0	medium	sum,count,avg
m14_collateral	acustomint8	int	int	0	medium	sum,count,avg
m14_collateral	acustomint9	int	int	0	medium	sum,count,avg
m14_collateral	acustomint10	int	int	0	medium	sum,count,avg
m14_collateral	acustomint11	int	int	0	medium	sum,count,avg
m14_collateral	acustomint12	int	int	0	medium	sum,count,avg
m14_collateral	acustomint13	int	int	0	medium	sum,count,avg
m14_collateral	acustomint14	int	int	0	medium	sum,count,avg
m14_collateral	acustomint15	int	int	0	medium	sum,count,avg
m14_collateral	acustomint16	int	int	0	medium	sum,count,avg
m14_collateral	acustomint17	int	int	0	medium	sum,count,avg
m14_collateral	acustomint18	int	int	0	medium	sum,count,avg
m14_collateral	acustomint19	int	int	0	medium	sum,count,avg
m14_collateral	acustomint20	int	int	0	medium	sum,count,avg
m14_collateral	acustomint21	int	int	0	medium	sum,count,avg
m14_collateral	acustomint22	int	int	0	medium	sum,count,avg
m14_collateral	acustomint23	int	int	0	medium	sum,count,avg
m14_collateral	acustomint24	int	int	0	medium	sum,count,avg
m14_collateral	acustomint25	int	int	0	medium	sum,count,avg
m14_collateral	acustomdbl1	double	double	0	medium	avg
m14_collateral	acustomdbl2	double	double	0	medium	avg
m14_collateral	acustomdbl3	double	double	0	medium	avg
m14_collateral	acustomdbl4	double	double	0	medium	avg
m14_collateral	acustomdbl5	double	double	0	medium	avg
m14_collateral	acustomdbl6	double	double	0	medium	avg
m14_collateral	acustomdbl7	double	double	0	medium	avg
m14_collateral	acustomdbl8	double	double	0	medium	avg
m14_collateral	acustomdbl9	double	double	0	medium	avg
m14_collateral	acustomdbl10	double	double	0	medium	avg
m14_collateral	acustomdbl11	double	double	0	medium	avg
m14_collateral	acustomdbl12	double	double	0	medium	avg
m14_collateral	acustomdbl13	double	double	0	medium	avg
m14_collateral	acustomdbl14	double	double	0	medium	avg
m14_collateral	acustomdbl15	double	double	0	medium	avg
m14_collateral	acustomdbl16	double	double	0	medium	avg
m14_collateral	acustomdbl17	double	double	0	medium	avg
m14_collateral	acustomdbl18	double	double	0	medium	avg
m14_collateral	acustomdbl19	double	double	0	medium	avg
m14_collateral	acustomdbl20	double	double	0	medium	avg
m14_collateral	acustomdbl21	double	double	0	medium	avg
m14_collateral	acustomdbl22	double	double	0	medium	avg
m14_collateral	acustomdbl23	double	double	0	medium	avg
m14_collateral	acustomdbl24	double	double	0	medium	avg
m14_collateral	acustomdbl25	double	double	0	medium	avg
m14_collateral	anilai	double	double	0	medium	avg
m14_collateral_history	aidhistory	bigint	bigint	0	medium	sum,count,avg
m14_collateral_history	ainputuser	bigint	bigint	0	medium	sum,count,avg
m14_collateral_history	amodifikasiuser	bigint	bigint	0	medium	sum,count,avg
m14_collateral_history	acustomint1	int	int	0	medium	sum,count,avg
m14_collateral_history	acustomint2	int	int	0	medium	sum,count,avg
m14_collateral_history	acustomint3	int	int	0	medium	sum,count,avg
m14_collateral_history	acustomint4	int	int	0	medium	sum,count,avg
m14_collateral_history	acustomint5	int	int	0	medium	sum,count,avg
m14_collateral_history	acustomint6	int	int	0	medium	sum,count,avg
m14_collateral_history	acustomint7	int	int	0	medium	sum,count,avg
m14_collateral_history	acustomint8	int	int	0	medium	sum,count,avg
m14_collateral_history	acustomint9	int	int	0	medium	sum,count,avg
m14_collateral_history	acustomint10	int	int	0	medium	sum,count,avg
m14_collateral_history	acustomint11	int	int	0	medium	sum,count,avg
m14_collateral_history	acustomint12	int	int	0	medium	sum,count,avg
m14_collateral_history	acustomint13	int	int	0	medium	sum,count,avg
m14_collateral_history	acustomint14	int	int	0	medium	sum,count,avg
m14_collateral_history	acustomint15	int	int	0	medium	sum,count,avg
m14_collateral_history	acustomint16	int	int	0	medium	sum,count,avg
m14_collateral_history	acustomint17	int	int	0	medium	sum,count,avg
m14_collateral_history	acustomint18	int	int	0	medium	sum,count,avg
m14_collateral_history	acustomint19	int	int	0	medium	sum,count,avg
m14_collateral_history	acustomint20	int	int	0	medium	sum,count,avg
m14_collateral_history	acustomint21	int	int	0	medium	sum,count,avg
m14_collateral_history	acustomint22	int	int	0	medium	sum,count,avg
m14_collateral_history	acustomint23	int	int	0	medium	sum,count,avg
m14_collateral_history	acustomint24	int	int	0	medium	sum,count,avg
m14_collateral_history	acustomint25	int	int	0	medium	sum,count,avg
m14_collateral_history	acustomdbl1	double	double	0	medium	avg
m14_collateral_history	acustomdbl2	double	double	0	medium	avg
m14_collateral_history	acustomdbl3	double	double	0	medium	avg
m14_collateral_history	acustomdbl4	double	double	0	medium	avg
m14_collateral_history	acustomdbl5	double	double	0	medium	avg
m14_collateral_history	acustomdbl6	double	double	0	medium	avg
m14_collateral_history	acustomdbl7	double	double	0	medium	avg
m14_collateral_history	acustomdbl8	double	double	0	medium	avg
m14_collateral_history	acustomdbl9	double	double	0	medium	avg
m14_collateral_history	acustomdbl10	double	double	0	medium	avg
m14_collateral_history	acustomdbl11	double	double	0	medium	avg
m14_collateral_history	acustomdbl12	double	double	0	medium	avg
m14_collateral_history	acustomdbl13	double	double	0	medium	avg
m14_collateral_history	acustomdbl14	double	double	0	medium	avg
m14_collateral_history	acustomdbl15	double	double	0	medium	avg
m14_collateral_history	acustomdbl16	double	double	0	medium	avg
m14_collateral_history	acustomdbl17	double	double	0	medium	avg
m14_collateral_history	acustomdbl18	double	double	0	medium	avg
m14_collateral_history	acustomdbl19	double	double	0	medium	avg
m14_collateral_history	acustomdbl20	double	double	0	medium	avg
m14_collateral_history	acustomdbl21	double	double	0	medium	avg
m14_collateral_history	acustomdbl22	double	double	0	medium	avg
m14_collateral_history	acustomdbl23	double	double	0	medium	avg
m14_collateral_history	acustomdbl24	double	double	0	medium	avg
m14_collateral_history	acustomdbl25	double	double	0	medium	avg
m14_collateral_history	anilai	double	double	0	medium	avg
m14_deposit	sjumlah	double	double	0	medium	avg
m14_deposit	sjasapertahun	double	double	0	medium	avg
m14_deposit	sinputuser	bigint	bigint	0	medium	sum,count,avg
m14_deposit	smodifikasiuser	bigint	bigint	0	medium	sum,count,avg
m14_deposit	scustomint1	int	int	0	medium	sum,count,avg
m14_deposit	scustomint2	int	int	0	medium	sum,count,avg
m14_deposit	scustomint3	int	int	0	medium	sum,count,avg
m14_deposit	scustomint4	int	int	0	medium	sum,count,avg
m14_deposit	scustomint5	int	int	0	medium	sum,count,avg
m14_deposit	scustomint6	int	int	0	medium	sum,count,avg
m14_deposit	scustomint7	int	int	0	medium	sum,count,avg
m14_deposit	scustomint8	int	int	0	medium	sum,count,avg
m14_deposit	scustomint9	int	int	0	medium	sum,count,avg
m14_deposit	scustomint10	int	int	0	medium	sum,count,avg
m14_deposit	scustomint11	int	int	0	medium	sum,count,avg
m14_deposit	scustomint12	int	int	0	medium	sum,count,avg
m14_deposit	scustomint13	int	int	0	medium	sum,count,avg
m14_deposit	scustomint14	int	int	0	medium	sum,count,avg
m14_deposit	scustomint15	int	int	0	medium	sum,count,avg
m14_deposit	scustomint16	int	int	0	medium	sum,count,avg
m14_deposit	scustomint17	int	int	0	medium	sum,count,avg
m14_deposit	scustomint18	int	int	0	medium	sum,count,avg
m14_deposit	scustomint19	int	int	0	medium	sum,count,avg
m14_deposit	scustomint20	int	int	0	medium	sum,count,avg
m14_deposit	scustomint21	int	int	0	medium	sum,count,avg
m14_deposit	scustomint22	int	int	0	medium	sum,count,avg
m14_deposit	scustomint23	int	int	0	medium	sum,count,avg
m14_deposit	scustomint24	int	int	0	medium	sum,count,avg
m14_deposit	scustomint25	int	int	0	medium	sum,count,avg
m14_deposit	scustomdbl1	double	double	0	medium	avg
m14_deposit	scustomdbl2	double	double	0	medium	avg
m14_deposit	scustomdbl3	double	double	0	medium	avg
m14_deposit	scustomdbl4	double	double	0	medium	avg
m14_deposit	scustomdbl5	double	double	0	medium	avg
m14_deposit	scustomdbl6	double	double	0	medium	avg
m14_deposit	scustomdbl7	double	double	0	medium	avg
m14_deposit	scustomdbl8	double	double	0	medium	avg
m14_deposit	scustomdbl9	double	double	0	medium	avg
m14_deposit	scustomdbl10	double	double	0	medium	avg
m14_deposit	scustomdbl11	double	double	0	medium	avg
m14_deposit	scustomdbl12	double	double	0	medium	avg
m14_deposit	scustomdbl13	double	double	0	medium	avg
m14_deposit	scustomdbl14	double	double	0	medium	avg
m14_deposit	scustomdbl15	double	double	0	medium	avg
m14_deposit	scustomdbl16	double	double	0	medium	avg
m14_deposit	scustomdbl17	double	double	0	medium	avg
m14_deposit	scustomdbl18	double	double	0	medium	avg
m14_deposit	scustomdbl19	double	double	0	medium	avg
m14_deposit	scustomdbl20	double	double	0	medium	avg
m14_deposit	scustomdbl21	double	double	0	medium	avg
m14_deposit	scustomdbl22	double	double	0	medium	avg
m14_deposit	scustomdbl23	double	double	0	medium	avg
m14_deposit	scustomdbl24	double	double	0	medium	avg
m14_deposit	scustomdbl25	double	double	0	medium	avg
m14_deposit_history	sidhistory	int	int	0	medium	sum,count,avg
m14_deposit_history	sjumlah	double	double	0	medium	avg
m14_deposit_history	sjasapertahun	double	double	0	medium	avg
m14_deposit_history	sinputuser	bigint	bigint	0	medium	sum,count,avg
m14_deposit_history	smodifikasiuser	bigint	bigint	0	medium	sum,count,avg
m14_deposit_history	scustomint1	int	int	0	medium	sum,count,avg
m14_deposit_history	scustomint2	int	int	0	medium	sum,count,avg
m14_deposit_history	scustomint3	int	int	0	medium	sum,count,avg
m14_deposit_history	scustomint4	int	int	0	medium	sum,count,avg
m14_deposit_history	scustomint5	int	int	0	medium	sum,count,avg
m14_deposit_history	scustomint6	int	int	0	medium	sum,count,avg
m14_deposit_history	scustomint7	int	int	0	medium	sum,count,avg
m14_deposit_history	scustomint8	int	int	0	medium	sum,count,avg
m14_deposit_history	scustomint9	int	int	0	medium	sum,count,avg
m14_deposit_history	scustomint10	int	int	0	medium	sum,count,avg
m14_deposit_history	scustomint11	int	int	0	medium	sum,count,avg
m14_deposit_history	scustomint12	int	int	0	medium	sum,count,avg
m14_deposit_history	scustomint13	int	int	0	medium	sum,count,avg
m14_deposit_history	scustomint14	int	int	0	medium	sum,count,avg
m14_deposit_history	scustomint15	int	int	0	medium	sum,count,avg
m14_deposit_history	scustomint16	int	int	0	medium	sum,count,avg
m14_deposit_history	scustomint17	int	int	0	medium	sum,count,avg
m14_deposit_history	scustomint18	int	int	0	medium	sum,count,avg
m14_deposit_history	scustomint19	int	int	0	medium	sum,count,avg
m14_deposit_history	scustomint20	int	int	0	medium	sum,count,avg
m14_deposit_history	scustomint21	int	int	0	medium	sum,count,avg
m14_deposit_history	scustomint22	int	int	0	medium	sum,count,avg
m14_deposit_history	scustomint23	int	int	0	medium	sum,count,avg
m14_deposit_history	scustomint24	int	int	0	medium	sum,count,avg
m14_deposit_history	scustomint25	int	int	0	medium	sum,count,avg
m14_deposit_history	scustomdbl1	double	double	0	medium	avg
m14_deposit_history	scustomdbl2	double	double	0	medium	avg
m14_deposit_history	scustomdbl3	double	double	0	medium	avg
m14_deposit_history	scustomdbl4	double	double	0	medium	avg
m14_deposit_history	scustomdbl5	double	double	0	medium	avg
m14_deposit_history	scustomdbl6	double	double	0	medium	avg
m14_deposit_history	scustomdbl7	double	double	0	medium	avg
m14_deposit_history	scustomdbl8	double	double	0	medium	avg
m14_deposit_history	scustomdbl9	double	double	0	medium	avg
m14_deposit_history	scustomdbl10	double	double	0	medium	avg
m14_deposit_history	scustomdbl11	double	double	0	medium	avg
m14_deposit_history	scustomdbl12	double	double	0	medium	avg
m14_deposit_history	scustomdbl13	double	double	0	medium	avg
m14_deposit_history	scustomdbl14	double	double	0	medium	avg
m14_deposit_history	scustomdbl15	double	double	0	medium	avg
m14_deposit_history	scustomdbl16	double	double	0	medium	avg
m14_deposit_history	scustomdbl17	double	double	0	medium	avg
m14_deposit_history	scustomdbl18	double	double	0	medium	avg
m14_deposit_history	scustomdbl19	double	double	0	medium	avg
m14_deposit_history	scustomdbl20	double	double	0	medium	avg
m14_deposit_history	scustomdbl21	double	double	0	medium	avg
m14_deposit_history	scustomdbl22	double	double	0	medium	avg
m14_deposit_history	scustomdbl23	double	double	0	medium	avg
m14_deposit_history	scustomdbl24	double	double	0	medium	avg
m14_deposit_history	scustomdbl25	double	double	0	medium	avg
m14_loan	pjumlah	double	double	0	medium	avg
m14_loan	pjangkawaktu	int	int	0	medium	sum,count,avg
m14_loan	pjasaperbulan	double	double	0	medium	avg
m14_loan	padministrasi	double	double	0	medium	avg
m14_loan	presikokredit	double	double	0	medium	avg
m14_loan	pasuransi	double	double	0	medium	avg
m14_loan	pinputuser	bigint	bigint	0	medium	sum,count,avg
m14_loan	pmodifikasiuser	bigint	bigint	0	medium	sum,count,avg
m14_loan	pcustomint1	int	int	0	medium	sum,count,avg
m14_loan	pcustomint2	int	int	0	medium	sum,count,avg
m14_loan	pcustomint3	int	int	0	medium	sum,count,avg
m14_loan	pcustomint4	int	int	0	medium	sum,count,avg
m14_loan	pcustomint5	int	int	0	medium	sum,count,avg
m14_loan	pcustomint6	int	int	0	medium	sum,count,avg
m14_loan	pcustomint7	int	int	0	medium	sum,count,avg
m14_loan	pcustomint8	int	int	0	medium	sum,count,avg
m14_loan	pcustomint9	int	int	0	medium	sum,count,avg
m14_loan	pcustomint10	int	int	0	medium	sum,count,avg
m14_loan	pcustomint11	int	int	0	medium	sum,count,avg
m14_loan	pcustomint12	int	int	0	medium	sum,count,avg
m14_loan	pcustomint13	int	int	0	medium	sum,count,avg
m14_loan	pcustomint14	int	int	0	medium	sum,count,avg
m14_loan	pcustomint15	int	int	0	medium	sum,count,avg
m14_loan	pcustomint16	int	int	0	medium	sum,count,avg
m14_loan	pcustomint17	int	int	0	medium	sum,count,avg
m14_loan	pcustomint18	int	int	0	medium	sum,count,avg
m14_loan	pcustomint19	int	int	0	medium	sum,count,avg
m14_loan	pcustomint20	int	int	0	medium	sum,count,avg
m14_loan	pcustomint21	int	int	0	medium	sum,count,avg
m14_loan	pcustomint22	int	int	0	medium	sum,count,avg
m14_loan	pcustomint23	int	int	0	medium	sum,count,avg
m14_loan	pcustomint24	int	int	0	medium	sum,count,avg
m14_loan	pcustomint25	int	int	0	medium	sum,count,avg
m14_loan	pcustomdbl1	double	double	0	medium	avg
m14_loan	pcustomdbl2	double	double	0	medium	avg
m14_loan	pcustomdbl3	double	double	0	medium	avg
m14_loan	pcustomdbl4	double	double	0	medium	avg
m14_loan	pcustomdbl5	double	double	0	medium	avg
m14_loan	pcustomdbl6	double	double	0	medium	avg
m14_loan	pcustomdbl7	double	double	0	medium	avg
m14_loan	pcustomdbl8	double	double	0	medium	avg
m14_loan	pcustomdbl9	double	double	0	medium	avg
m14_loan	pcustomdbl10	double	double	0	medium	avg
m14_loan	pcustomdbl11	double	double	0	medium	avg
m14_loan	pcustomdbl12	double	double	0	medium	avg
m14_loan	pcustomdbl13	double	double	0	medium	avg
m14_loan	pcustomdbl14	double	double	0	medium	avg
m14_loan	pcustomdbl15	double	double	0	medium	avg
m14_loan	pcustomdbl16	double	double	0	medium	avg
m14_loan	pcustomdbl17	double	double	0	medium	avg
m14_loan	pcustomdbl18	double	double	0	medium	avg
m14_loan	pcustomdbl19	double	double	0	medium	avg
m14_loan	pcustomdbl20	double	double	0	medium	avg
m14_loan	pcustomdbl21	double	double	0	medium	avg
m14_loan	pcustomdbl22	double	double	0	medium	avg
m14_loan	pcustomdbl23	double	double	0	medium	avg
m14_loan	pcustomdbl24	double	double	0	medium	avg
m14_loan	pcustomdbl25	double	double	0	medium	avg
m14_loan_history	pidhistory	int	int	0	medium	sum,count,avg
m14_loan_history	pjumlah	double	double	0	medium	avg
m14_loan_history	pjangkawaktu	int	int	0	medium	sum,count,avg
m14_loan_history	pjasaperbulan	double	double	0	medium	avg
m14_loan_history	padministrasi	double	double	0	medium	avg
m14_loan_history	presikokredit	double	double	0	medium	avg
m14_loan_history	pasuransi	double	double	0	medium	avg
m14_loan_history	pinputuser	bigint	bigint	0	medium	sum,count,avg
m14_loan_history	pmodifikasiuser	bigint	bigint	0	medium	sum,count,avg
m14_loan_history	pcustomint1	int	int	0	medium	sum,count,avg
m14_loan_history	pcustomint2	int	int	0	medium	sum,count,avg
m14_loan_history	pcustomint3	int	int	0	medium	sum,count,avg
m14_loan_history	pcustomint4	int	int	0	medium	sum,count,avg
m14_loan_history	pcustomint5	int	int	0	medium	sum,count,avg
m14_loan_history	pcustomint6	int	int	0	medium	sum,count,avg
m14_loan_history	pcustomint7	int	int	0	medium	sum,count,avg
m14_loan_history	pcustomint8	int	int	0	medium	sum,count,avg
m14_loan_history	pcustomint9	int	int	0	medium	sum,count,avg
m14_loan_history	pcustomint10	int	int	0	medium	sum,count,avg
m14_loan_history	pcustomint11	int	int	0	medium	sum,count,avg
m14_loan_history	pcustomint12	int	int	0	medium	sum,count,avg
m14_loan_history	pcustomint13	int	int	0	medium	sum,count,avg
m14_loan_history	pcustomint14	int	int	0	medium	sum,count,avg
m14_loan_history	pcustomint15	int	int	0	medium	sum,count,avg
m14_loan_history	pcustomint16	int	int	0	medium	sum,count,avg
m14_loan_history	pcustomint17	int	int	0	medium	sum,count,avg
m14_loan_history	pcustomint18	int	int	0	medium	sum,count,avg
m14_loan_history	pcustomint19	int	int	0	medium	sum,count,avg
m14_loan_history	pcustomint20	int	int	0	medium	sum,count,avg
m14_loan_history	pcustomint21	int	int	0	medium	sum,count,avg
m14_loan_history	pcustomint22	int	int	0	medium	sum,count,avg
m14_loan_history	pcustomint23	int	int	0	medium	sum,count,avg
m14_loan_history	pcustomint24	int	int	0	medium	sum,count,avg
m14_loan_history	pcustomint25	int	int	0	medium	sum,count,avg
m14_loan_history	pcustomdbl1	double	double	0	medium	avg
m14_loan_history	pcustomdbl2	double	double	0	medium	avg
m14_loan_history	pcustomdbl3	double	double	0	medium	avg
m14_loan_history	pcustomdbl4	double	double	0	medium	avg
m14_loan_history	pcustomdbl5	double	double	0	medium	avg
m14_loan_history	pcustomdbl6	double	double	0	medium	avg
m14_loan_history	pcustomdbl7	double	double	0	medium	avg
m14_loan_history	pcustomdbl8	double	double	0	medium	avg
m14_loan_history	pcustomdbl9	double	double	0	medium	avg
m14_loan_history	pcustomdbl10	double	double	0	medium	avg
m14_loan_history	pcustomdbl11	double	double	0	medium	avg
m14_loan_history	pcustomdbl12	double	double	0	medium	avg
m14_loan_history	pcustomdbl13	double	double	0	medium	avg
m14_loan_history	pcustomdbl14	double	double	0	medium	avg
m14_loan_history	pcustomdbl15	double	double	0	medium	avg
m14_loan_history	pcustomdbl16	double	double	0	medium	avg
m14_loan_history	pcustomdbl17	double	double	0	medium	avg
m14_loan_history	pcustomdbl18	double	double	0	medium	avg
m14_loan_history	pcustomdbl19	double	double	0	medium	avg
m14_loan_history	pcustomdbl20	double	double	0	medium	avg
m14_loan_history	pcustomdbl21	double	double	0	medium	avg
m14_loan_history	pcustomdbl22	double	double	0	medium	avg
m14_loan_history	pcustomdbl23	double	double	0	medium	avg
m14_loan_history	pcustomdbl24	double	double	0	medium	avg
m14_loan_history	pcustomdbl25	double	double	0	medium	avg
m14_pjm	pjmid	bigint	bigint	0	medium	sum,count,avg
m14_pjm	pjmkodepa	bigint	bigint	0	medium	sum,count,avg
m14_pjm	pjmjmlrevisi	int	int	0	medium	sum,count,avg
m14_pjm	pjminputuser	bigint	bigint unsigned	0	medium	sum,count,avg
m14_pjm	pjmmodifikasiuser	bigint	bigint unsigned	0	medium	sum,count,avg
m14_pjm	pjmcustomint1	int	int	0	medium	sum,count,avg
m14_pjm	pjmcustomint2	int	int	0	medium	sum,count,avg
m14_pjm	pjmcustomint3	int	int	0	medium	sum,count,avg
m14_pjm	pjmcustomint4	int	int	0	medium	sum,count,avg
m14_pjm	pjmcustomint5	int	int	0	medium	sum,count,avg
m14_pjm	pjmcustomint6	int	int	0	medium	sum,count,avg
m14_pjm	pjmcustomint7	int	int	0	medium	sum,count,avg
m14_pjm	pjmcustomint8	int	int	0	medium	sum,count,avg
m14_pjm	pjmcustomint9	int	int	0	medium	sum,count,avg
m14_pjm	pjmcustomint10	int	int	0	medium	sum,count,avg
m14_pjm	pjmcustomint11	int	int	0	medium	sum,count,avg
m14_pjm	pjmcustomint12	int	int	0	medium	sum,count,avg
m14_pjm	pjmcustomint13	int	int	0	medium	sum,count,avg
m14_pjm	pjmcustomint14	int	int	0	medium	sum,count,avg
m14_pjm	pjmcustomint15	int	int	0	medium	sum,count,avg
m14_pjm	pjmcustomint16	int	int	0	medium	sum,count,avg
m14_pjm	pjmcustomint17	int	int	0	medium	sum,count,avg
m14_pjm	pjmcustomint18	int	int	0	medium	sum,count,avg
m14_pjm	pjmcustomint19	int	int	0	medium	sum,count,avg
m14_pjm	pjmcustomint20	int	int	0	medium	sum,count,avg
m14_pjm	pjmcustomint21	int	int	0	medium	sum,count,avg
m14_pjm	pjmcustomint22	int	int	0	medium	sum,count,avg
m14_pjm	pjmcustomint23	int	int	0	medium	sum,count,avg
m14_pjm	pjmcustomint24	int	int	0	medium	sum,count,avg
m14_pjm	pjmcustomint25	int	int	0	medium	sum,count,avg
m14_pjm	pjmcustomdbl1	double	double	0	medium	avg
m14_pjm	pjmcustomdbl2	double	double	0	medium	avg
m14_pjm	pjmcustomdbl3	double	double	0	medium	avg
m14_pjm	pjmcustomdbl4	double	double	0	medium	avg
m14_pjm	pjmcustomdbl5	double	double	0	medium	avg
m14_pjm	pjmcustomdbl6	double	double	0	medium	avg
m14_pjm	pjmcustomdbl7	double	double	0	medium	avg
m14_pjm	pjmcustomdbl8	double	double	0	medium	avg
m14_pjm	pjmcustomdbl9	double	double	0	medium	avg
m14_pjm	pjmcustomdbl10	double	double	0	medium	avg
m14_pjm	pjmcustomdbl11	double	double	0	medium	avg
m14_pjm	pjmcustomdbl12	double	double	0	medium	avg
m14_pjm	pjmcustomdbl13	double	double	0	medium	avg
m14_pjm	pjmcustomdbl14	double	double	0	medium	avg
m14_pjm	pjmcustomdbl15	double	double	0	medium	avg
m14_pjm	pjmcustomdbl16	double	double	0	medium	avg
m14_pjm	pjmcustomdbl17	double	double	0	medium	avg
m14_pjm	pjmcustomdbl18	double	double	0	medium	avg
m14_pjm	pjmcustomdbl19	double	double	0	medium	avg
m14_pjm	pjmcustomdbl20	double	double	0	medium	avg
m14_pjm	pjmcustomdbl21	double	double	0	medium	avg
m14_pjm	pjmcustomdbl22	double	double	0	medium	avg
m14_pjm	pjmcustomdbl23	double	double	0	medium	avg
m14_pjm	pjmcustomdbl24	double	double	0	medium	avg
m14_pjm	pjmcustomdbl25	double	double	0	medium	avg
m14_pjm	pjmidanggota	int	int	0	medium	sum,count,avg
m14_pjm_agunan	idpjm	bigint	bigint	0	medium	sum,count,avg
m14_pjm_agunan	nilai	double	double	0	medium	avg
m14_pjm_angsuran	idpjm	int	int	0	medium	sum,count,avg
m14_pjm_angsuran	idanggota	int	int	0	medium	sum,count,avg
m14_pjm_angsuran	angsuranke	int	int	0	medium	sum,count,avg
m14_pjm_angsuran	nilai	double	double	0	medium	avg
m14_pjm_angsuran	bunga	double	double	0	medium	avg
m14_pjm_angsuran	jumlah	double	double	0	medium	avg
m14_pjm_detail	idpjmdetail	bigint	bigint	0	medium	sum,count,avg
m14_pjm_detail	idpjm	bigint	bigint	0	medium	sum,count,avg
m14_pjm_detail	jangkawaktu	int	int	0	medium	sum,count,avg
m14_pjm_detail	nilaipinjaman	double	double	0	medium	avg
m14_pjm_detail	jasaperbulan	int	int	0	medium	sum,count,avg
m14_pjm_detail	jasaperbulannilai	double	double	0	medium	avg
m14_pjm_detail	administrasi	int	int	0	medium	sum,count,avg
m14_pjm_detail	administrasinilai	double	double	0	medium	avg
m14_pjm_detail	resikokredit	int	int	0	medium	sum,count,avg
m14_pjm_detail	resikokreditnilai	double	double	0	medium	avg
m14_pjm_detail	asuransi	int	int	0	medium	sum,count,avg
m14_pjm_detail	asuransinilai	double	double	0	medium	avg
m14_pjm_detail	urutan	int	int	0	medium	sum,count,avg
m14_pjm_detail	jmlrealisasi	double	double	0	medium	avg
m14_pjm_detail	customdbl1	double	double	0	medium	avg
m14_pjm_detail	customdbl2	double	double	0	medium	avg
m14_pjm_detail	customdbl3	double	double	0	medium	avg
m14_pjm_detail	customdbl4	double	double	0	medium	avg
m14_pjm_detail	customdbl5	double	double	0	medium	avg
m14_pjm_detail	customdbl6	double	double	0	medium	avg
m14_pjm_detail	customdbl7	double	double	0	medium	avg
m14_pjm_detail	customdbl8	double	double	0	medium	avg
m14_pjm_detail	customdbl9	double	double	0	medium	avg
m14_pjm_detail	customdbl10	double	double	0	medium	avg
m14_pjm_detail	customdbl11	double	double	0	medium	avg
m14_pjm_detail	customdbl12	double	double	0	medium	avg
m14_pjm_detail	customdbl13	double	double	0	medium	avg
m14_pjm_detail	customdbl14	double	double	0	medium	avg
m14_pjm_detail	customdbl15	double	double	0	medium	avg
m14_pjm_detail	customdbl16	double	double	0	medium	avg
m14_pjm_detail	customdbl17	double	double	0	medium	avg
m14_pjm_detail	customdbl18	double	double	0	medium	avg
m14_pjm_detail	customdbl19	double	double	0	medium	avg
m14_pjm_detail	customdbl20	double	double	0	medium	avg
m14_pjm_detail_bayar	idpjm	bigint	bigint	0	medium	sum,count,avg
m14_pjm_detail_bayar	bayar	double	double	0	medium	avg
m14_smp	smpid	bigint	bigint	0	medium	sum,count,avg
m14_smp	smpkodepa	bigint	bigint	0	medium	sum,count,avg
m14_smp	smpjmlrevisi	int	int	0	medium	sum,count,avg
m14_smp	smpinputuser	bigint	bigint unsigned	0	medium	sum,count,avg
m14_smp	smpmodifikasiuser	bigint	bigint unsigned	0	medium	sum,count,avg
m14_smp	smpcustomint1	int	int	0	medium	sum,count,avg
m14_smp	smpcustomint2	int	int	0	medium	sum,count,avg
m14_smp	smpcustomint3	int	int	0	medium	sum,count,avg
m14_smp	smpcustomint4	int	int	0	medium	sum,count,avg
m14_smp	smpcustomint5	int	int	0	medium	sum,count,avg
m14_smp	smpcustomint6	int	int	0	medium	sum,count,avg
m14_smp	smpcustomint7	int	int	0	medium	sum,count,avg
m14_smp	smpcustomint8	int	int	0	medium	sum,count,avg
m14_smp	smpcustomint9	int	int	0	medium	sum,count,avg
m14_smp	smpcustomint10	int	int	0	medium	sum,count,avg
m14_smp	smpcustomint11	int	int	0	medium	sum,count,avg
m14_smp	smpcustomint12	int	int	0	medium	sum,count,avg
m14_smp	smpcustomint13	int	int	0	medium	sum,count,avg
m14_smp	smpcustomint14	int	int	0	medium	sum,count,avg
m14_smp	smpcustomint15	int	int	0	medium	sum,count,avg
m14_smp	smpcustomint16	int	int	0	medium	sum,count,avg
m14_smp	smpcustomint17	int	int	0	medium	sum,count,avg
m14_smp	smpcustomint18	int	int	0	medium	sum,count,avg
m14_smp	smpcustomint19	int	int	0	medium	sum,count,avg
m14_smp	smpcustomint20	int	int	0	medium	sum,count,avg
m14_smp	smpcustomint21	int	int	0	medium	sum,count,avg
m14_smp	smpcustomint22	int	int	0	medium	sum,count,avg
m14_smp	smpcustomint23	int	int	0	medium	sum,count,avg
m14_smp	smpcustomint24	int	int	0	medium	sum,count,avg
m14_smp	smpcustomint25	int	int	0	medium	sum,count,avg
m14_smp	smpcustomdbl1	double	double	0	medium	avg
m14_smp	smpcustomdbl2	double	double	0	medium	avg
m14_smp	smpcustomdbl3	double	double	0	medium	avg
m14_smp	smpcustomdbl4	double	double	0	medium	avg
m14_smp	smpcustomdbl5	double	double	0	medium	avg
m14_smp	smpcustomdbl6	double	double	0	medium	avg
m14_smp	smpcustomdbl7	double	double	0	medium	avg
m14_smp	smpcustomdbl8	double	double	0	medium	avg
m14_smp	smpcustomdbl9	double	double	0	medium	avg
m14_smp	smpcustomdbl10	double	double	0	medium	avg
m14_smp	smpcustomdbl11	double	double	0	medium	avg
m14_smp	smpcustomdbl12	double	double	0	medium	avg
m14_smp	smpcustomdbl13	double	double	0	medium	avg
m14_smp	smpcustomdbl14	double	double	0	medium	avg
m14_smp	smpcustomdbl15	double	double	0	medium	avg
m14_smp	smpcustomdbl16	double	double	0	medium	avg
m14_smp	smpcustomdbl17	double	double	0	medium	avg
m14_smp	smpcustomdbl18	double	double	0	medium	avg
m14_smp	smpcustomdbl19	double	double	0	medium	avg
m14_smp	smpcustomdbl20	double	double	0	medium	avg
m14_smp	smpcustomdbl21	double	double	0	medium	avg
m14_smp	smpcustomdbl22	double	double	0	medium	avg
m14_smp	smpcustomdbl23	double	double	0	medium	avg
m14_smp	smpcustomdbl24	double	double	0	medium	avg
m14_smp	smpcustomdbl25	double	double	0	medium	avg
m14_smp_detail	idsmpdetail	bigint	bigint	0	medium	sum,count,avg
m14_smp_detail	idsmp	bigint	bigint	0	medium	sum,count,avg
m14_smp_detail	idanggota	bigint	bigint	0	medium	sum,count,avg
m14_smp_detail	jumlah	double	double	0	medium	avg
m14_smp_detail	urutan	int	int	0	medium	sum,count,avg
m14_smp_detail	jmlrealisasi	double	double	0	medium	avg
m14_smp_detail	customdbl1	double	double	0	medium	avg
m14_smp_detail	customdbl2	double	double	0	medium	avg
m14_smp_detail	customdbl3	double	double	0	medium	avg
m14_smp_detail	customdbl4	double	double	0	medium	avg
m14_smp_detail	customdbl5	double	double	0	medium	avg
m14_smp_detail	customdbl6	double	double	0	medium	avg
m14_smp_detail	customdbl7	double	double	0	medium	avg
m14_smp_detail	customdbl8	double	double	0	medium	avg
m14_smp_detail	customdbl9	double	double	0	medium	avg
m14_smp_detail	customdbl10	double	double	0	medium	avg
m14_smp_detail	customdbl11	double	double	0	medium	avg
m14_smp_detail	customdbl12	double	double	0	medium	avg
m14_smp_detail	customdbl13	double	double	0	medium	avg
m14_smp_detail	customdbl14	double	double	0	medium	avg
m14_smp_detail	customdbl15	double	double	0	medium	avg
m14_smp_detail	customdbl16	double	double	0	medium	avg
m14_smp_detail	customdbl17	double	double	0	medium	avg
m14_smp_detail	customdbl18	double	double	0	medium	avg
m14_smp_detail	customdbl19	double	double	0	medium	avg
m14_smp_detail	customdbl20	double	double	0	medium	avg
m14_smp_detail_bayar	idsmp	bigint	bigint	0	medium	sum,count,avg
m14_smp_detail_bayar	bayar	double	double	0	medium	avg
m1_accident	ainputuser	bigint	bigint	0	medium	sum,count,avg
m1_accident	amodifikasiuser	bigint	bigint	0	medium	sum,count,avg
m1_accident_history	aidhistory	bigint	bigint	0	medium	sum,count,avg
m1_accident_history	ainputuser	bigint	bigint	0	medium	sum,count,avg
m1_accident_history	amodifikasiuser	bigint	bigint	0	medium	sum,count,avg
m1_bed	binputuser	bigint	bigint unsigned	0	medium	sum,count,avg
m1_bed	bmodifikasiuser	bigint	bigint unsigned	0	medium	sum,count,avg
m1_bed_history	bidhistory	bigint	bigint	0	medium	sum,count,avg
m1_bed_history	binputuser	bigint	bigint unsigned	0	medium	sum,count,avg
m1_bed_history	bmodifikasiuser	bigint	bigint unsigned	0	medium	sum,count,avg
m1_checking_category	ccid	int	int	0	medium	sum,count,avg
m1_checking_category	ccurutan	int	int	0	medium	sum,count,avg
m1_checking_category	ccinputuser	bigint	bigint	0	medium	sum,count,avg
m1_checking_category	ccmodifikasiuser	bigint	bigint	0	medium	sum,count,avg
m1_checking_category_history	ccidhistory	int	int	0	medium	sum,count,avg
m1_checking_category_history	ccid	int	int	0	medium	sum,count,avg
m1_checking_category_history	ccurutan	int	int	0	medium	sum,count,avg
m1_checking_category_history	ccinputuser	bigint	bigint	0	medium	sum,count,avg
m1_checking_category_history	ccmodifikasiuser	bigint	bigint	0	medium	sum,count,avg
m1_city_history	cidhistory	bigint	bigint	0	medium	sum,count,avg
m1_city_history	cinputuser	bigint	bigint	0	medium	sum,count,avg
m1_city_history	cmodifikasiuser	bigint	bigint	0	medium	sum,count,avg
m1_class	cinputuser	bigint	bigint	0	medium	sum,count,avg
m1_class	cmodifikasiuser	bigint	bigint	0	medium	sum,count,avg
m1_class	ccustomint1	int	int	0	medium	sum,count,avg
m1_class	ccustomint2	int	int	0	medium	sum,count,avg
m1_class	ccustomint3	int	int	0	medium	sum,count,avg
m1_class	ccustomdbl1	double	double	0	medium	avg
m1_class	ccustomdbl2	double	double	0	medium	avg
m1_class	ccustomdbl3	double	double	0	medium	avg
m1_class_history	cidhistory	bigint	bigint	0	medium	sum,count,avg
m1_class_history	cinputuser	bigint	bigint	0	medium	sum,count,avg
m1_class_history	cmodifikasiuser	bigint	bigint	0	medium	sum,count,avg
m1_class_history	ccustomint1	int	int	0	medium	sum,count,avg
m1_class_history	ccustomint2	int	int	0	medium	sum,count,avg
m1_class_history	ccustomint3	int	int	0	medium	sum,count,avg
m1_class_history	ccustomdbl1	double	double	0	medium	avg
m1_class_history	ccustomdbl2	double	double	0	medium	avg
m1_class_history	ccustomdbl3	double	double	0	medium	avg
m1_class_product	cpinputuser	bigint	bigint	0	medium	sum,count,avg
m1_class_product	cpmodifikasiuser	bigint	bigint	0	medium	sum,count,avg
m1_class_product	cpcustomint1	int	int	0	medium	sum,count,avg
m1_class_product	cpcustomint2	int	int	0	medium	sum,count,avg
m1_class_product	cpcustomint3	int	int	0	medium	sum,count,avg
m1_class_product	cpcustomdbl1	double	double	0	medium	avg
m1_class_product	cpcustomdbl2	double	double	0	medium	avg
m1_class_product	cpcustomdbl3	double	double	0	medium	avg
m1_class_product_history	cpidhistory	bigint	bigint	0	medium	sum,count,avg
m1_class_product_history	cpinputuser	bigint	bigint	0	medium	sum,count,avg
m1_class_product_history	cpmodifikasiuser	bigint	bigint	0	medium	sum,count,avg
m1_class_product_history	cpcustomint1	int	int	0	medium	sum,count,avg
m1_class_product_history	cpcustomint2	int	int	0	medium	sum,count,avg
m1_class_product_history	cpcustomint3	int	int	0	medium	sum,count,avg
m1_class_product_history	cpcustomdbl1	double	double	0	medium	avg
m1_class_product_history	cpcustomdbl2	double	double	0	medium	avg
m1_class_product_history	cpcustomdbl3	double	double	0	medium	avg
m1_cogs_special_in	idhppikm	bigint	bigint	0	medium	sum,count,avg
m1_cogs_special_in	idbarang	bigint	bigint	0	medium	sum,count,avg
m1_cogs_special_in	idtransaksi	bigint	bigint	0	medium	sum,count,avg
m1_cogs_special_in	jmlmasuk	double	double	0	medium	avg
m1_cogs_special_in	jmlkeluar	double	double	0	medium	avg
m1_cogs_special_in	sisa	double	double	0	medium	avg
m1_cogs_special_in	harga	double	double	0	medium	avg
m1_cogs_special_out	idhppikk	bigint	bigint	0	medium	sum,count,avg
m1_cogs_special_out	idbarang	bigint	bigint	0	medium	sum,count,avg
m1_cogs_special_out	idtransaksi	bigint	bigint	0	medium	sum,count,avg
m1_cogs_special_out	idhppikm	bigint	bigint	0	medium	sum,count,avg
m1_cogs_special_out	jmlkeluar	double	double	0	medium	avg
m1_colleague	cid	bigint	bigint	0	medium	sum,count,avg
m1_colleague	cinputuser	bigint	bigint	0	medium	sum,count,avg
m1_colleague	cmodifikasiuser	bigint	bigint	0	medium	sum,count,avg
m1_color	cinputuser	bigint	bigint	0	medium	sum,count,avg
m1_color	cmodifikasiuser	bigint	bigint	0	medium	sum,count,avg
m1_color	ccustomint1	int	int	0	medium	sum,count,avg
m1_color	ccustomint2	int	int	0	medium	sum,count,avg
m1_color	ccustomint3	int	int	0	medium	sum,count,avg
m1_color	ccustomdbl1	double	double	0	medium	avg
m1_color	ccustomdbl2	double	double	0	medium	avg
m1_color	ccustomdbl3	double	double	0	medium	avg
m1_color_history	cidhistory	bigint	bigint	0	medium	sum,count,avg
m1_color_history	cinputuser	bigint	bigint	0	medium	sum,count,avg
m1_color_history	cmodifikasiuser	bigint	bigint	0	medium	sum,count,avg
m1_color_history	ccustomint1	int	int	0	medium	sum,count,avg
m1_color_history	ccustomint2	int	int	0	medium	sum,count,avg
m1_color_history	ccustomint3	int	int	0	medium	sum,count,avg
m1_color_history	ccustomdbl1	double	double	0	medium	avg
m1_color_history	ccustomdbl2	double	double	0	medium	avg
m1_color_history	ccustomdbl3	double	double	0	medium	avg
m1_commission	kminputuser	bigint	bigint	0	medium	sum,count,avg
m1_commission	kmmodifikasiuser	bigint	bigint	0	medium	sum,count,avg
m1_commission	kmcustomint1	int	int	0	medium	sum,count,avg
m1_commission	kmcustomint2	int	int	0	medium	sum,count,avg
m1_commission	kmcustomint3	int	int	0	medium	sum,count,avg
m1_commission	kmcustomdbl1	double	double	0	medium	avg
m1_commission	kmcustomdbl2	double	double	0	medium	avg
m1_commission	kmcustomdbl3	double	double	0	medium	avg
m1_commission_detail	kmdiddetail	int	int	0	medium	sum,count,avg
m1_commission_detail	kmdkriteria	int	int	0	medium	sum,count,avg
m1_commission_detail	kmdjml1	double	double	0	medium	avg
m1_commission_detail	kmdjml2	double	double	0	medium	avg
m1_commission_detail	kmdkriterianilai	int	int	0	medium	sum,count,avg
m1_commission_detail	kmdnilai	double	double	0	medium	avg
m1_commission_detail	kmdcustomint1	int	int	0	medium	sum,count,avg
m1_commission_detail	kmdcustomint2	int	int	0	medium	sum,count,avg
m1_commission_detail	kmdcustomint3	int	int	0	medium	sum,count,avg
m1_commission_detail	kmdcustomdbl1	double	double	0	medium	avg
m1_commission_detail	kmdcustomdbl2	double	double	0	medium	avg
m1_commission_detail	kmdcustomdbl3	double	double	0	medium	avg
m1_commission_detail_history	kmdidhistorydetail	bigint	bigint	0	medium	sum,count,avg
m1_commission_detail_history	kmdidhistory	bigint	bigint	0	medium	sum,count,avg
m1_commission_detail_history	kmdiddetail	int	int	0	medium	sum,count,avg
m1_commission_detail_history	kmdkriteria	int	int	0	medium	sum,count,avg
m1_commission_detail_history	kmdjml1	double	double	0	medium	avg
m1_commission_detail_history	kmdjml2	double	double	0	medium	avg
m1_commission_detail_history	kmdkriterianilai	int	int	0	medium	sum,count,avg
m1_commission_detail_history	kmdnilai	double	double	0	medium	avg
m1_commission_detail_history	kmdcustomint1	int	int	0	medium	sum,count,avg
m1_commission_detail_history	kmdcustomint2	int	int	0	medium	sum,count,avg
m1_commission_detail_history	kmdcustomint3	int	int	0	medium	sum,count,avg
m1_commission_detail_history	kmdcustomdbl1	double	double	0	medium	avg
m1_commission_detail_history	kmdcustomdbl2	double	double	0	medium	avg
m1_commission_detail_history	kmdcustomdbl3	double	double	0	medium	avg
m1_commission_history	kmidhistory	bigint	bigint	0	medium	sum,count,avg
m1_commission_history	kminputuser	bigint	bigint	0	medium	sum,count,avg
m1_commission_history	kmmodifikasiuser	bigint	bigint	0	medium	sum,count,avg
m1_commission_history	kmcustomint1	int	int	0	medium	sum,count,avg
m1_commission_history	kmcustomint2	int	int	0	medium	sum,count,avg
m1_commission_history	kmcustomint3	int	int	0	medium	sum,count,avg
m1_commission_history	kmcustomdbl1	double	double	0	medium	avg
m1_commission_history	kmcustomdbl2	double	double	0	medium	avg
m1_commission_history	kmcustomdbl3	double	double	0	medium	avg
m1_contact_category_history	ccidhistory	bigint	bigint	0	medium	sum,count,avg
m1_contact_category_history	ccinputuser	bigint	bigint	0	medium	sum,count,avg
m1_contact_category_history	ccmodifikasiuser	bigint	bigint	0	medium	sum,count,avg
m1_contact_comment	idcc	bigint	bigint	0	medium	sum,count,avg
m1_contact_comment	idkontak	bigint	bigint	0	medium	sum,count,avg
m1_contact_comment	inputuser	bigint	bigint	0	medium	sum,count,avg
m1_contact_comment	modifikasiuser	bigint	bigint	0	medium	sum,count,avg
m1_contact_comment_history	idhistory	bigint	bigint	0	medium	sum,count,avg
m1_contact_comment_history	idcc	bigint	bigint	0	medium	sum,count,avg
m1_contact_comment_history	idkontak	bigint	bigint	0	medium	sum,count,avg
m1_contact_comment_history	inputuser	bigint	bigint	0	medium	sum,count,avg
m1_contact_comment_history	modifikasiuser	bigint	bigint	0	medium	sum,count,avg
m1_contact_commission	kkmkodekomisi	bigint	bigint	0	medium	sum,count,avg
m1_contact_commission	kkminputuser	bigint	bigint	0	medium	sum,count,avg
m1_contact_commission	kkmmodifikasiuser	bigint	bigint	0	medium	sum,count,avg
m1_contact_copy	kid	bigint	bigint	0	medium	sum,count,avg
m1_contact_copy	ksalesman	bigint	bigint	0	medium	sum,count,avg
m1_contact_copy	kbatashutang	double	double	0	medium	avg
m1_contact_copy	kbagpembelian	bigint	bigint	0	medium	sum,count,avg
m1_contact_copy	kbataspiutang	double	double	0	medium	avg
m1_contact_copy	kbagpenjualan	bigint	bigint unsigned	0	medium	sum,count,avg
m1_contact_copy	ktingkatjual	int	int unsigned	0	medium	sum,count,avg
m1_contact_copy	kkomisipenjualan	double	double	0	medium	avg
m1_contact_copy	kinputuser	bigint	bigint unsigned	0	medium	sum,count,avg
m1_contact_copy	kmodifikasiuser	bigint	bigint unsigned	0	medium	sum,count,avg
m1_contact_copy	kcustomint1	int	int	0	medium	sum,count,avg
m1_contact_copy	kcustomint2	int	int	0	medium	sum,count,avg
m1_contact_copy	kcustomint3	int	int	0	medium	sum,count,avg
m1_contact_copy	kcustomdbl1	double	double	0	medium	avg
m1_contact_copy	kcustomdbl2	double	double	0	medium	avg
m1_contact_copy	kcustomdbl3	double	double	0	medium	avg
m1_contact_copy	kdownloaded	int	int	0	medium	sum,count,avg
m1_contact_copy	khargacustom	int	int	0	medium	sum,count,avg
m1_contact_copy	kpajakcustom	int	int	0	medium	sum,count,avg
m1_contact_expedition	ktidkontak	bigint	bigint	0	medium	sum,count,avg
m1_contact_files	idkontak	bigint	bigint unsigned	0	medium	sum,count,avg
m1_contact_files	ukuranfile	double	double	0	medium	avg
m1_contact_files	inputuser	bigint	bigint unsigned	0	medium	sum,count,avg
m1_contact_files	modifikasiuser	bigint	bigint unsigned	0	medium	sum,count,avg
m1_contact_price	khidkontak	bigint	bigint	0	medium	sum,count,avg
m1_contact_price	khidbarang	bigint	bigint	0	medium	sum,count,avg
m1_contact_price	khkomisi	double	double	0	medium	avg
m1_contact_price	khhargabeli	double	double	0	medium	avg
m1_contact_price	khhargajual	double	double	0	medium	avg
m1_contact_price	khinputuser	bigint	bigint	0	medium	sum,count,avg
m1_contact_price	khmodifikasiuser	bigint	bigint unsigned	0	medium	sum,count,avg
m1_contact_price	khcustomint1	int	int	0	medium	sum,count,avg
m1_contact_price	khcustomint2	int	int	0	medium	sum,count,avg
m1_contact_price	khcustomint3	int	int	0	medium	sum,count,avg
m1_contact_price	khcustomint4	int	int	0	medium	sum,count,avg
m1_contact_price	khcustomint5	int	int	0	medium	sum,count,avg
m1_contact_price	khcustomdbl1	double	double	0	medium	avg
m1_contact_price	khcustomdbl2	double	double	0	medium	avg
m1_contact_price	khcustomdbl3	double	double	0	medium	avg
m1_contact_price	khcustomdbl4	double	double	0	medium	avg
m1_contact_price	khcustomdbl5	double	double	0	medium	avg
m1_contact_price_copy	khidkontak	bigint	bigint	0	medium	sum,count,avg
m1_contact_price_copy	khidbarang	bigint	bigint	0	medium	sum,count,avg
m1_contact_price_copy	khkomisi	double	double	0	medium	avg
m1_contact_price_copy	khhargabeli	double	double	0	medium	avg
m1_contact_price_copy	khhargajual	double	double	0	medium	avg
m1_contact_price_copy	khinputuser	bigint	bigint	0	medium	sum,count,avg
m1_contact_price_copy	khmodifikasiuser	bigint	bigint unsigned	0	medium	sum,count,avg
m1_contact_price_copy	khcustomint1	int	int	0	medium	sum,count,avg
m1_contact_price_copy	khcustomint2	int	int	0	medium	sum,count,avg
m1_contact_price_copy	khcustomint3	int	int	0	medium	sum,count,avg
m1_contact_price_copy	khcustomint4	int	int	0	medium	sum,count,avg
m1_contact_price_copy	khcustomint5	int	int	0	medium	sum,count,avg
m1_contact_price_copy	khcustomdbl1	double	double	0	medium	avg
m1_contact_price_copy	khcustomdbl2	double	double	0	medium	avg
m1_contact_price_copy	khcustomdbl3	double	double	0	medium	avg
m1_contact_price_copy	khcustomdbl4	double	double	0	medium	avg
m1_contact_price_copy	khcustomdbl5	double	double	0	medium	avg
m1_contact_terms	ktidkontak	bigint	bigint	0	medium	sum,count,avg
m1_contact_tmp	kid	bigint	bigint	0	medium	sum,count,avg
m1_cost_center_history	ccidhistory	bigint	bigint	0	medium	sum,count,avg
m1_cost_center_history	ccinputuser	bigint	bigint unsigned	0	medium	sum,count,avg
m1_cost_center_history	ccmodifikasiuser	bigint	bigint unsigned	0	medium	sum,count,avg
m1_country_history	cidhistory	bigint	bigint	0	medium	sum,count,avg
m1_country_history	cinputuser	bigint	bigint	0	medium	sum,count,avg
m1_country_history	cmodifikasiuser	bigint	bigint	0	medium	sum,count,avg
m1_customer_category_history	ccidhistory	bigint	bigint	0	medium	sum,count,avg
m1_customer_category_history	ccinputuser	bigint	bigint	0	medium	sum,count,avg
m1_customer_category_history	ccmodifikasiuser	bigint	bigint	0	medium	sum,count,avg
m1_department	dpinputuser	bigint	bigint unsigned	0	medium	sum,count,avg
m1_department	dpmodifikasiuser	bigint	bigint unsigned	0	medium	sum,count,avg
m1_department	dpcustomint1	int	int	0	medium	sum,count,avg
m1_department	dpcustomint2	int	int	0	medium	sum,count,avg
m1_department	dpcustomint3	int	int	0	medium	sum,count,avg
m1_department	dpcustomdbl1	double	double	0	medium	avg
m1_department	dpcustomdbl2	double	double	0	medium	avg
m1_department	dpcustomdbl3	double	double	0	medium	avg
m1_department_history	dpidhistory	bigint	bigint	0	medium	sum,count,avg
m1_department_history	dpinputuser	bigint	bigint unsigned	0	medium	sum,count,avg
m1_department_history	dpmodifikasiuser	bigint	bigint unsigned	0	medium	sum,count,avg
m1_department_history	dpcustomint1	int	int	0	medium	sum,count,avg
m1_department_history	dpcustomint2	int	int	0	medium	sum,count,avg
m1_department_history	dpcustomint3	int	int	0	medium	sum,count,avg
m1_department_history	dpcustomdbl1	double	double	0	medium	avg
m1_department_history	dpcustomdbl2	double	double	0	medium	avg
m1_department_history	dpcustomdbl3	double	double	0	medium	avg
m1_designer	dinputuser	bigint	bigint	0	medium	sum,count,avg
m1_designer	dmodifikasiuser	bigint	bigint	0	medium	sum,count,avg
m1_designer	dcustomint1	int	int	0	medium	sum,count,avg
m1_designer	dcustomint2	int	int	0	medium	sum,count,avg
m1_designer	dcustomint3	int	int	0	medium	sum,count,avg
m1_designer	dcustomdbl1	double	double	0	medium	avg
m1_designer	dcustomdbl2	double	double	0	medium	avg
m1_designer	dcustomdbl3	double	double	0	medium	avg
m1_designer_history	didhistory	bigint	bigint	0	medium	sum,count,avg
m1_designer_history	dinputuser	bigint	bigint	0	medium	sum,count,avg
m1_designer_history	dmodifikasiuser	bigint	bigint	0	medium	sum,count,avg
m1_designer_history	dcustomint1	int	int	0	medium	sum,count,avg
m1_designer_history	dcustomint2	int	int	0	medium	sum,count,avg
m1_designer_history	dcustomint3	int	int	0	medium	sum,count,avg
m1_designer_history	dcustomdbl1	double	double	0	medium	avg
m1_designer_history	dcustomdbl2	double	double	0	medium	avg
m1_designer_history	dcustomdbl3	double	double	0	medium	avg
m1_diagnosis	dinputuser	bigint	bigint	0	medium	sum,count,avg
m1_diagnosis	dmodifikasiuser	bigint	bigint	0	medium	sum,count,avg
m1_division_history	didhistory	bigint	bigint	0	medium	sum,count,avg
m1_division_history	dinputuser	bigint	bigint unsigned	0	medium	sum,count,avg
m1_division_history	dmodifikasiuser	bigint	bigint unsigned	0	medium	sum,count,avg
m1_division_history	dcustomint1	int	int	0	medium	sum,count,avg
m1_division_history	dcustomint2	int	int	0	medium	sum,count,avg
m1_division_history	dcustomint3	int	int	0	medium	sum,count,avg
m1_division_history	dcustomdbl1	double	double	0	medium	avg
m1_division_history	dcustomdbl2	double	double	0	medium	avg
m1_division_history	dcustomdbl3	double	double	0	medium	avg
m1_files_copy	finputuser	bigint	bigint	0	medium	sum,count,avg
m1_icd	iid	bigint	bigint	0	medium	sum,count,avg
m1_icd	iinputuser	bigint	bigint	0	medium	sum,count,avg
m1_icd	imodifikasiuser	bigint	bigint	0	medium	sum,count,avg
m1_icd_history	iidhistory	bigint	bigint	0	medium	sum,count,avg
m1_icd_history	iid	bigint	bigint	0	medium	sum,count,avg
m1_icd_history	iinputuser	bigint	bigint	0	medium	sum,count,avg
m1_icd_history	imodifikasiuser	bigint	bigint	0	medium	sum,count,avg
m1_index_price	ipmargin	double	double	0	medium	avg
m1_index_price	ipinputuser	bigint	bigint	0	medium	sum,count,avg
m1_index_price	ipmodifikasiuser	bigint	bigint	0	medium	sum,count,avg
m1_index_price	ipcustomint1	int	int	0	medium	sum,count,avg
m1_index_price	ipcustomint2	int	int	0	medium	sum,count,avg
m1_index_price	ipcustomint3	int	int	0	medium	sum,count,avg
m1_index_price	ipcustomdbl1	double	double	0	medium	avg
m1_index_price	ipcustomdbl2	double	double	0	medium	avg
m1_index_price	ipcustomdbl3	double	double	0	medium	avg
m1_index_price_history	ipidhistory	bigint	bigint	0	medium	sum,count,avg
m1_index_price_history	ipmargin	double	double	0	medium	avg
m1_index_price_history	ipinputuser	bigint	bigint	0	medium	sum,count,avg
m1_index_price_history	ipmodifikasiuser	bigint	bigint	0	medium	sum,count,avg
m1_index_price_history	ipcustomint1	int	int	0	medium	sum,count,avg
m1_index_price_history	ipcustomint2	int	int	0	medium	sum,count,avg
m1_index_price_history	ipcustomint3	int	int	0	medium	sum,count,avg
m1_index_price_history	ipcustomdbl1	double	double	0	medium	avg
m1_index_price_history	ipcustomdbl2	double	double	0	medium	avg
m1_index_price_history	ipcustomdbl3	double	double	0	medium	avg
m1_insurer	iid	bigint	bigint	0	medium	sum,count,avg
m1_insurer	iinputuser	bigint	bigint	0	medium	sum,count,avg
m1_insurer	imodifikasiuser	bigint	bigint	0	medium	sum,count,avg
m1_item2	bid	bigint	bigint	0	medium	sum,count,avg
m1_item2	bjenisdetail	int	int	0	medium	sum,count,avg
m1_item2	bretur	int	int	0	medium	sum,count,avg
m1_item2	bnilaisatuan	double	double	0	medium	avg
m1_item2	bnilaisatuandefault	double	double	0	medium	avg
m1_item2	bsubitemdari	bigint	bigint	0	medium	sum,count,avg
m1_item2	bsuplier	bigint	bigint unsigned	0	medium	sum,count,avg
m1_item2	bstokminimal	double	double	0	medium	avg
m1_item2	bstokmaksimal	double	double	0	medium	avg
m1_item2	breorder	double	double	0	medium	avg
m1_item2	bminorder	double	double	0	medium	avg
m1_item2	bjmlorderbeli	double	double	0	medium	avg
m1_item2	bjmlorderjual	double	double	0	medium	avg
m1_item2	bhargabeli	double	double	0	medium	avg
m1_item2	bhppaverage	double	double	0	medium	avg
m1_item2	bhargajual1	double	double	0	medium	avg
m1_item2	bhargajual2	double	double	0	medium	avg
m1_item2	bhargajual3	double	double	0	medium	avg
m1_item2	bhargajual4	double	double	0	medium	avg
m1_item2	bhargajual5	double	double	0	medium	avg
m1_item2	bstok	double	double	0	medium	avg
m1_item2	bkomisi	double	double	0	medium	avg
m1_item2	bmarginminimal	double	double	0	medium	avg
m1_item2	bapanjang	double	double	0	medium	avg
m1_item2	balebar	double	double	0	medium	avg
m1_item2	batinggi	double	double	0	medium	avg
m1_item2	bavolume	double	double	0	medium	avg
m1_item2	baberat	double	double	0	medium	avg
m1_item2	bpengganti	bigint	bigint	0	medium	sum,count,avg
m1_item2	burutan	bigint	bigint	0	medium	sum,count,avg
m1_item2	bcustom11	int	int	0	medium	sum,count,avg
m1_item2	bcustom12	int	int	0	medium	sum,count,avg
m1_item2	bcustom13	int	int	0	medium	sum,count,avg
m1_item2	bcustom14	double	double	0	medium	avg
m1_item2	bcustom15	double	double	0	medium	avg
m1_item2	binputuser	bigint	bigint	0	medium	sum,count,avg
m1_item2	bmodifikasiuser	bigint	bigint	0	medium	sum,count,avg
m1_item2	bdownloaded	int	int	0	medium	sum,count,avg
m1_item2	bjmllapangan	double	double	0	medium	avg
m1_item2	bhargajual6	double	double	0	medium	avg
m1_item2	bhargajual7	double	double	0	medium	avg
m1_item2	bhargajual8	double	double	0	medium	avg
m1_item2	bhargajual9	double	double	0	medium	avg
m1_item2	bhargajual10	double	double	0	medium	avg
m1_item_assembly	iaidbarang	bigint	bigint	0	medium	sum,count,avg
m1_item_assembly	iaidbarangpenyusun	bigint	bigint	0	medium	sum,count,avg
m1_item_assembly	iaurutan	int	int	0	medium	sum,count,avg
m1_item_assembly	iajml	double	double	0	medium	avg
m1_item_assembly	iainputuser	bigint	bigint	0	medium	sum,count,avg
m1_item_assembly	iamodifikasiuser	bigint	bigint unsigned	0	medium	sum,count,avg
m1_item_assembly_history	iaidhistorybarang	bigint	bigint	0	medium	sum,count,avg
m1_item_assembly_history	iaidhistory	bigint	bigint	0	medium	sum,count,avg
m1_item_assembly_history	iaidbarang	bigint	bigint	0	medium	sum,count,avg
m1_item_assembly_history	iaidbarangpenyusun	bigint	bigint	0	medium	sum,count,avg
m1_item_assembly_history	iaurutan	int	int	0	medium	sum,count,avg
m1_item_assembly_history	iajml	double	double	0	medium	avg
m1_item_assembly_history	iainputuser	bigint	bigint	0	medium	sum,count,avg
m1_item_assembly_history	iamodifikasiuser	bigint	bigint unsigned	0	medium	sum,count,avg
m1_item_branch_costcenter	ibcid	bigint	bigint unsigned	0	medium	sum,count,avg
m1_item_branch_costcenter	ibcitem	bigint	bigint unsigned	0	medium	sum,count,avg
m1_item_c	bid	bigint	bigint	0	medium	sum,count,avg
m1_item_c	bjenisdetail	int	int	0	medium	sum,count,avg
m1_item_c	bretur	int	int	0	medium	sum,count,avg
m1_item_c	bnilaisatuan	double	double	0	medium	avg
m1_item_c	bnilaisatuandefault	double	double	0	medium	avg
m1_item_c	bsubitemdari	bigint	bigint	0	medium	sum,count,avg
m1_item_c	bsuplier	bigint	bigint unsigned	0	medium	sum,count,avg
m1_item_c	bstokminimal	double	double	0	medium	avg
m1_item_c	bstokmaksimal	double	double	0	medium	avg
m1_item_c	breorder	double	double	0	medium	avg
m1_item_c	bminorder	double	double	0	medium	avg
m1_item_c	bjmlorderbeli	double	double	0	medium	avg
m1_item_c	bjmlorderjual	double	double	0	medium	avg
m1_item_c	bhargabeli	double	double	0	medium	avg
m1_item_c	bhppaverage	double	double	0	medium	avg
m1_item_c	bhargajual1	double	double	0	medium	avg
m1_item_c	bhargajual2	double	double	0	medium	avg
m1_item_c	bhargajual3	double	double	0	medium	avg
m1_item_c	bhargajual4	double	double	0	medium	avg
m1_item_c	bhargajual5	double	double	0	medium	avg
m1_item_c	bstok	double	double	0	medium	avg
m1_item_c	bkomisi	double	double	0	medium	avg
m1_item_c	bmarginminimal	double	double	0	medium	avg
m1_item_c	bapanjang	double	double	0	medium	avg
m1_item_c	balebar	double	double	0	medium	avg
m1_item_c	batinggi	double	double	0	medium	avg
m1_item_c	baberat	double	double	0	medium	avg
m1_item_c	bavolume	double	double	0	medium	avg
m1_item_c	bpengganti	bigint	bigint	0	medium	sum,count,avg
m1_item_c	burutan	bigint	bigint	0	medium	sum,count,avg
m1_item_c	bcustom11	int	int	0	medium	sum,count,avg
m1_item_c	bcustom12	double	double	0	medium	avg
m1_item_c	bcustom13	int	int	0	medium	sum,count,avg
m1_item_c	bcustom14	double	double	0	medium	avg
m1_item_c	bcustom15	double	double	0	medium	avg
m1_item_c	binputuser	bigint	bigint	0	medium	sum,count,avg
m1_item_c	bmodifikasiuser	bigint	bigint	0	medium	sum,count,avg
m1_item_c	bdownloaded	int	int	0	medium	sum,count,avg
m1_item_c	bjmllapangan	double	double	0	medium	avg
m1_item_c	bhargajual6	double	double	0	medium	avg
m1_item_c	bhargajual7	double	double	0	medium	avg
m1_item_c	bhargajual8	double	double	0	medium	avg
m1_item_c	bhargajual9	double	double	0	medium	avg
m1_item_c	bhargajual10	double	double	0	medium	avg
m1_item_copy1	bid	bigint	bigint	0	medium	sum,count,avg
m1_item_copy1	bjenisdetail	int	int	0	medium	sum,count,avg
m1_item_copy1	bretur	int	int	0	medium	sum,count,avg
m1_item_copy1	bnilaisatuan	double	double	0	medium	avg
m1_item_copy1	bnilaisatuandefault	double	double	0	medium	avg
m1_item_copy1	bsubitemdari	bigint	bigint	0	medium	sum,count,avg
m1_item_copy1	bsuplier	bigint	bigint unsigned	0	medium	sum,count,avg
m1_item_copy1	bstokminimal	double	double	0	medium	avg
m1_item_copy1	bstokmaksimal	double	double	0	medium	avg
m1_item_copy1	breorder	double	double	0	medium	avg
m1_item_copy1	bminorder	double	double	0	medium	avg
m1_item_copy1	bjmlorderbeli	double	double	0	medium	avg
m1_item_copy1	bjmlorderjual	double	double	0	medium	avg
m1_item_copy1	bhargabeli	double	double	0	medium	avg
m1_item_copy1	bhppaverage	double	double	0	medium	avg
m1_item_copy1	bhargajual1	double	double	0	medium	avg
m1_item_copy1	bhargajual2	double	double	0	medium	avg
m1_item_copy1	bhargajual3	double	double	0	medium	avg
m1_item_copy1	bhargajual4	double	double	0	medium	avg
m1_item_copy1	bhargajual5	double	double	0	medium	avg
m1_item_copy1	bstok	double	double	0	medium	avg
m1_item_copy1	bkomisi	double	double	0	medium	avg
m1_item_copy1	bmarginminimal	double	double	0	medium	avg
m1_item_copy1	bapanjang	double	double	0	medium	avg
m1_item_copy1	balebar	double	double	0	medium	avg
m1_item_copy1	batinggi	double	double	0	medium	avg
m1_item_copy1	baberat	double	double	0	medium	avg
m1_item_copy1	bpengganti	bigint	bigint	0	medium	sum,count,avg
m1_item_copy1	burutan	bigint	bigint	0	medium	sum,count,avg
m1_item_copy1	bcustom11	int	int	0	medium	sum,count,avg
m1_item_copy1	bcustom12	double	double	0	medium	avg
m1_item_copy1	bcustom13	int	int	0	medium	sum,count,avg
m1_item_copy1	bcustom14	double	double	0	medium	avg
m1_item_copy1	bcustom15	double	double	0	medium	avg
m1_item_copy1	binputuser	bigint	bigint	0	medium	sum,count,avg
m1_item_copy1	bmodifikasiuser	bigint	bigint	0	medium	sum,count,avg
m1_item_copy1	bdownloaded	int	int	0	medium	sum,count,avg
m1_item_copy1	bjmllapangan	double	double	0	medium	avg
m1_item_copy1	bhargajual6	double	double	0	medium	avg
m1_item_copy1	bhargajual7	double	double	0	medium	avg
m1_item_copy1	bhargajual8	double	double	0	medium	avg
m1_item_copy1	bhargajual9	double	double	0	medium	avg
m1_item_copy1	bhargajual10	double	double	0	medium	avg
m1_item_copy2	bid	bigint	bigint	0	medium	sum,count,avg
m1_item_copy2	bjenisdetail	int	int	0	medium	sum,count,avg
m1_item_copy2	bretur	int	int	0	medium	sum,count,avg
m1_item_copy2	bnilaisatuan	double	double	0	medium	avg
m1_item_copy2	bnilaisatuandefault	double	double	0	medium	avg
m1_item_copy2	bsubitemdari	bigint	bigint	0	medium	sum,count,avg
m1_item_copy2	bsuplier	bigint	bigint unsigned	0	medium	sum,count,avg
m1_item_copy2	bstokminimal	double	double	0	medium	avg
m1_item_copy2	bstokmaksimal	double	double	0	medium	avg
m1_item_copy2	breorder	double	double	0	medium	avg
m1_item_copy2	bminorder	double	double	0	medium	avg
m1_item_copy2	bjmlorderbeli	double	double	0	medium	avg
m1_item_copy2	bjmlorderjual	double	double	0	medium	avg
m1_item_copy2	bhargabeli	double	double	0	medium	avg
m1_item_copy2	bhppaverage	double	double	0	medium	avg
m1_item_copy2	bhargajual1	double	double	0	medium	avg
m1_item_copy2	bhargajual2	double	double	0	medium	avg
m1_item_copy2	bhargajual3	double	double	0	medium	avg
m1_item_copy2	bhargajual4	double	double	0	medium	avg
m1_item_copy2	bhargajual5	double	double	0	medium	avg
m1_item_copy2	bstok	double	double	0	medium	avg
m1_item_copy2	bkomisi	double	double	0	medium	avg
m1_item_copy2	bmarginminimal	double	double	0	medium	avg
m1_item_copy2	bapanjang	double	double	0	medium	avg
m1_item_copy2	balebar	double	double	0	medium	avg
m1_item_copy2	batinggi	double	double	0	medium	avg
m1_item_copy2	baberat	double	double	0	medium	avg
m1_item_copy2	bpengganti	bigint	bigint	0	medium	sum,count,avg
m1_item_copy2	burutan	bigint	bigint	0	medium	sum,count,avg
m1_item_copy2	bcustom11	int	int	0	medium	sum,count,avg
m1_item_copy2	bcustom12	double	double	0	medium	avg
m1_item_copy2	bcustom13	int	int	0	medium	sum,count,avg
m1_item_copy2	bcustom14	double	double	0	medium	avg
m1_item_copy2	bcustom15	double	double	0	medium	avg
m1_item_copy2	binputuser	bigint	bigint	0	medium	sum,count,avg
m1_item_copy2	bmodifikasiuser	bigint	bigint	0	medium	sum,count,avg
m1_item_copy2	bdownloaded	int	int	0	medium	sum,count,avg
m1_item_copy2	bjmllapangan	double	double	0	medium	avg
m1_item_copy2	bhargajual6	double	double	0	medium	avg
m1_item_copy2	bhargajual7	double	double	0	medium	avg
m1_item_copy2	bhargajual8	double	double	0	medium	avg
m1_item_copy2	bhargajual9	double	double	0	medium	avg
m1_item_copy2	bhargajual10	double	double	0	medium	avg
m1_item_description	ididbarang	bigint	bigint	0	medium	sum,count,avg
m1_item_description	idurutan	int	int	0	medium	sum,count,avg
m1_item_description	idinputuser	bigint	bigint unsigned	0	medium	sum,count,avg
m1_item_description	idmodifikasiuser	bigint	bigint unsigned	0	medium	sum,count,avg
m1_item_flex	bid	bigint	bigint	0	medium	sum,count,avg
m1_item_flex	bjenisdetail	int	int	0	medium	sum,count,avg
m1_item_flex	bretur	int	int	0	medium	sum,count,avg
m1_item_flex	bnilaisatuan	double	double	0	medium	avg
m1_item_flex	bnilaisatuandefault	double	double	0	medium	avg
m1_item_flex	bsubitemdari	bigint	bigint	0	medium	sum,count,avg
m1_item_flex	bsuplier	bigint	bigint unsigned	0	medium	sum,count,avg
m1_item_flex	bstokminimal	double	double	0	medium	avg
m1_item_flex	bstokmaksimal	double	double	0	medium	avg
m1_item_flex	breorder	double	double	0	medium	avg
m1_item_flex	bminorder	double	double	0	medium	avg
m1_item_flex	bjmlorderbeli	double	double	0	medium	avg
m1_item_flex	bjmlorderjual	double	double	0	medium	avg
m1_item_flex	bhargabeli	double	double	0	medium	avg
m1_item_flex	bhppaverage	double	double	0	medium	avg
m1_item_flex	bhargajual1	double	double	0	medium	avg
m1_item_flex	bhargajual2	double	double	0	medium	avg
m1_item_flex	bhargajual3	double	double	0	medium	avg
m1_item_flex	bhargajual4	double	double	0	medium	avg
m1_item_flex	bhargajual5	double	double	0	medium	avg
m1_item_flex	bstok	double	double	0	medium	avg
m1_item_flex	bkomisi	double	double	0	medium	avg
m1_item_flex	bmarginminimal	double	double	0	medium	avg
m1_item_flex	bapanjang	double	double	0	medium	avg
m1_item_flex	balebar	double	double	0	medium	avg
m1_item_flex	batinggi	double	double	0	medium	avg
m1_item_flex	baberat	double	double	0	medium	avg
m1_item_flex	bpengganti	bigint	bigint	0	medium	sum,count,avg
m1_item_flex	burutan	bigint	bigint	0	medium	sum,count,avg
m1_item_flex	bcustom11	int	int	0	medium	sum,count,avg
m1_item_flex	bcustom12	double	double	0	medium	avg
m1_item_flex	bcustom13	int	int	0	medium	sum,count,avg
m1_item_flex	bcustom14	double	double	0	medium	avg
m1_item_flex	bcustom15	double	double	0	medium	avg
m1_item_flex	binputuser	bigint	bigint	0	medium	sum,count,avg
m1_item_flex	bmodifikasiuser	bigint	bigint	0	medium	sum,count,avg
m1_item_flex	bdownloaded	int	int	0	medium	sum,count,avg
m1_item_flex	bjmllapangan	double	double	0	medium	avg
m1_item_flex	bhargajual6	double	double	0	medium	avg
m1_item_flex	bhargajual7	double	double	0	medium	avg
m1_item_flex	bhargajual8	double	double	0	medium	avg
m1_item_flex	bhargajual9	double	double	0	medium	avg
m1_item_flex	bhargajual10	double	double	0	medium	avg
m1_item_hauling	bid	bigint	bigint	0	medium	sum,count,avg
m1_item_hauling	bjenisdetail	int	int	0	medium	sum,count,avg
m1_item_hauling	bnilaisatuan	double	double	0	medium	avg
m1_item_hauling	bnilaisatuandefault	double	double	0	medium	avg
m1_item_hauling	bsubitemdari	bigint	bigint	0	medium	sum,count,avg
m1_item_hauling	bsuplier	bigint	bigint unsigned	0	medium	sum,count,avg
m1_item_hauling	bstokminimal	double	double	0	medium	avg
m1_item_hauling	bstokmaksimal	double	double	0	medium	avg
m1_item_hauling	breorder	double	double	0	medium	avg
m1_item_hauling	bjmlorderbeli	double	double	0	medium	avg
m1_item_hauling	bjmlorderjual	double	double	0	medium	avg
m1_item_hauling	bhargabeli	double	double	0	medium	avg
m1_item_hauling	bhppaverage	double	double	0	medium	avg
m1_item_hauling	bhargajual1	double	double	0	medium	avg
m1_item_hauling	bhargajual2	double	double	0	medium	avg
m1_item_hauling	bhargajual3	double	double	0	medium	avg
m1_item_hauling	bhargajual4	double	double	0	medium	avg
m1_item_hauling	bhargajual5	double	double	0	medium	avg
m1_item_hauling	bstok	double	double	0	medium	avg
m1_item_hauling	bkomisi	double	double	0	medium	avg
m1_item_hauling	bmarginminimal	double	double	0	medium	avg
m1_item_hauling	bastatus	int	int	0	medium	sum,count,avg
m1_item_hauling	bahourmeter	double	double	0	medium	avg
m1_item_hauling	bapanjang	double	double	0	medium	avg
m1_item_hauling	balebar	double	double	0	medium	avg
m1_item_hauling	batinggi	double	double	0	medium	avg
m1_item_hauling	bavolume	double	double	0	medium	avg
m1_item_hauling	baberat	double	double	0	medium	avg
m1_item_hauling	bpengganti	bigint	bigint	0	medium	sum,count,avg
m1_item_hauling	burutan	int	int	0	medium	sum,count,avg
m1_item_hauling	binputuser	bigint	bigint	0	medium	sum,count,avg
m1_item_hauling	bmodifikasiuser	bigint	bigint	0	medium	sum,count,avg
m1_item_hauling	bcustomint1	int	int	0	medium	sum,count,avg
m1_item_hauling	bcustomint2	int	int	0	medium	sum,count,avg
m1_item_hauling	bcustomint3	int	int	0	medium	sum,count,avg
m1_item_hauling	bcustomint4	int	int	0	medium	sum,count,avg
m1_item_hauling	bcustomint5	int	int	0	medium	sum,count,avg
m1_item_hauling	bcustomdbl1	double	double	0	medium	avg
m1_item_hauling	bcustomdbl2	double	double	0	medium	avg
m1_item_hauling	bcustomdbl3	double	double	0	medium	avg
m1_item_hauling	bcustomdbl4	double	double	0	medium	avg
m1_item_hauling	bcustomdbl5	double	double	0	medium	avg
m1_item_hauling_history	bidhistory	bigint	bigint	0	medium	sum,count,avg
m1_item_hauling_history	bid	bigint	bigint	0	medium	sum,count,avg
m1_item_hauling_history	bjenisdetail	int	int	0	medium	sum,count,avg
m1_item_hauling_history	bnilaisatuan	double	double	0	medium	avg
m1_item_hauling_history	bnilaisatuandefault	double	double	0	medium	avg
m1_item_hauling_history	bsubitemdari	bigint	bigint	0	medium	sum,count,avg
m1_item_hauling_history	bsuplier	bigint	bigint unsigned	0	medium	sum,count,avg
m1_item_hauling_history	bstokminimal	double	double	0	medium	avg
m1_item_hauling_history	bstokmaksimal	double	double	0	medium	avg
m1_item_hauling_history	breorder	double	double	0	medium	avg
m1_item_hauling_history	bjmlorderbeli	double	double	0	medium	avg
m1_item_hauling_history	bjmlorderjual	double	double	0	medium	avg
m1_item_hauling_history	bhargabeli	double	double	0	medium	avg
m1_item_hauling_history	bhppaverage	double	double	0	medium	avg
m1_item_hauling_history	bhargajual1	double	double	0	medium	avg
m1_item_hauling_history	bhargajual2	double	double	0	medium	avg
m1_item_hauling_history	bhargajual3	double	double	0	medium	avg
m1_item_hauling_history	bhargajual4	double	double	0	medium	avg
m1_item_hauling_history	bhargajual5	double	double	0	medium	avg
m1_item_hauling_history	bstok	double	double	0	medium	avg
m1_item_hauling_history	bkomisi	double	double	0	medium	avg
m1_item_hauling_history	bmarginminimal	double	double	0	medium	avg
m1_item_hauling_history	bastatus	int	int	0	medium	sum,count,avg
m1_item_hauling_history	bahourmeter	double	double	0	medium	avg
m1_item_hauling_history	bapanjang	double	double	0	medium	avg
m1_item_hauling_history	balebar	double	double	0	medium	avg
m1_item_hauling_history	batinggi	double	double	0	medium	avg
m1_item_hauling_history	bavolume	double	double	0	medium	avg
m1_item_hauling_history	baberat	double	double	0	medium	avg
m1_item_hauling_history	bpengganti	bigint	bigint	0	medium	sum,count,avg
m1_item_hauling_history	burutan	int	int	0	medium	sum,count,avg
m1_item_hauling_history	binputuser	bigint	bigint	0	medium	sum,count,avg
m1_item_hauling_history	bmodifikasiuser	bigint	bigint	0	medium	sum,count,avg
m1_item_hauling_history	bcustomint1	int	int	0	medium	sum,count,avg
m1_item_hauling_history	bcustomint2	int	int	0	medium	sum,count,avg
m1_item_hauling_history	bcustomint3	int	int	0	medium	sum,count,avg
m1_item_hauling_history	bcustomint4	int	int	0	medium	sum,count,avg
m1_item_hauling_history	bcustomint5	int	int	0	medium	sum,count,avg
m1_item_hauling_history	bcustomdbl1	double	double	0	medium	avg
m1_item_hauling_history	bcustomdbl2	double	double	0	medium	avg
m1_item_hauling_history	bcustomdbl3	double	double	0	medium	avg
m1_item_hauling_history	bcustomdbl4	double	double	0	medium	avg
m1_item_hauling_history	bcustomdbl5	double	double	0	medium	avg
m1_item_location_history	ilidhistory	bigint	bigint	0	medium	sum,count,avg
m1_item_location_history	ilid	bigint	bigint unsigned	0	medium	sum,count,avg
m1_item_location_history	ilinputuser	bigint	bigint unsigned	0	medium	sum,count,avg
m1_item_location_history	ilmodifikasiuser	bigint	bigint unsigned	0	medium	sum,count,avg
m1_item_permission_history	ipidhistory	int	int	0	medium	sum,count,avg
m1_item_permission_history	ipinputuser	bigint	bigint	0	medium	sum,count,avg
m1_item_permission_history	ipmodifikasiuser	bigint	bigint	0	medium	sum,count,avg
m1_item_permission_history	ipcustomint1	int	int	0	medium	sum,count,avg
m1_item_permission_history	ipcustomint2	int	int	0	medium	sum,count,avg
m1_item_permission_history	ipcustomint3	int	int	0	medium	sum,count,avg
m1_item_permission_history	ipcustomdbl1	double	double	0	medium	avg
m1_item_permission_history	ipcustomdbl2	double	double	0	medium	avg
m1_item_permission_history	ipcustomdbl3	double	double	0	medium	avg
m1_item_picking_list	idbarang	bigint	bigint	0	medium	sum,count,avg
m1_item_picking_list	jmloutstanding	double	double	0	medium	avg
m1_item_price	khidbarang	bigint	bigint	0	medium	sum,count,avg
m1_item_price	khhargabeli	double	double	0	medium	avg
m1_item_price	khhargajual	double	double	0	medium	avg
m1_item_price	khinputuser	bigint	bigint	0	medium	sum,count,avg
m1_item_price	khmodifikasiuser	bigint	bigint unsigned	0	medium	sum,count,avg
m1_item_price	khcustomint1	int	int	0	medium	sum,count,avg
m1_item_price	khcustomint2	int	int	0	medium	sum,count,avg
m1_item_price	khcustomint3	int	int	0	medium	sum,count,avg
m1_item_price	khcustomint4	int	int	0	medium	sum,count,avg
m1_item_price	khcustomint5	int	int	0	medium	sum,count,avg
m1_item_price	khcustomdbl1	double	double	0	medium	avg
m1_item_price	khcustomdbl2	double	double	0	medium	avg
m1_item_price	khcustomdbl3	double	double	0	medium	avg
m1_item_price	khcustomdbl4	double	double	0	medium	avg
m1_item_price	khcustomdbl5	double	double	0	medium	avg
m1_item_price_history	khidhistorybarang	bigint	bigint	0	medium	sum,count,avg
m1_item_price_history	khidhistory	bigint	bigint	0	medium	sum,count,avg
m1_item_price_history	khidbarang	bigint	bigint	0	medium	sum,count,avg
m1_item_price_history	khhargabeli	double	double	0	medium	avg
m1_item_price_history	khhargajual	double	double	0	medium	avg
m1_item_price_history	khinputuser	bigint	bigint	0	medium	sum,count,avg
m1_item_price_history	khmodifikasiuser	bigint	bigint unsigned	0	medium	sum,count,avg
m1_item_price_history	khcustomint1	int	int	0	medium	sum,count,avg
m1_item_price_history	khcustomint2	int	int	0	medium	sum,count,avg
m1_item_price_history	khcustomint3	int	int	0	medium	sum,count,avg
m1_item_price_history	khcustomint4	int	int	0	medium	sum,count,avg
m1_item_price_history	khcustomint5	int	int	0	medium	sum,count,avg
m1_item_price_history	khcustomdbl1	double	double	0	medium	avg
m1_item_price_history	khcustomdbl2	double	double	0	medium	avg
m1_item_price_history	khcustomdbl3	double	double	0	medium	avg
m1_item_price_history	khcustomdbl4	double	double	0	medium	avg
m1_item_price_history	khcustomdbl5	double	double	0	medium	avg
m1_item_stock_warehouse_log	id	bigint	bigint	0	medium	sum,count,avg
m1_item_stock_warehouse_log	idbarang	bigint	bigint	0	medium	sum,count,avg
m1_item_stock_warehouse_log	jmlmasuk	double	double	0	medium	avg
m1_item_stock_warehouse_log	jmlkeluar	double	double	0	medium	avg
m1_item_stock_warehouse_log	stok	double	double	0	medium	avg
m1_item_type_history	itidhistory	bigint	bigint	0	medium	sum,count,avg
m1_item_type_history	itinputuser	bigint	bigint unsigned	0	medium	sum,count,avg
m1_item_type_history	itmodifikasiuser	bigint	bigint unsigned	0	medium	sum,count,avg
m1_lab_result	lrid	bigint	bigint	0	medium	sum,count,avg
m1_lab_result	lrinputuser	bigint	bigint	0	medium	sum,count,avg
m1_lab_result	lrmodifikasiuser	bigint	bigint	0	medium	sum,count,avg
m1_labour_cost	lcharga	double	double(100,0)	0	medium	avg
m1_labour_cost	lcwaktu	int	int	0	medium	sum,count,avg
m1_labour_cost	lcinputuser	bigint	bigint	0	medium	sum,count,avg
m1_labour_cost	lcmodifikasiuser	bigint	bigint	0	medium	sum,count,avg
m1_layanan	linputuser	bigint	bigint	0	medium	sum,count,avg
m1_layanan	lmodifikasiuser	bigint	bigint	0	medium	sum,count,avg
m1_machine	mumur	int	int	0	medium	sum,count,avg
m1_machine	mnilaiperolehan	double	double(100,0)	0	medium	avg
m1_machine	mnilairesidu	double	double(100,0)	0	medium	avg
m1_machine	makumulasipemakaian	int	int	0	medium	sum,count,avg
m1_machine	mnilaisisamesin	double	double(100,0)	0	medium	avg
m1_machine	mbiayaperpemakaian	double	double(100,0)	0	medium	avg
m1_machine	minputuser	bigint	bigint	0	medium	sum,count,avg
m1_machine	mmodifikasiuser	bigint	bigint	0	medium	sum,count,avg
m1_machine	maktivitasproduksi	bigint	bigint	0	medium	sum,count,avg
m1_machine_history	midhistory	bigint	bigint	0	medium	sum,count,avg
m1_machine_history	mumur	int	int	0	medium	sum,count,avg
m1_machine_history	mnilaiperolehan	double	double(100,0)	0	medium	avg
m1_machine_history	mnilairesidu	double	double(100,0)	0	medium	avg
m1_machine_history	makumulasipemakaian	int	int	0	medium	sum,count,avg
m1_machine_history	mnilaisisamesin	double	double(100,0)	0	medium	avg
m1_machine_history	mbiayaperpemakaian	double	double(100,0)	0	medium	avg
m1_machine_history	minputuser	bigint	bigint	0	medium	sum,count,avg
m1_machine_history	mmodifikasiuser	bigint	bigint	0	medium	sum,count,avg
m1_machine_history	maktivitasproduksi	bigint	bigint	0	medium	sum,count,avg
m1_material	minputuser	bigint	bigint	0	medium	sum,count,avg
m1_material	mmodifikasiuser	bigint	bigint	0	medium	sum,count,avg
m1_material	mcustomint1	int	int	0	medium	sum,count,avg
m1_material	mcustomint2	int	int	0	medium	sum,count,avg
m1_material	mcustomint3	int	int	0	medium	sum,count,avg
m1_material	mcustomdbl1	double	double	0	medium	avg
m1_material	mcustomdbl2	double	double	0	medium	avg
m1_material	mcustomdbl3	double	double	0	medium	avg
m1_material_history	midhistory	bigint	bigint	0	medium	sum,count,avg
m1_material_history	minputuser	bigint	bigint	0	medium	sum,count,avg
m1_material_history	mmodifikasiuser	bigint	bigint	0	medium	sum,count,avg
m1_material_history	mcustomint1	int	int	0	medium	sum,count,avg
m1_material_history	mcustomint2	int	int	0	medium	sum,count,avg
m1_material_history	mcustomint3	int	int	0	medium	sum,count,avg
m1_material_history	mcustomdbl1	double	double	0	medium	avg
m1_material_history	mcustomdbl2	double	double	0	medium	avg
m1_material_history	mcustomdbl3	double	double	0	medium	avg
m1_merk	minputuser	bigint	bigint	0	medium	sum,count,avg
m1_merk	mmodifikasiuser	bigint	bigint	0	medium	sum,count,avg
m1_merk	mcustomint1	int	int	0	medium	sum,count,avg
m1_merk	mcustomint2	int	int	0	medium	sum,count,avg
m1_merk	mcustomint3	int	int	0	medium	sum,count,avg
m1_merk	mcustomdbl1	double	double	0	medium	avg
m1_merk	mcustomdbl2	double	double	0	medium	avg
m1_merk	mcustomdbl3	double	double	0	medium	avg
m1_merk_history	midhistory	bigint	bigint	0	medium	sum,count,avg
m1_merk_history	minputuser	bigint	bigint	0	medium	sum,count,avg
m1_merk_history	mmodifikasiuser	bigint	bigint	0	medium	sum,count,avg
m1_merk_history	mcustomint1	int	int	0	medium	sum,count,avg
m1_merk_history	mcustomint2	int	int	0	medium	sum,count,avg
m1_merk_history	mcustomint3	int	int	0	medium	sum,count,avg
m1_merk_history	mcustomdbl1	double	double	0	medium	avg
m1_merk_history	mcustomdbl2	double	double	0	medium	avg
m1_merk_history	mcustomdbl3	double	double	0	medium	avg
m1_model	minputuser	bigint	bigint	0	medium	sum,count,avg
m1_model	mmodifikasiuser	bigint	bigint	0	medium	sum,count,avg
m1_model	mcustomint1	int	int	0	medium	sum,count,avg
m1_model	mcustomint2	int	int	0	medium	sum,count,avg
m1_model	mcustomint3	int	int	0	medium	sum,count,avg
m1_model	mcustomdbl1	double	double	0	medium	avg
m1_model	mcustomdbl2	double	double	0	medium	avg
m1_model	mcustomdbl3	double	double	0	medium	avg
m1_model_history	midhistory	bigint	bigint	0	medium	sum,count,avg
m1_model_history	minputuser	bigint	bigint	0	medium	sum,count,avg
m1_model_history	mmodifikasiuser	bigint	bigint	0	medium	sum,count,avg
m1_model_history	mcustomint1	int	int	0	medium	sum,count,avg
m1_model_history	mcustomint2	int	int	0	medium	sum,count,avg
m1_model_history	mcustomint3	int	int	0	medium	sum,count,avg
m1_model_history	mcustomdbl1	double	double	0	medium	avg
m1_model_history	mcustomdbl2	double	double	0	medium	avg
m1_model_history	mcustomdbl3	double	double	0	medium	avg
m1_no_batch_in_old	nbiidbatchin	bigint	bigint	0	medium	sum,count,avg
m1_no_batch_in_old	nbiidbarang	bigint	bigint	0	medium	sum,count,avg
m1_no_batch_in_old	nbiidtransaksi	bigint	bigint	0	medium	sum,count,avg
m1_no_batch_in_old	nbijmlmasuk	double	double	0	medium	avg
m1_no_batch_in_old	nbijmlkeluar	double	double	0	medium	avg
m1_no_batch_in_old	nbijmlsisa	double	double	0	medium	avg
m1_no_batch_in_old	nbicustomdbl1	double	double	0	medium	avg
m1_no_batch_in_old	nbicustomdbl2	double	double	0	medium	avg
m1_no_batch_in_old	nbicustomdbl3	double	double	0	medium	avg
m1_no_serial_in_copy	nsiidserialin	bigint	bigint	0	medium	sum,count,avg
m1_no_serial_in_copy	nsiidbarang	bigint	bigint	0	medium	sum,count,avg
m1_no_serial_in_copy	nsiidtransaksi	bigint	bigint	0	medium	sum,count,avg
m1_no_serial_in_copy	nsijmlmasuk	double	double	0	medium	avg
m1_no_serial_in_copy	nsijmlkeluar	double	double	0	medium	avg
m1_no_serial_in_copy	nsijmlsisa	double	double	0	medium	avg
m1_no_serial_in_copy	nsicustomdbl1	double	double	0	medium	avg
m1_no_serial_in_copy	nsicustomdbl2	double	double	0	medium	avg
m1_no_serial_in_copy	nsicustomdbl3	double	double	0	medium	avg
m1_no_serial_in_old	nsiidserialin	bigint	bigint	0	medium	sum,count,avg
m1_no_serial_in_old	nsiidbarang	bigint	bigint	0	medium	sum,count,avg
m1_no_serial_in_old	nsiidtransaksi	bigint	bigint	0	medium	sum,count,avg
m1_no_serial_in_old	nsijmlmasuk	double	double	0	medium	avg
m1_no_serial_in_old	nsijmlkeluar	double	double	0	medium	avg
m1_no_serial_in_old	nsijmlsisa	double	double	0	medium	avg
m1_no_serial_in_old	nsicustomdbl1	double	double	0	medium	avg
m1_no_serial_in_old	nsicustomdbl2	double	double	0	medium	avg
m1_no_serial_in_old	nsicustomdbl3	double	double	0	medium	avg
m1_no_serial_out_copy	nsoid	bigint	bigint	0	medium	sum,count,avg
m1_no_serial_out_copy	nsoidserialin	bigint	bigint	0	medium	sum,count,avg
m1_no_serial_out_copy	nsoidbarang	bigint	bigint	0	medium	sum,count,avg
m1_no_serial_out_copy	nsoidtransaksi	bigint	bigint	0	medium	sum,count,avg
m1_no_serial_out_copy	nsojmlkeluar	double	double	0	medium	avg
m1_notes	nid	bigint	bigint	0	medium	sum,count,avg
m1_notes	ninputuser	bigint	bigint	0	medium	sum,count,avg
m1_notes	nmodifikasiuser	bigint	bigint	0	medium	sum,count,avg
m1_oem_history	oidhistory	bigint	bigint	0	medium	sum,count,avg
m1_oem_history	oinputuser	bigint	bigint	0	medium	sum,count,avg
m1_oem_history	omodifikasiuser	bigint	bigint	0	medium	sum,count,avg
m1_oem_history	ocustomint1	int	int	0	medium	sum,count,avg
m1_oem_history	ocustomint2	int	int	0	medium	sum,count,avg
m1_oem_history	ocustomint3	int	int	0	medium	sum,count,avg
m1_oem_history	ocustomdbl1	double	double	0	medium	avg
m1_oem_history	ocustomdbl2	double	double	0	medium	avg
m1_oem_history	ocustomdbl3	double	double	0	medium	avg
m1_other	oinputuser	bigint	bigint	0	medium	sum,count,avg
m1_other	omodifikasiuser	bigint	bigint	0	medium	sum,count,avg
m1_other_cost	ockontak	bigint	bigint	0	medium	sum,count,avg
m1_other_cost	ocinputuser	bigint	bigint unsigned	0	medium	sum,count,avg
m1_other_cost	ocmodifikasiuser	bigint	bigint unsigned	0	medium	sum,count,avg
m1_other_cost	occustomint1	int	int	0	medium	sum,count,avg
m1_other_cost	occustomint2	int	int	0	medium	sum,count,avg
m1_other_cost	occustomint3	int	int	0	medium	sum,count,avg
m1_other_cost	occustomdbl1	double	double	0	medium	avg
m1_other_cost	occustomdbl2	double	double	0	medium	avg
m1_other_cost	occustomdbl3	double	double	0	medium	avg
m1_other_history	oidhistory	bigint	bigint	0	medium	sum,count,avg
m1_other_history	oinputuser	bigint	bigint	0	medium	sum,count,avg
m1_other_history	omodifikasiuser	bigint	bigint	0	medium	sum,count,avg
m1_patient	pid	bigint	bigint	0	medium	sum,count,avg
m1_patient	pumur	int	int	0	medium	sum,count,avg
m1_patient	pinputuser	bigint	bigint	0	medium	sum,count,avg
m1_patient	pmodifikasiuser	bigint	bigint	0	medium	sum,count,avg
m1_patient	ptingkatjual	int	int	0	medium	sum,count,avg
m1_patient	pketumur	int	int	0	medium	sum,count,avg
m1_patient_category	pcinputuser	bigint	bigint	0	medium	sum,count,avg
m1_patient_category	pcmodifikasiuser	bigint	bigint	0	medium	sum,count,avg
m1_price_category_detail	pcdidbarang	bigint	bigint	0	medium	sum,count,avg
m1_price_category_detail	pcdstokminimal	double	double	0	medium	avg
m1_price_category_detail	pcdstokmaksimal	double	double	0	medium	avg
m1_price_category_detail	pcdstokreorder	double	double	0	medium	avg
m1_price_category_detail	pcdstokminorder	double	double	0	medium	avg
m1_price_category_detail	pcdhargajual1	double	double	0	medium	avg
m1_price_category_detail	pcdhargajual2	double	double	0	medium	avg
m1_price_category_detail	pcdhargajual3	double	double	0	medium	avg
m1_price_category_detail	pcdhargajual4	double	double	0	medium	avg
m1_price_category_detail	pcdhargajual5	double	double	0	medium	avg
m1_price_category_detail	pcdcustomint1	int	int	0	medium	sum,count,avg
m1_price_category_detail	pcdcustomint2	int	int	0	medium	sum,count,avg
m1_price_category_detail	pcdcustomint3	int	int	0	medium	sum,count,avg
m1_price_category_detail	pcdcustomdbl1	double	double	0	medium	avg
m1_price_category_detail	pcdcustomdbl2	double	double	0	medium	avg
m1_price_category_detail	pcdcustomdbl3	double	double	0	medium	avg
m1_price_category_detail	pcddownloaded	int	int	0	medium	sum,count,avg
m1_price_category_detail	pcdhargajual6	double	double	0	medium	avg
m1_price_category_detail	pcdhargajual7	double	double	0	medium	avg
m1_price_category_detail	pcdhargajual8	double	double	0	medium	avg
m1_price_category_detail	pcdhargajual9	double	double	0	medium	avg
m1_price_category_detail	pcdhargajual10	double	double	0	medium	avg
m1_price_category_history	pcidhistory	bigint	bigint	0	medium	sum,count,avg
m1_price_category_history	pcinputuser	bigint	bigint	0	medium	sum,count,avg
m1_price_category_history	pcmodifikasiuser	bigint	bigint	0	medium	sum,count,avg
m1_price_category_history	pccustomint1	int	int	0	medium	sum,count,avg
m1_price_category_history	pccustomint2	int	int	0	medium	sum,count,avg
m1_price_category_history	pccustomint3	int	int	0	medium	sum,count,avg
m1_price_category_history	pccustomdbl1	double	double	0	medium	avg
m1_price_category_history	pccustomdbl2	double	double	0	medium	avg
m1_price_category_history	pccustomdbl3	double	double	0	medium	avg
m1_production_activity	paid	bigint	bigint	0	medium	sum,count,avg
m1_production_activity	painputuser	bigint	bigint	0	medium	sum,count,avg
m1_production_activity	pamodifikasiuser	bigint	bigint	0	medium	sum,count,avg
m1_production_activity	pacustomint1	int	int	0	medium	sum,count,avg
m1_production_activity	pacustomint2	int	int	0	medium	sum,count,avg
m1_production_activity	pacustomint3	int	int	0	medium	sum,count,avg
m1_production_activity	pacustomdbl1	double	double	0	medium	avg
m1_production_activity	pacustomdbl2	double	double	0	medium	avg
m1_production_activity	pacustomdbl3	double	double	0	medium	avg
m1_production_activity_detail	idpadetail	bigint	bigint	0	medium	sum,count,avg
m1_production_activity_detail	idpa	bigint	bigint	0	medium	sum,count,avg
m1_production_activity_detail	idbarang	bigint	bigint	0	medium	sum,count,avg
m1_production_activity_detail	jml	double	double	0	medium	avg
m1_production_activity_detail	nilaisatuan	double	double	0	medium	avg
m1_production_activity_detail	jmlbarang	double	double	0	medium	avg
m1_production_activity_detail	kurs	double	double	0	medium	avg
m1_production_activity_detail	harga	double	double	0	medium	avg
m1_production_activity_detail	hpppersen	double	double	0	medium	avg
m1_production_activity_detail	hpp	double	double	0	medium	avg
m1_production_activity_detail	urutan	int	int	0	medium	sum,count,avg
m1_production_activity_detail	idbom	bigint	bigint	0	medium	sum,count,avg
m1_production_activity_detail	idbomin	bigint	bigint	0	medium	sum,count,avg
m1_production_activity_detail	customdbl1	double	double	0	medium	avg
m1_production_activity_detail	customdbl2	double	double	0	medium	avg
m1_production_activity_detail	customdbl3	double	double	0	medium	avg
m1_production_activity_detail_history	idhistorydetail	bigint	bigint	0	medium	sum,count,avg
m1_production_activity_detail_history	idhistory	bigint	bigint	0	medium	sum,count,avg
m1_production_activity_detail_history	idpadetail	bigint	bigint	0	medium	sum,count,avg
m1_production_activity_detail_history	idpa	bigint	bigint	0	medium	sum,count,avg
m1_production_activity_detail_history	idbarang	bigint	bigint	0	medium	sum,count,avg
m1_production_activity_detail_history	jml	double	double	0	medium	avg
m1_production_activity_detail_history	nilaisatuan	double	double	0	medium	avg
m1_production_activity_detail_history	jmlbarang	double	double	0	medium	avg
m1_production_activity_detail_history	kurs	double	double	0	medium	avg
m1_production_activity_detail_history	harga	double	double	0	medium	avg
m1_production_activity_detail_history	hpppersen	double	double	0	medium	avg
m1_production_activity_detail_history	hpp	double	double	0	medium	avg
m1_production_activity_detail_history	urutan	int	int	0	medium	sum,count,avg
m1_production_activity_detail_history	idbom	bigint	bigint	0	medium	sum,count,avg
m1_production_activity_detail_history	idbomin	bigint	bigint	0	medium	sum,count,avg
m1_production_activity_detail_history	customdbl1	double	double	0	medium	avg
m1_production_activity_detail_history	customdbl2	double	double	0	medium	avg
m1_production_activity_detail_history	customdbl3	double	double	0	medium	avg
m1_production_activity_history	paidhistory	bigint	bigint	0	medium	sum,count,avg
m1_production_activity_history	paid	bigint	bigint	0	medium	sum,count,avg
m1_production_activity_history	painputuser	bigint	bigint	0	medium	sum,count,avg
m1_production_activity_history	pamodifikasiuser	bigint	bigint	0	medium	sum,count,avg
m1_production_activity_history	pacustomint1	int	int	0	medium	sum,count,avg
m1_production_activity_history	pacustomint2	int	int	0	medium	sum,count,avg
m1_production_activity_history	pacustomint3	int	int	0	medium	sum,count,avg
m1_production_activity_history	pacustomdbl1	double	double	0	medium	avg
m1_production_activity_history	pacustomdbl2	double	double	0	medium	avg
m1_production_activity_history	pacustomdbl3	double	double	0	medium	avg
m1_production_route	prid	bigint	bigint	0	medium	sum,count,avg
m1_production_route	prinputuser	bigint	bigint	0	medium	sum,count,avg
m1_production_route	prmodifikasiuser	bigint	bigint	0	medium	sum,count,avg
m1_production_route	prcustomint1	int	int	0	medium	sum,count,avg
m1_production_route	prcustomint2	int	int	0	medium	sum,count,avg
m1_production_route	prcustomint3	int	int	0	medium	sum,count,avg
m1_production_route	prcustomdbl1	double	double	0	medium	avg
m1_production_route	prcustomdbl2	double	double	0	medium	avg
m1_production_route	prcustomdbl3	double	double	0	medium	avg
m1_production_route_detail	idprdetail	bigint	bigint	0	medium	sum,count,avg
m1_production_route_detail	idpr	bigint	bigint	0	medium	sum,count,avg
m1_production_route_detail	idpa	bigint	bigint	0	medium	sum,count,avg
m1_production_route_detail	urutan	int	int	0	medium	sum,count,avg
m1_production_route_detail	customdbl1	double	double	0	medium	avg
m1_production_route_detail	customdbl2	double	double	0	medium	avg
m1_production_route_detail	customdbl3	double	double	0	medium	avg
m1_reference	rid	bigint	bigint	0	medium	sum,count,avg
m1_reference	rinputuser	bigint	bigint	0	medium	sum,count,avg
m1_reference	rmodifikasiuser	bigint	bigint	0	medium	sum,count,avg
m1_region	rinputuser	bigint	bigint	0	medium	sum,count,avg
m1_region	rmodifikasiuser	bigint	bigint	0	medium	sum,count,avg
m1_region_history	ridhistory	bigint	bigint	0	medium	sum,count,avg
m1_region_history	rinputuser	bigint	bigint	0	medium	sum,count,avg
m1_region_history	rmodifikasiuser	bigint	bigint	0	medium	sum,count,avg
m1_room	rhargajual1	double	double	0	medium	avg
m1_room	rhargajual2	double	double	0	medium	avg
m1_room	rhargajual3	double	double	0	medium	avg
m1_room	rhargajual4	double	double	0	medium	avg
m1_room	rhargajual5	double	double	0	medium	avg
m1_room	rjmlkasur	double	double	0	medium	avg
m1_room	rinputuser	bigint	bigint	0	medium	sum,count,avg
m1_room	rmodifikasiuser	bigint	bigint	0	medium	sum,count,avg
m1_room	rcustomint1	int	int	0	medium	sum,count,avg
m1_room	rcustomint2	int	int	0	medium	sum,count,avg
m1_room	rcustomint3	int	int	0	medium	sum,count,avg
m1_room	rcustomint4	int	int	0	medium	sum,count,avg
m1_room	rcustomint5	int	int	0	medium	sum,count,avg
m1_room	rcustomdbl1	double	double	0	medium	avg
m1_room	rcustomdbl2	double	double	0	medium	avg
m1_room	rcustomdbl3	double	double	0	medium	avg
m1_room	rcustomdbl4	double	double	0	medium	avg
m1_room	rcustomdbl5	double	double	0	medium	avg
m1_room	rkelas	int	int	0	medium	sum,count,avg
m1_room_history	ridhistory	bigint	bigint	0	medium	sum,count,avg
m1_room_history	rhargajual1	double	double	0	medium	avg
m1_room_history	rhargajual2	double	double	0	medium	avg
m1_room_history	rhargajual3	double	double	0	medium	avg
m1_room_history	rhargajual4	double	double	0	medium	avg
m1_room_history	rhargajual5	double	double	0	medium	avg
m1_room_history	rjmlkasur	double	double	0	medium	avg
m1_room_history	rinputuser	bigint	bigint	0	medium	sum,count,avg
m1_room_history	rmodifikasiuser	bigint	bigint	0	medium	sum,count,avg
m1_room_history	rcustomint1	int	int	0	medium	sum,count,avg
m1_room_history	rcustomint2	int	int	0	medium	sum,count,avg
m1_room_history	rcustomint3	int	int	0	medium	sum,count,avg
m1_room_history	rcustomint4	int	int	0	medium	sum,count,avg
m1_room_history	rcustomint5	int	int	0	medium	sum,count,avg
m1_room_history	rcustomdbl1	double	double	0	medium	avg
m1_room_history	rcustomdbl2	double	double	0	medium	avg
m1_room_history	rcustomdbl3	double	double	0	medium	avg
m1_room_history	rcustomdbl4	double	double	0	medium	avg
m1_room_history	rcustomdbl5	double	double	0	medium	avg
m1_salesman_category	scinputuser	bigint	bigint	0	medium	sum,count,avg
m1_salesman_category	scmodifikasiuser	bigint	bigint	0	medium	sum,count,avg
m1_salesman_category_history	scidhistory	bigint	bigint	0	medium	sum,count,avg
m1_salesman_category_history	scinputuser	bigint	bigint	0	medium	sum,count,avg
m1_salesman_category_history	scmodifikasiuser	bigint	bigint	0	medium	sum,count,avg
m1_section	sinputuser	bigint	bigint	0	medium	sum,count,avg
m1_section	smodifikasiuser	bigint	bigint	0	medium	sum,count,avg
m1_section	scustomint1	int	int	0	medium	sum,count,avg
m1_section	scustomint2	int	int	0	medium	sum,count,avg
m1_section	scustomint3	int	int	0	medium	sum,count,avg
m1_section	scustomdbl1	double	double	0	medium	avg
m1_section	scustomdbl2	double	double	0	medium	avg
m1_section	scustomdbl3	double	double	0	medium	avg
m1_section_history	sidhistory	bigint	bigint	0	medium	sum,count,avg
m1_section_history	sinputuser	bigint	bigint	0	medium	sum,count,avg
m1_section_history	smodifikasiuser	bigint	bigint	0	medium	sum,count,avg
m1_section_history	scustomint1	int	int	0	medium	sum,count,avg
m1_section_history	scustomint2	int	int	0	medium	sum,count,avg
m1_section_history	scustomint3	int	int	0	medium	sum,count,avg
m1_section_history	scustomdbl1	double	double	0	medium	avg
m1_section_history	scustomdbl2	double	double	0	medium	avg
m1_section_history	scustomdbl3	double	double	0	medium	avg
m1_selling_point	spid	bigint	bigint	0	medium	sum,count,avg
m1_selling_point	spjmlbarang	double	double	0	medium	avg
m1_selling_point	sppoint	double	double	0	medium	avg
m1_selling_point	spinputuser	bigint	bigint unsigned	0	medium	sum,count,avg
m1_selling_point	spmodifikasiuser	bigint	bigint unsigned	0	medium	sum,count,avg
m1_selling_point_history	spidhistory	bigint	bigint	0	medium	sum,count,avg
m1_selling_point_history	spid	bigint	bigint	0	medium	sum,count,avg
m1_selling_point_history	spjmlbarang	double	double	0	medium	avg
m1_selling_point_history	sppoint	double	double	0	medium	avg
m1_selling_point_history	spinputuser	bigint	bigint unsigned	0	medium	sum,count,avg
m1_selling_point_history	spmodifikasiuser	bigint	bigint unsigned	0	medium	sum,count,avg
m1_size	sinputuser	bigint	bigint	0	medium	sum,count,avg
m1_size	smodifikasiuser	bigint	bigint	0	medium	sum,count,avg
m1_size	scustomint1	int	int	0	medium	sum,count,avg
m1_size	scustomint2	int	int	0	medium	sum,count,avg
m1_size	scustomint3	int	int	0	medium	sum,count,avg
m1_size	scustomdbl1	double	double	0	medium	avg
m1_size	scustomdbl2	double	double	0	medium	avg
m1_size	scustomdbl3	double	double	0	medium	avg
m1_subclass	scinputuser	bigint	bigint	0	medium	sum,count,avg
m1_subclass	scmodifikasiuser	bigint	bigint	0	medium	sum,count,avg
m1_subclass	sccustomint1	int	int	0	medium	sum,count,avg
m1_subclass	sccustomint2	int	int	0	medium	sum,count,avg
m1_subclass	sccustomint3	int	int	0	medium	sum,count,avg
m1_subclass	sccustomdbl1	double	double	0	medium	avg
m1_subclass	sccustomdbl2	double	double	0	medium	avg
m1_subclass	sccustomdbl3	double	double	0	medium	avg
m1_subclass_history	scidhistory	bigint	bigint	0	medium	sum,count,avg
m1_subclass_history	scinputuser	bigint	bigint	0	medium	sum,count,avg
m1_subclass_history	scmodifikasiuser	bigint	bigint	0	medium	sum,count,avg
m1_subclass_history	sccustomint1	int	int	0	medium	sum,count,avg
m1_subclass_history	sccustomint2	int	int	0	medium	sum,count,avg
m1_subclass_history	sccustomint3	int	int	0	medium	sum,count,avg
m1_subclass_history	sccustomdbl1	double	double	0	medium	avg
m1_subclass_history	sccustomdbl2	double	double	0	medium	avg
m1_subclass_history	sccustomdbl3	double	double	0	medium	avg
m1_subdepartment	sdpinputuser	bigint	bigint unsigned	0	medium	sum,count,avg
m1_subdepartment	sdpmodifikasiuser	bigint	bigint unsigned	0	medium	sum,count,avg
m1_subdepartment	sdpcustomint1	int	int	0	medium	sum,count,avg
m1_subdepartment	sdpcustomint2	int	int	0	medium	sum,count,avg
m1_subdepartment	sdpcustomint3	int	int	0	medium	sum,count,avg
m1_subdepartment	sdpcustomdbl1	double	double	0	medium	avg
m1_subdepartment	sdpcustomdbl2	double	double	0	medium	avg
m1_subdepartment	sdpcustomdbl3	double	double	0	medium	avg
m1_subdepartment_history	sdpidhistory	bigint	bigint	0	medium	sum,count,avg
m1_subdepartment_history	sdpinputuser	bigint	bigint unsigned	0	medium	sum,count,avg
m1_subdepartment_history	sdpmodifikasiuser	bigint	bigint unsigned	0	medium	sum,count,avg
m1_subdepartment_history	sdpcustomint1	int	int	0	medium	sum,count,avg
m1_subdepartment_history	sdpcustomint2	int	int	0	medium	sum,count,avg
m1_subdepartment_history	sdpcustomint3	int	int	0	medium	sum,count,avg
m1_subdepartment_history	sdpcustomdbl1	double	double	0	medium	avg
m1_subdepartment_history	sdpcustomdbl2	double	double	0	medium	avg
m1_subdepartment_history	sdpcustomdbl3	double	double	0	medium	avg
m1_subdistrict	sdinputuser	bigint	bigint	0	medium	sum,count,avg
m1_subdistrict	sdmodifikasiuser	bigint	bigint	0	medium	sum,count,avg
m1_subdivision_history	sdidhistory	bigint	bigint	0	medium	sum,count,avg
m1_subdivision_history	sdinputuser	bigint	bigint unsigned	0	medium	sum,count,avg
m1_subdivision_history	sdmodifikasiuser	bigint	bigint unsigned	0	medium	sum,count,avg
m1_subdivision_history	sdcustomint1	int	int	0	medium	sum,count,avg
m1_subdivision_history	sdcustomint2	int	int	0	medium	sum,count,avg
m1_subdivision_history	sdcustomint3	int	int	0	medium	sum,count,avg
m1_subdivision_history	sdcustomdbl1	double	double	0	medium	avg
m1_subdivision_history	sdcustomdbl2	double	double	0	medium	avg
m1_subdivision_history	sdcustomdbl3	double	double	0	medium	avg
m1_supplier_category	scinputuser	bigint	bigint	0	medium	sum,count,avg
m1_supplier_category	scmodifikasiuser	bigint	bigint	0	medium	sum,count,avg
m1_supplier_category_history	scidhistory	bigint	bigint	0	medium	sum,count,avg
m1_supplier_category_history	scinputuser	bigint	bigint	0	medium	sum,count,avg
m1_supplier_category_history	scmodifikasiuser	bigint	bigint	0	medium	sum,count,avg
m1_transaction_note_detail	tndinputuser	bigint	bigint unsigned	0	medium	sum,count,avg
m1_transaction_note_detail	tndmodifikasiuser	bigint	bigint unsigned	0	medium	sum,count,avg
m1_transaction_note_detail_history	tndidhistory	bigint	bigint	0	medium	sum,count,avg
m1_transaction_note_detail_history	tndinputuser	bigint	bigint unsigned	0	medium	sum,count,avg
m1_transaction_note_detail_history	tndmodifikasiuser	bigint	bigint unsigned	0	medium	sum,count,avg
m1_transaction_note_history	tnidhistory	bigint	bigint	0	medium	sum,count,avg
m1_transaction_note_history	tninputuser	bigint	bigint unsigned	0	medium	sum,count,avg
m1_transaction_note_history	tnmodifikasiuser	bigint	bigint unsigned	0	medium	sum,count,avg
m1_trm	trminputuser	bigint	bigint	0	medium	sum,count,avg
m1_trm	trmmodifikasiuser	bigint	bigint	0	medium	sum,count,avg
m1_type_sa	tsainputuser	bigint	bigint unsigned	0	medium	sum,count,avg
m1_type_sa	tsamodifikasiuser	bigint	bigint unsigned	0	medium	sum,count,avg
m1_type_sa_history	tsaidhistory	bigint	bigint	0	medium	sum,count,avg
m1_type_sa_history	tsainputuser	bigint	bigint unsigned	0	medium	sum,count,avg
m1_type_sa_history	tsamodifikasiuser	bigint	bigint unsigned	0	medium	sum,count,avg
m1_unit_history	uidhistory	bigint	bigint	0	medium	sum,count,avg
m1_unit_history	unilai	double	double	0	medium	avg
m1_unit_history	uinputuser	bigint	bigint	0	medium	sum,count,avg
m1_unit_history	umodifikasiuser	bigint	bigint	0	medium	sum,count,avg
m1_upline	uinputuser	bigint	bigint	0	medium	sum,count,avg
m1_upline	umodifikasiuser	bigint	bigint	0	medium	sum,count,avg
m1_vendor_history	vidhistory	bigint	bigint	0	medium	sum,count,avg
m1_vendor_history	vinputuser	bigint	bigint	0	medium	sum,count,avg
m1_vendor_history	vmodifikasiuser	bigint	bigint	0	medium	sum,count,avg
m1_vendor_history	vcustomint1	int	int	0	medium	sum,count,avg
m1_vendor_history	vcustomint2	int	int	0	medium	sum,count,avg
m1_vendor_history	vcustomint3	int	int	0	medium	sum,count,avg
m1_vendor_history	vcustomdbl1	double	double	0	medium	avg
m1_vendor_history	vcustomdbl2	double	double	0	medium	avg
m1_vendor_history	vcustomdbl3	double	double	0	medium	avg
m1_village	vinputuser	bigint	bigint	0	medium	sum,count,avg
m1_village	vmodifikasiuser	bigint	bigint	0	medium	sum,count,avg
m1_warehouse_history	widhistory	bigint	bigint	0	medium	sum,count,avg
m1_warehouse_history	winputuser	bigint	bigint unsigned	0	medium	sum,count,avg
m1_warehouse_history	wmodifikasiuser	bigint	bigint unsigned	0	medium	sum,count,avg
m1_working_estimate_history	weidhistory	bigint	bigint	0	medium	sum,count,avg
m1_working_estimate_history	weinputuser	bigint	bigint	0	medium	sum,count,avg
m1_working_estimate_history	wemodifikasiuser	bigint	bigint	0	medium	sum,count,avg
m1_working_estimate_history	wecustomint1	int	int	0	medium	sum,count,avg
m1_working_estimate_history	wecustomint2	int	int	0	medium	sum,count,avg
m1_working_estimate_history	wecustomint3	int	int	0	medium	sum,count,avg
m1_working_estimate_history	wecustomdbl1	double	double	0	medium	avg
m1_working_estimate_history	wecustomdbl2	double	double	0	medium	avg
m1_working_estimate_history	wecustomdbl3	double	double	0	medium	avg
m2_aj	ajid	bigint	bigint	0	medium	sum,count,avg
m2_aj	ajkodepa	bigint	bigint	0	medium	sum,count,avg
m2_aj	ajkontak	bigint	bigint	0	medium	sum,count,avg
m2_aj	ajkurs	double	double	0	medium	avg
m2_aj	ajdebit	double	double	0	medium	avg
m2_aj	ajdebitvalas	double	double	0	medium	avg
m2_aj	ajkredit	double	double	0	medium	avg
m2_aj	ajkreditvalas	double	double	0	medium	avg
m2_aj	ajjumlahbayar	double	double	0	medium	avg
m2_aj	ajjumlahbayarvalas	double	double	0	medium	avg
m2_aj	ajjmlrevisi	int	int	0	medium	sum,count,avg
m2_aj	ajisclose	int	int	0	medium	sum,count,avg
m2_aj	ajinputuser	bigint	bigint	0	medium	sum,count,avg
m2_aj	ajmodifikasiuser	bigint	bigint	0	medium	sum,count,avg
m2_aj	ajcustomint1	int	int	0	medium	sum,count,avg
m2_aj	ajcustomint2	int	int	0	medium	sum,count,avg
m2_aj	ajcustomint3	int	int	0	medium	sum,count,avg
m2_aj	ajcustomdbl1	double	double	0	medium	avg
m2_aj	ajcustomdbl2	double	double	0	medium	avg
m2_aj	ajcustomdbl3	double	double	0	medium	avg
m2_aj_detail	idajdetail	bigint	bigint	0	medium	sum,count,avg
m2_aj_detail	idaj	bigint	bigint	0	medium	sum,count,avg
m2_aj_detail	kurs	double	double	0	medium	avg
m2_aj_detail	debit	double	double	0	medium	avg
m2_aj_detail	debitvalas	double	double	0	medium	avg
m2_aj_detail	kredit	double	double	0	medium	avg
m2_aj_detail	kreditvalas	double	double	0	medium	avg
m2_aj_detail	urutan	int	int	0	medium	sum,count,avg
m2_aj_detail	isclose	int	int	0	medium	sum,count,avg
m2_aj_detail	customdbl1	double	double	0	medium	avg
m2_aj_detail	customdbl2	double	double	0	medium	avg
m2_aj_detail	customdbl3	double	double	0	medium	avg
m2_aj_detail_history	idhistorydetail	int	int	0	medium	sum,count,avg
m2_aj_detail_history	idhistory	int	int	0	medium	sum,count,avg
m2_aj_detail_history	idajdetail	bigint	bigint	0	medium	sum,count,avg
m2_aj_detail_history	idaj	bigint	bigint	0	medium	sum,count,avg
m2_aj_detail_history	kurs	double	double	0	medium	avg
m2_aj_detail_history	debit	double	double	0	medium	avg
m2_aj_detail_history	debitvalas	double	double	0	medium	avg
m2_aj_detail_history	kredit	double	double	0	medium	avg
m2_aj_detail_history	kreditvalas	double	double	0	medium	avg
m2_aj_detail_history	urutan	int	int	0	medium	sum,count,avg
m2_aj_detail_history	isclose	int	int	0	medium	sum,count,avg
m2_aj_detail_history	customdbl1	double	double	0	medium	avg
m2_aj_detail_history	customdbl2	double	double	0	medium	avg
m2_aj_detail_history	customdbl3	double	double	0	medium	avg
m2_aj_history	ajidhistory	int	int	0	medium	sum,count,avg
m2_aj_history	ajid	bigint	bigint	0	medium	sum,count,avg
m2_aj_history	ajkodepa	bigint	bigint	0	medium	sum,count,avg
m2_aj_history	ajkontak	bigint	bigint	0	medium	sum,count,avg
m2_aj_history	ajkurs	double	double	0	medium	avg
m2_aj_history	ajdebit	double	double	0	medium	avg
m2_aj_history	ajdebitvalas	double	double	0	medium	avg
m2_aj_history	ajkredit	double	double	0	medium	avg
m2_aj_history	ajkreditvalas	double	double	0	medium	avg
m2_aj_history	ajjumlahbayar	double	double	0	medium	avg
m2_aj_history	ajjumlahbayarvalas	double	double	0	medium	avg
m2_aj_history	ajjmlrevisi	int	int	0	medium	sum,count,avg
m2_aj_history	ajisclose	int	int	0	medium	sum,count,avg
m2_aj_history	ajinputuser	bigint	bigint	0	medium	sum,count,avg
m2_aj_history	ajmodifikasiuser	bigint	bigint	0	medium	sum,count,avg
m2_aj_history	ajcustomint1	int	int	0	medium	sum,count,avg
m2_aj_history	ajcustomint2	int	int	0	medium	sum,count,avg
m2_aj_history	ajcustomint3	int	int	0	medium	sum,count,avg
m2_aj_history	ajcustomdbl1	double	double	0	medium	avg
m2_aj_history	ajcustomdbl2	double	double	0	medium	avg
m2_aj_history	ajcustomdbl3	double	double	0	medium	avg
m2_bd	bdid	bigint	bigint	0	medium	sum,count,avg
m2_bd	bdkodepa	bigint	bigint	0	medium	sum,count,avg
m2_bd	bdkontak	bigint	bigint	0	medium	sum,count,avg
m2_bd	bdanggarankategori	int	int	0	medium	sum,count,avg
m2_bd	bdkurs	double	double	0	medium	avg
m2_bd	bdjmlrevisi	int	int	0	medium	sum,count,avg
m2_bd	bdisclose	int	int	0	medium	sum,count,avg
m2_bd	bdinputuser	bigint	bigint	0	medium	sum,count,avg
m2_bd	bdmodifikasiuser	bigint	bigint	0	medium	sum,count,avg
m2_bd	bdcustomint1	int	int	0	medium	sum,count,avg
m2_bd	bdcustomint2	int	int	0	medium	sum,count,avg
m2_bd	bdcustomint3	int	int	0	medium	sum,count,avg
m2_bd	bdcustomdbl1	double	double	0	medium	avg
m2_bd	bdcustomdbl2	double	double	0	medium	avg
m2_bd	bdcustomdbl3	double	double	0	medium	avg
m2_bd_detail	idbddetail	bigint	bigint	0	medium	sum,count,avg
m2_bd_detail	idbd	bigint	bigint	0	medium	sum,count,avg
m2_bd_detail	kurs	double	double	0	medium	avg
m2_bd_detail	jumlah	double	double	0	medium	avg
m2_bd_detail	jumlahvalas	double	double	0	medium	avg
m2_bd_detail	urutan	int	int	0	medium	sum,count,avg
m2_bd_detail	isclose	int	int	0	medium	sum,count,avg
m2_bd_detail	customdbl1	double	double	0	medium	avg
m2_bd_detail	customdbl2	double	double	0	medium	avg
m2_bd_detail	customdbl3	double	double	0	medium	avg
m2_bd_detail_history	idhistorydetail	bigint	bigint	0	medium	sum,count,avg
m2_bd_detail_history	idhistory	bigint	bigint	0	medium	sum,count,avg
m2_bd_detail_history	idbddetail	bigint	bigint	0	medium	sum,count,avg
m2_bd_detail_history	idbd	bigint	bigint	0	medium	sum,count,avg
m2_bd_detail_history	kurs	double	double	0	medium	avg
m2_bd_detail_history	jumlah	double	double	0	medium	avg
m2_bd_detail_history	jumlahvalas	double	double	0	medium	avg
m2_bd_detail_history	urutan	int	int	0	medium	sum,count,avg
m2_bd_detail_history	isclose	int	int	0	medium	sum,count,avg
m2_bd_detail_history	customdbl1	double	double	0	medium	avg
m2_bd_detail_history	customdbl2	double	double	0	medium	avg
m2_bd_detail_history	customdbl3	double	double	0	medium	avg
m2_bd_history	bdidhistory	bigint	bigint	0	medium	sum,count,avg
m2_bd_history	bdid	bigint	bigint	0	medium	sum,count,avg
m2_bd_history	bdkodepa	bigint	bigint	0	medium	sum,count,avg
m2_bd_history	bdkontak	bigint	bigint	0	medium	sum,count,avg
m2_bd_history	bdanggarankategori	int	int	0	medium	sum,count,avg
m2_bd_history	bdkurs	double	double	0	medium	avg
m2_bd_history	bdjmlrevisi	int	int	0	medium	sum,count,avg
m2_bd_history	bdisclose	int	int	0	medium	sum,count,avg
m2_bd_history	bdinputuser	bigint	bigint	0	medium	sum,count,avg
m2_bd_history	bdmodifikasiuser	bigint	bigint	0	medium	sum,count,avg
m2_bd_history	bdcustomint1	int	int	0	medium	sum,count,avg
m2_bd_history	bdcustomint2	int	int	0	medium	sum,count,avg
m2_bd_history	bdcustomint3	int	int	0	medium	sum,count,avg
m2_bd_history	bdcustomdbl1	double	double	0	medium	avg
m2_bd_history	bdcustomdbl2	double	double	0	medium	avg
m2_bd_history	bdcustomdbl3	double	double	0	medium	avg
m2_jm	jmid	bigint	bigint	0	medium	sum,count,avg
m2_jm	jmkodepa	bigint	bigint	0	medium	sum,count,avg
m2_jm	jmkurs	double	double	0	medium	avg
m2_jm	jmdebit	double	double	0	medium	avg
m2_jm	jmdebitvalas	double	double	0	medium	avg
m2_jm	jmkredit	double	double	0	medium	avg
m2_jm	jmkreditvalas	double	double	0	medium	avg
m2_jm	jmjumlahbayar	double	double	0	medium	avg
m2_jm	jmjumlahbayarvalas	double	double	0	medium	avg
m2_jm	jmjmlrevisi	int	int	0	medium	sum,count,avg
m2_jm	jmisclose	int	int	0	medium	sum,count,avg
m2_jm	jminputuser	bigint	bigint	0	medium	sum,count,avg
m2_jm	jmmodifikasiuser	bigint	bigint	0	medium	sum,count,avg
m2_jm	jmcustomint1	int	int	0	medium	sum,count,avg
m2_jm	jmcustomint2	int	int	0	medium	sum,count,avg
m2_jm	jmcustomint3	int	int	0	medium	sum,count,avg
m2_jm	jmcustomdbl1	double	double	0	medium	avg
m2_jm	jmcustomdbl2	double	double	0	medium	avg
m2_jm	jmcustomdbl3	double	double	0	medium	avg
m2_jm_detail	idjmdetail	bigint	bigint	0	medium	sum,count,avg
m2_jm_detail	idjm	bigint	bigint	0	medium	sum,count,avg
m2_jm_detail	kontak	bigint	bigint	0	medium	sum,count,avg
m2_jm_detail	kurs	double	double	0	medium	avg
m2_jm_detail	debit	double	double	0	medium	avg
m2_jm_detail	debitvalas	double	double	0	medium	avg
m2_jm_detail	kredit	double	double	0	medium	avg
m2_jm_detail	kreditvalas	double	double	0	medium	avg
m2_jm_detail	urutan	int	int	0	medium	sum,count,avg
m2_jm_detail	isclose	int	int	0	medium	sum,count,avg
m2_jm_detail	customdbl1	double	double	0	medium	avg
m2_jm_detail	customdbl2	double	double	0	medium	avg
m2_jm_detail	customdbl3	double	double	0	medium	avg
m2_jm_detail_history	idhistorydetail	int	int	0	medium	sum,count,avg
m2_jm_detail_history	idhistory	int	int	0	medium	sum,count,avg
m2_jm_detail_history	idjmdetail	bigint	bigint	0	medium	sum,count,avg
m2_jm_detail_history	idjm	bigint	bigint	0	medium	sum,count,avg
m2_jm_detail_history	kontak	bigint	bigint	0	medium	sum,count,avg
m2_jm_detail_history	kurs	double	double	0	medium	avg
m2_jm_detail_history	debit	double	double	0	medium	avg
m2_jm_detail_history	debitvalas	double	double	0	medium	avg
m2_jm_detail_history	kredit	double	double	0	medium	avg
m2_jm_detail_history	kreditvalas	double	double	0	medium	avg
m2_jm_detail_history	urutan	int	int	0	medium	sum,count,avg
m2_jm_detail_history	isclose	int	int	0	medium	sum,count,avg
m2_jm_detail_history	customdbl1	double	double	0	medium	avg
m2_jm_detail_history	customdbl2	double	double	0	medium	avg
m2_jm_detail_history	customdbl3	double	double	0	medium	avg
m2_jm_history	jmidhistory	int	int	0	medium	sum,count,avg
m2_jm_history	jmid	bigint	bigint	0	medium	sum,count,avg
m2_jm_history	jmkodepa	bigint	bigint	0	medium	sum,count,avg
m2_jm_history	jmkurs	double	double	0	medium	avg
m2_jm_history	jmdebit	double	double	0	medium	avg
m2_jm_history	jmdebitvalas	double	double	0	medium	avg
m2_jm_history	jmkredit	double	double	0	medium	avg
m2_jm_history	jmkreditvalas	double	double	0	medium	avg
m2_jm_history	jmjumlahbayar	double	double	0	medium	avg
m2_jm_history	jmjumlahbayarvalas	double	double	0	medium	avg
m2_jm_history	jmjmlrevisi	int	int	0	medium	sum,count,avg
m2_jm_history	jmisclose	int	int	0	medium	sum,count,avg
m2_jm_history	jminputuser	bigint	bigint	0	medium	sum,count,avg
m2_jm_history	jmmodifikasiuser	bigint	bigint	0	medium	sum,count,avg
m2_jm_history	jmcustomint1	int	int	0	medium	sum,count,avg
m2_jm_history	jmcustomint2	int	int	0	medium	sum,count,avg
m2_jm_history	jmcustomint3	int	int	0	medium	sum,count,avg
m2_jm_history	jmcustomdbl1	double	double	0	medium	avg
m2_jm_history	jmcustomdbl2	double	double	0	medium	avg
m2_jm_history	jmcustomdbl3	double	double	0	medium	avg
m2_notes	nid	bigint	bigint	0	medium	sum,count,avg
m2_notes	nidtransaksi	bigint	bigint	0	medium	sum,count,avg
m2_notes	ninputuser	bigint	bigint	0	medium	sum,count,avg
m2_notes	nmodifikasiuser	bigint	bigint	0	medium	sum,count,avg
m2_pengajuan_dana	tid	bigint	bigint	0	medium	sum,count,avg
m2_pengajuan_dana	tkodetabelangka	int	int	0	medium	sum,count,avg
m2_pengajuan_dana	tkontak	bigint	bigint	0	medium	sum,count,avg
m2_pengajuan_dana	tkurs	double	double	0	medium	avg
m2_pengajuan_dana	tdebit	double	double	0	medium	avg
m2_pengajuan_dana	tkredit	double	double	0	medium	avg
m2_pengajuan_dana	tdebitvalas	double	double	0	medium	avg
m2_pengajuan_dana	tkreditvalas	double	double	0	medium	avg
m2_pengajuan_dana	turutan	int	int	0	medium	sum,count,avg
m2_pengajuan_dana	tjmlrealisasium	double	double	0	medium	avg
m2_pengajuan_dana	tjmlrevisi	int	int	0	medium	sum,count,avg
m2_pengajuan_dana	tinputuser	bigint	bigint	0	medium	sum,count,avg
m2_pengajuan_dana	tmodifikasiuser	bigint	bigint	0	medium	sum,count,avg
m2_print	idprint	bigint	bigint	0	medium	sum,count,avg
m2_print	idtransaksi	bigint	bigint	0	medium	sum,count,avg
m2_print	idreport	bigint	bigint	0	medium	sum,count,avg
m2_print	printuser	bigint	bigint	0	medium	sum,count,avg
m2_realization_cost_center	rcctahun	int	int	0	medium	sum,count,avg
m2_realization_cost_center	rccjmldebit	double	double	0	medium	avg
m2_realization_cost_center	rccjmlkredit	double	double	0	medium	avg
m2_realization_cost_center	rccanggaran	double	double	0	medium	avg
m2_realization_cost_center	rcckodepa	bigint	bigint	0	medium	sum,count,avg
m2_realization_division	rdtahun	int	int	0	medium	sum,count,avg
m2_realization_division	rdjmldebit	double	double	0	medium	avg
m2_realization_division	rdjmlkredit	double	double	0	medium	avg
m2_realization_division	rdanggaran	double	double	0	medium	avg
m2_realization_division	rdkodepa	bigint	bigint	0	medium	sum,count,avg
m2_realization_subdivision	rsdtahun	int	int	0	medium	sum,count,avg
m2_realization_subdivision	rsdjmldebit	double	double	0	medium	avg
m2_realization_subdivision	rsdjmlkredit	double	double	0	medium	avg
m2_realization_subdivision	rsdanggaran	double	double	0	medium	avg
m2_realization_subdivision	rsdkodepa	bigint	bigint	0	medium	sum,count,avg
m2_rm_historyjson	rmjid	bigint	bigint	0	medium	sum,count,avg
m2_template	tid	int	int	0	medium	sum,count,avg
m2_template	tkodetabelangka	int	int	0	medium	sum,count,avg
m2_template	tkontak	int	int	0	medium	sum,count,avg
m2_template	tkurs	double	double	0	medium	avg
m2_template	tdebit	double	double	0	medium	avg
m2_template	tkredit	double	double	0	medium	avg
m2_template	tdebitvalas	double	double	0	medium	avg
m2_template	tkreditvalas	double	double	0	medium	avg
m2_template	turutan	int	int	0	medium	sum,count,avg
m2_template	tjmlrealisasium	double	double	0	medium	avg
m2_template	tjmlrevisi	int	int	0	medium	sum,count,avg
m2_template	tinputuser	int	int	0	medium	sum,count,avg
m2_template	tmodifikasiuser	int	int	0	medium	sum,count,avg
m2_transaction_journal_history	tidhistory	bigint	bigint	0	medium	sum,count,avg
m2_transaction_journal_history	tgruphistory	bigint	bigint	0	medium	sum,count,avg
m2_transaction_journal_history	tid	bigint	bigint	0	medium	sum,count,avg
m2_transaction_journal_history	tkodetabelangka	int	int	0	medium	sum,count,avg
m2_transaction_journal_history	tidtransaksi	bigint	bigint	0	medium	sum,count,avg
m2_transaction_journal_history	tkodepa	bigint	bigint	0	medium	sum,count,avg
m2_transaction_journal_history	tkontak	bigint	bigint	0	medium	sum,count,avg
m2_transaction_journal_history	tkurs	double	double	0	medium	avg
m2_transaction_journal_history	tdebit	double	double	0	medium	avg
m2_transaction_journal_history	tkredit	double	double	0	medium	avg
m2_transaction_journal_history	tdebitvalas	double	double	0	medium	avg
m2_transaction_journal_history	tkreditvalas	double	double	0	medium	avg
m2_transaction_journal_history	tstatuslunas	int	int	0	medium	sum,count,avg
m2_transaction_journal_history	turutan	int	int	0	medium	sum,count,avg
m2_transaction_journal_history	tjmlrealisasium	double	double	0	medium	avg
m2_transaction_journal_history	tjmlrevisi	int	int	0	medium	sum,count,avg
m2_transaction_journal_history	tinputuser	bigint	bigint	0	medium	sum,count,avg
m2_transaction_journal_history	tmodifikasiuser	bigint	bigint	0	medium	sum,count,avg
m2r_analisa_penyusutan	aid	bigint	bigint	0	medium	sum,count,avg
m2r_analisa_penyusutan	ajml	double	double	0	medium	avg
m2r_analisa_penyusutan	akurs	double	double	0	medium	avg
m2r_analisa_penyusutan	aharga	double	double	0	medium	avg
m2r_analisa_penyusutan	ahargabeli	double	double	0	medium	avg
m2r_analisa_penyusutan	anilairesidu	double	double	0	medium	avg
m2r_analisa_penyusutan	aumurekonomis	double	double	0	medium	avg
m2r_analisa_penyusutan	ametode	int	int	0	medium	sum,count,avg
m2r_analisa_penyusutan	abebanperbulan	double	double	0	medium	avg
m2r_analisa_penyusutan	aakumulasibeban	double	double	0	medium	avg
m2r_analisa_penyusutan	anilaibuku	double	double	0	medium	avg
m2r_analisa_penyusutan	auserid	bigint	bigint	0	medium	sum,count,avg
m2r_analisa_penyusutan	acustomint1	int	int	0	medium	sum,count,avg
m2r_analisa_penyusutan	acustomint2	int	int	0	medium	sum,count,avg
m2r_analisa_penyusutan	acustomint3	int	int	0	medium	sum,count,avg
m2r_analisa_penyusutan	acustomint4	int	int	0	medium	sum,count,avg
m2r_analisa_penyusutan	acustomint5	int	int	0	medium	sum,count,avg
m2r_analisa_penyusutan	acustomdbl1	double	double	0	medium	avg
m2r_analisa_penyusutan	acustomdbl2	double	double	0	medium	avg
m2r_analisa_penyusutan	acustomdbl3	double	double	0	medium	avg
m2r_analisa_penyusutan	acustomdbl4	double	double	0	medium	avg
m2r_analisa_penyusutan	acustomdbl5	double	double	0	medium	avg
m2r_anggaran	nmtahun	int	int	0	medium	sum,count,avg
m2r_anggaran	nmbulan	int	int	0	medium	sum,count,avg
m2r_anggaran	nmtipe	int	int	0	medium	sum,count,avg
m2r_anggaran	nmkurs	double	double	0	medium	avg
m2r_anggaran	nmanggaran	double	double	0	medium	avg
m2r_anggaran	nmdebit	double	double	0	medium	avg
m2r_anggaran	nmkredit	double	double	0	medium	avg
m2r_anggaran	nmvariasi	double	double	0	medium	avg
m2r_anggaran	nmuserid	bigint	bigint	0	medium	sum,count,avg
m2r_anggaran	nmcustomint1	int	int	0	medium	sum,count,avg
m2r_anggaran	nmcustomint2	int	int	0	medium	sum,count,avg
m2r_anggaran	nmcustomint3	int	int	0	medium	sum,count,avg
m2r_anggaran	nmcustomint4	int	int	0	medium	sum,count,avg
m2r_anggaran	nmcustomint5	int	int	0	medium	sum,count,avg
m2r_anggaran	nmcustomdbl1	double	double	0	medium	avg
m2r_anggaran	nmcustomdbl2	double	double	0	medium	avg
m2r_anggaran	nmcustomdbl3	double	double	0	medium	avg
m2r_anggaran	nmcustomdbl4	double	double	0	medium	avg
m2r_anggaran	nmcustomdbl5	double	double	0	medium	avg
m2r_ap_card	apnourut	bigint	bigint	0	medium	sum,count,avg
m2r_ap_card	apid	bigint	bigint	0	medium	sum,count,avg
m2r_ap_card	apkontak	bigint	bigint	0	medium	sum,count,avg
m2r_ap_card	apdebit	double	double	0	medium	avg
m2r_ap_card	apkredit	double	double	0	medium	avg
m2r_ap_card	apuserid	bigint	bigint	0	medium	sum,count,avg
m2r_ap_card	apcustomint1	int	int	0	medium	sum,count,avg
m2r_ap_card	apcustomint2	int	int	0	medium	sum,count,avg
m2r_ap_card	apcustomint3	int	int	0	medium	sum,count,avg
m2r_ap_card	apcustomint4	int	int	0	medium	sum,count,avg
m2r_ap_card	apcustomint5	int	int	0	medium	sum,count,avg
m2r_ap_card	apcustomdbl1	double	double	0	medium	avg
m2r_ap_card	apcustomdbl2	double	double	0	medium	avg
m2r_ap_card	apcustomdbl3	double	double	0	medium	avg
m2r_ap_card	apcustomdbl4	double	double	0	medium	avg
m2r_ap_card	apcustomdbl5	double	double	0	medium	avg
m2r_ap_card_detail	apnourut	bigint	bigint	0	medium	sum,count,avg
m2r_ap_card_detail	apid	bigint	bigint	0	medium	sum,count,avg
m2r_ap_card_detail	apkontak	bigint	bigint	0	medium	sum,count,avg
m2r_ap_card_detail	apdebit	double	double	0	medium	avg
m2r_ap_card_detail	apkredit	double	double	0	medium	avg
m2r_ap_card_detail	apuserid	bigint	bigint	0	medium	sum,count,avg
m2r_ap_card_detail	apcustomint1	int	int	0	medium	sum,count,avg
m2r_ap_card_detail	apcustomint2	int	int	0	medium	sum,count,avg
m2r_ap_card_detail	apcustomint3	int	int	0	medium	sum,count,avg
m2r_ap_card_detail	apcustomint4	int	int	0	medium	sum,count,avg
m2r_ap_card_detail	apcustomint5	int	int	0	medium	sum,count,avg
m2r_ap_card_detail	apcustomdbl1	double	double	0	medium	avg
m2r_ap_card_detail	apcustomdbl2	double	double	0	medium	avg
m2r_ap_card_detail	apcustomdbl3	double	double	0	medium	avg
m2r_ap_card_detail	apcustomdbl4	double	double	0	medium	avg
m2r_ap_card_detail	apcustomdbl5	double	double	0	medium	avg
m2r_ap_voucher	apnourut	bigint	bigint	0	medium	sum,count,avg
m2r_ap_voucher	apid	bigint	bigint	0	medium	sum,count,avg
m2r_ap_voucher	apkontak	bigint	bigint	0	medium	sum,count,avg
m2r_ap_voucher	apbayar	double	double	0	medium	avg
m2r_ap_voucher	apsisa	double	double	0	medium	avg
m2r_ap_voucher	apuserid	bigint	bigint	0	medium	sum,count,avg
m2r_ap_voucher	apcustomint1	int	int	0	medium	sum,count,avg
m2r_ap_voucher	apcustomint2	int	int	0	medium	sum,count,avg
m2r_ap_voucher	apcustomint3	int	int	0	medium	sum,count,avg
m2r_ap_voucher	apcustomint4	int	int	0	medium	sum,count,avg
m2r_ap_voucher	apcustomint5	int	int	0	medium	sum,count,avg
m2r_ap_voucher	apcustomdbl1	double	double	0	medium	avg
m2r_ap_voucher	apcustomdbl2	double	double	0	medium	avg
m2r_ap_voucher	apcustomdbl3	double	double	0	medium	avg
m2r_ap_voucher	apcustomdbl4	double	double	0	medium	avg
m2r_ap_voucher	apcustomdbl5	double	double	0	medium	avg
m2r_ap_voucher_aging	apnourut	bigint	bigint	0	medium	sum,count,avg
m2r_ap_voucher_aging	apid	bigint	bigint	0	medium	sum,count,avg
m2r_ap_voucher_aging	apkontak	bigint	bigint	0	medium	sum,count,avg
m2r_ap_voucher_aging	apbayar	double	double	0	medium	avg
m2r_ap_voucher_aging	apsisa	double	double	0	medium	avg
m2r_ap_voucher_aging	apumur_1	double	double	0	medium	avg
m2r_ap_voucher_aging	apumur1	double	double	0	medium	avg
m2r_ap_voucher_aging	apumur2	double	double	0	medium	avg
m2r_ap_voucher_aging	apumur3	double	double	0	medium	avg
m2r_ap_voucher_aging	apumur4	double	double	0	medium	avg
m2r_ap_voucher_aging	apumur5	double	double	0	medium	avg
m2r_ap_voucher_aging	apumur6	double	double	0	medium	avg
m2r_ap_voucher_aging	apumur7	double	double	0	medium	avg
m2r_ap_voucher_aging	apumur8	double	double	0	medium	avg
m2r_ap_voucher_aging	apumur9	double	double	0	medium	avg
m2r_ap_voucher_aging	apumur10	double	double	0	medium	avg
m2r_ap_voucher_aging	apumur_10	double	double	0	medium	avg
m2r_ap_voucher_aging	apuserid	bigint	bigint	0	medium	sum,count,avg
m2r_ap_voucher_aging	apcustomint1	int	int	0	medium	sum,count,avg
m2r_ap_voucher_aging	apcustomint2	int	int	0	medium	sum,count,avg
m2r_ap_voucher_aging	apcustomint3	int	int	0	medium	sum,count,avg
m2r_ap_voucher_aging	apcustomint4	int	int	0	medium	sum,count,avg
m2r_ap_voucher_aging	apcustomint5	int	int	0	medium	sum,count,avg
m2r_ap_voucher_aging	apcustomdbl1	double	double	0	medium	avg
m2r_ap_voucher_aging	apcustomdbl2	double	double	0	medium	avg
m2r_ap_voucher_aging	apcustomdbl3	double	double	0	medium	avg
m2r_ap_voucher_aging	apcustomdbl4	double	double	0	medium	avg
m2r_ap_voucher_aging	apcustomdbl5	double	double	0	medium	avg
m2r_ap_voucher_aging_detail	apnourut	bigint	bigint	0	medium	sum,count,avg
m2r_ap_voucher_aging_detail	apid	bigint	bigint	0	medium	sum,count,avg
m2r_ap_voucher_aging_detail	apkontak	bigint	bigint	0	medium	sum,count,avg
m2r_ap_voucher_aging_detail	apbayar	double	double	0	medium	avg
m2r_ap_voucher_aging_detail	apsisa	double	double	0	medium	avg
m2r_ap_voucher_aging_detail	apumur_1	double	double	0	medium	avg
m2r_ap_voucher_aging_detail	apumur1	double	double	0	medium	avg
m2r_ap_voucher_aging_detail	apumur2	double	double	0	medium	avg
m2r_ap_voucher_aging_detail	apumur3	double	double	0	medium	avg
m2r_ap_voucher_aging_detail	apumur4	double	double	0	medium	avg
m2r_ap_voucher_aging_detail	apumur5	double	double	0	medium	avg
m2r_ap_voucher_aging_detail	apumur6	double	double	0	medium	avg
m2r_ap_voucher_aging_detail	apumur7	double	double	0	medium	avg
m2r_ap_voucher_aging_detail	apumur8	double	double	0	medium	avg
m2r_ap_voucher_aging_detail	apumur9	double	double	0	medium	avg
m2r_ap_voucher_aging_detail	apumur10	double	double	0	medium	avg
m2r_ap_voucher_aging_detail	apumur_10	double	double	0	medium	avg
m2r_ap_voucher_aging_detail	apuserid	bigint	bigint	0	medium	sum,count,avg
m2r_ap_voucher_aging_detail	apcustomint1	int	int	0	medium	sum,count,avg
m2r_ap_voucher_aging_detail	apcustomint2	int	int	0	medium	sum,count,avg
m2r_ap_voucher_aging_detail	apcustomint3	int	int	0	medium	sum,count,avg
m2r_ap_voucher_aging_detail	apcustomint4	int	int	0	medium	sum,count,avg
m2r_ap_voucher_aging_detail	apcustomint5	int	int	0	medium	sum,count,avg
m2r_ap_voucher_aging_detail	apcustomdbl1	double	double	0	medium	avg
m2r_ap_voucher_aging_detail	apcustomdbl2	double	double	0	medium	avg
m2r_ap_voucher_aging_detail	apcustomdbl3	double	double	0	medium	avg
m2r_ap_voucher_aging_detail	apcustomdbl4	double	double	0	medium	avg
m2r_ap_voucher_aging_detail	apcustomdbl5	double	double	0	medium	avg
m2r_ap_voucher_detail	apnourut	bigint	bigint	0	medium	sum,count,avg
m2r_ap_voucher_detail	apid	bigint	bigint	0	medium	sum,count,avg
m2r_ap_voucher_detail	apkontak	bigint	bigint	0	medium	sum,count,avg
m2r_ap_voucher_detail	apbayar	double	double	0	medium	avg
m2r_ap_voucher_detail	apsisa	double	double	0	medium	avg
m2r_ap_voucher_detail	apuserid	bigint	bigint	0	medium	sum,count,avg
m2r_ap_voucher_detail	apcustomint1	int	int	0	medium	sum,count,avg
m2r_ap_voucher_detail	apcustomint2	int	int	0	medium	sum,count,avg
m2r_ap_voucher_detail	apcustomint3	int	int	0	medium	sum,count,avg
m2r_ap_voucher_detail	apcustomint4	int	int	0	medium	sum,count,avg
m2r_ap_voucher_detail	apcustomint5	int	int	0	medium	sum,count,avg
m2r_ap_voucher_detail	apcustomdbl1	double	double	0	medium	avg
m2r_ap_voucher_detail	apcustomdbl2	double	double	0	medium	avg
m2r_ap_voucher_detail	apcustomdbl3	double	double	0	medium	avg
m2r_ap_voucher_detail	apcustomdbl4	double	double	0	medium	avg
m2r_ap_voucher_detail	apcustomdbl5	double	double	0	medium	avg
m2r_appostage_card	apnourut	bigint	bigint	0	medium	sum,count,avg
m2r_appostage_card	apid	bigint	bigint	0	medium	sum,count,avg
m2r_appostage_card	apkontak	bigint	bigint	0	medium	sum,count,avg
m2r_appostage_card	apdebit	double	double	0	medium	avg
m2r_appostage_card	apkredit	double	double	0	medium	avg
m2r_appostage_card	apuserid	bigint	bigint	0	medium	sum,count,avg
m2r_appostage_card	apcustomint1	int	int	0	medium	sum,count,avg
m2r_appostage_card	apcustomint2	int	int	0	medium	sum,count,avg
m2r_appostage_card	apcustomint3	int	int	0	medium	sum,count,avg
m2r_appostage_card	apcustomint4	int	int	0	medium	sum,count,avg
m2r_appostage_card	apcustomint5	int	int	0	medium	sum,count,avg
m2r_appostage_card	apcustomdbl1	double	double	0	medium	avg
m2r_appostage_card	apcustomdbl2	double	double	0	medium	avg
m2r_appostage_card	apcustomdbl3	double	double	0	medium	avg
m2r_appostage_card	apcustomdbl4	double	double	0	medium	avg
m2r_appostage_card	apcustomdbl5	double	double	0	medium	avg
m2r_appostage_voucher	apnourut	bigint	bigint	0	medium	sum,count,avg
m2r_appostage_voucher	apid	bigint	bigint	0	medium	sum,count,avg
m2r_appostage_voucher	apkontak	bigint	bigint	0	medium	sum,count,avg
m2r_appostage_voucher	apbayar	double	double	0	medium	avg
m2r_appostage_voucher	apsisa	double	double	0	medium	avg
m2r_appostage_voucher	apuserid	bigint	bigint	0	medium	sum,count,avg
m2r_appostage_voucher	apcustomint1	int	int	0	medium	sum,count,avg
m2r_appostage_voucher	apcustomint2	int	int	0	medium	sum,count,avg
m2r_appostage_voucher	apcustomint3	int	int	0	medium	sum,count,avg
m2r_appostage_voucher	apcustomint4	int	int	0	medium	sum,count,avg
m2r_appostage_voucher	apcustomint5	int	int	0	medium	sum,count,avg
m2r_appostage_voucher	apcustomdbl1	double	double	0	medium	avg
m2r_appostage_voucher	apcustomdbl2	double	double	0	medium	avg
m2r_appostage_voucher	apcustomdbl3	double	double	0	medium	avg
m2r_appostage_voucher	apcustomdbl4	double	double	0	medium	avg
m2r_appostage_voucher	apcustomdbl5	double	double	0	medium	avg
m2r_ar_card	arnourut	bigint	bigint	0	medium	sum,count,avg
m2r_ar_card	arid	bigint	bigint	0	medium	sum,count,avg
m2r_ar_card	arkontak	bigint	bigint	0	medium	sum,count,avg
m2r_ar_card	ardebit	double	double	0	medium	avg
m2r_ar_card	arkredit	double	double	0	medium	avg
m2r_ar_card	aruserid	bigint	bigint	0	medium	sum,count,avg
m2r_ar_card	arcustomint1	int	int	0	medium	sum,count,avg
m2r_ar_card	arcustomint2	int	int	0	medium	sum,count,avg
m2r_ar_card	arcustomint3	int	int	0	medium	sum,count,avg
m2r_ar_card	arcustomint4	int	int	0	medium	sum,count,avg
m2r_ar_card	arcustomint5	int	int	0	medium	sum,count,avg
m2r_ar_card	arcustomdbl1	double	double	0	medium	avg
m2r_ar_card	arcustomdbl2	double	double	0	medium	avg
m2r_ar_card	arcustomdbl3	double	double	0	medium	avg
m2r_ar_card	arcustomdbl4	double	double	0	medium	avg
m2r_ar_card	arcustomdbl5	double	double	0	medium	avg
m2r_ar_card_detail	arnourut	bigint	bigint	0	medium	sum,count,avg
m2r_ar_card_detail	arid	bigint	bigint	0	medium	sum,count,avg
m2r_ar_card_detail	arkontak	bigint	bigint	0	medium	sum,count,avg
m2r_ar_card_detail	ardebit	double	double	0	medium	avg
m2r_ar_card_detail	arkredit	double	double	0	medium	avg
m2r_ar_card_detail	aruserid	bigint	bigint	0	medium	sum,count,avg
m2r_ar_card_detail	arcustomint1	int	int	0	medium	sum,count,avg
m2r_ar_card_detail	arcustomint2	int	int	0	medium	sum,count,avg
m2r_ar_card_detail	arcustomint3	int	int	0	medium	sum,count,avg
m2r_ar_card_detail	arcustomint4	int	int	0	medium	sum,count,avg
m2r_ar_card_detail	arcustomint5	int	int	0	medium	sum,count,avg
m2r_ar_card_detail	arcustomdbl1	double	double	0	medium	avg
m2r_ar_card_detail	arcustomdbl2	double	double	0	medium	avg
m2r_ar_card_detail	arcustomdbl3	double	double	0	medium	avg
m2r_ar_card_detail	arcustomdbl4	double	double	0	medium	avg
m2r_ar_card_detail	arcustomdbl5	double	double	0	medium	avg
m2r_ar_voucher	arnourut	bigint	bigint	0	medium	sum,count,avg
m2r_ar_voucher	arid	bigint	bigint	0	medium	sum,count,avg
m2r_ar_voucher	arkontak	bigint	bigint	0	medium	sum,count,avg
m2r_ar_voucher	arbayar	double	double	0	medium	avg
m2r_ar_voucher	arsisa	double	double	0	medium	avg
m2r_ar_voucher	aruserid	bigint	bigint	0	medium	sum,count,avg
m2r_ar_voucher	arcustomint1	int	int	0	medium	sum,count,avg
m2r_ar_voucher	arcustomint2	int	int	0	medium	sum,count,avg
m2r_ar_voucher	arcustomint3	int	int	0	medium	sum,count,avg
m2r_ar_voucher	arcustomint4	int	int	0	medium	sum,count,avg
m2r_ar_voucher	arcustomint5	int	int	0	medium	sum,count,avg
m2r_ar_voucher	arcustomdbl1	double	double	0	medium	avg
m2r_ar_voucher	arcustomdbl2	double	double	0	medium	avg
m2r_ar_voucher	arcustomdbl3	double	double	0	medium	avg
m2r_ar_voucher	arcustomdbl4	double	double	0	medium	avg
m2r_ar_voucher	arcustomdbl5	double	double	0	medium	avg
m2r_ar_voucher_aging	arnourut	bigint	bigint	0	medium	sum,count,avg
m2r_ar_voucher_aging	arid	bigint	bigint	0	medium	sum,count,avg
m2r_ar_voucher_aging	arkontak	bigint	bigint	0	medium	sum,count,avg
m2r_ar_voucher_aging	arbayar	double	double	0	medium	avg
m2r_ar_voucher_aging	arsisa	double	double	0	medium	avg
m2r_ar_voucher_aging	arumur_1	double	double	0	medium	avg
m2r_ar_voucher_aging	arumur1	double	double	0	medium	avg
m2r_ar_voucher_aging	arumur2	double	double	0	medium	avg
m2r_ar_voucher_aging	arumur3	double	double	0	medium	avg
m2r_ar_voucher_aging	arumur4	double	double	0	medium	avg
m2r_ar_voucher_aging	arumur5	double	double	0	medium	avg
m2r_ar_voucher_aging	arumur6	double	double	0	medium	avg
m2r_ar_voucher_aging	arumur7	double	double	0	medium	avg
m2r_ar_voucher_aging	arumur8	double	double	0	medium	avg
m2r_ar_voucher_aging	arumur9	double	double	0	medium	avg
m2r_ar_voucher_aging	arumur10	double	double	0	medium	avg
m2r_ar_voucher_aging	arumur_10	double	double	0	medium	avg
m2r_ar_voucher_aging	aruserid	bigint	bigint	0	medium	sum,count,avg
m2r_ar_voucher_aging	arcustomint1	int	int	0	medium	sum,count,avg
m2r_ar_voucher_aging	arcustomint2	int	int	0	medium	sum,count,avg
m2r_ar_voucher_aging	arcustomint3	int	int	0	medium	sum,count,avg
m2r_ar_voucher_aging	arcustomint4	int	int	0	medium	sum,count,avg
m2r_ar_voucher_aging	arcustomint5	int	int	0	medium	sum,count,avg
m2r_ar_voucher_aging	arcustomdbl1	double	double	0	medium	avg
m2r_ar_voucher_aging	arcustomdbl2	double	double	0	medium	avg
m2r_ar_voucher_aging	arcustomdbl3	double	double	0	medium	avg
m2r_ar_voucher_aging	arcustomdbl4	double	double	0	medium	avg
m2r_ar_voucher_aging	arcustomdbl5	double	double	0	medium	avg
m2r_ar_voucher_aging_detail	arnourut	bigint	bigint	0	medium	sum,count,avg
m2r_ar_voucher_aging_detail	arid	bigint	bigint	0	medium	sum,count,avg
m2r_ar_voucher_aging_detail	arkontak	bigint	bigint	0	medium	sum,count,avg
m2r_ar_voucher_aging_detail	arbayar	double	double	0	medium	avg
m2r_ar_voucher_aging_detail	arsisa	double	double	0	medium	avg
m2r_ar_voucher_aging_detail	arumur_1	double	double	0	medium	avg
m2r_ar_voucher_aging_detail	arumur1	double	double	0	medium	avg
m2r_ar_voucher_aging_detail	arumur2	double	double	0	medium	avg
m2r_ar_voucher_aging_detail	arumur3	double	double	0	medium	avg
m2r_ar_voucher_aging_detail	arumur4	double	double	0	medium	avg
m2r_ar_voucher_aging_detail	arumur5	double	double	0	medium	avg
m2r_ar_voucher_aging_detail	arumur6	double	double	0	medium	avg
m2r_ar_voucher_aging_detail	arumur7	double	double	0	medium	avg
m2r_ar_voucher_aging_detail	arumur8	double	double	0	medium	avg
m2r_ar_voucher_aging_detail	arumur9	double	double	0	medium	avg
m2r_ar_voucher_aging_detail	arumur10	double	double	0	medium	avg
m2r_ar_voucher_aging_detail	arumur_10	double	double	0	medium	avg
m2r_ar_voucher_aging_detail	aruserid	bigint	bigint	0	medium	sum,count,avg
m2r_ar_voucher_aging_detail	arcustomint1	int	int	0	medium	sum,count,avg
m2r_ar_voucher_aging_detail	arcustomint2	int	int	0	medium	sum,count,avg
m2r_ar_voucher_aging_detail	arcustomint3	int	int	0	medium	sum,count,avg
m2r_ar_voucher_aging_detail	arcustomint4	int	int	0	medium	sum,count,avg
m2r_ar_voucher_aging_detail	arcustomint5	int	int	0	medium	sum,count,avg
m2r_ar_voucher_aging_detail	arcustomdbl1	double	double	0	medium	avg
m2r_ar_voucher_aging_detail	arcustomdbl2	double	double	0	medium	avg
m2r_ar_voucher_aging_detail	arcustomdbl3	double	double	0	medium	avg
m2r_ar_voucher_aging_detail	arcustomdbl4	double	double	0	medium	avg
m2r_ar_voucher_aging_detail	arcustomdbl5	double	double	0	medium	avg
m2r_ar_voucher_detail	arnourut	bigint	bigint	0	medium	sum,count,avg
m2r_ar_voucher_detail	arid	bigint	bigint	0	medium	sum,count,avg
m2r_ar_voucher_detail	arkontak	bigint	bigint	0	medium	sum,count,avg
m2r_ar_voucher_detail	arbayar	double	double	0	medium	avg
m2r_ar_voucher_detail	arsisa	double	double	0	medium	avg
m2r_ar_voucher_detail	aruserid	bigint	bigint	0	medium	sum,count,avg
m2r_ar_voucher_detail	arcustomint1	int	int	0	medium	sum,count,avg
m2r_ar_voucher_detail	arcustomint2	int	int	0	medium	sum,count,avg
m2r_ar_voucher_detail	arcustomint3	int	int	0	medium	sum,count,avg
m2r_ar_voucher_detail	arcustomint4	int	int	0	medium	sum,count,avg
m2r_ar_voucher_detail	arcustomint5	int	int	0	medium	sum,count,avg
m2r_ar_voucher_detail	arcustomdbl1	double	double	0	medium	avg
m2r_ar_voucher_detail	arcustomdbl2	double	double	0	medium	avg
m2r_ar_voucher_detail	arcustomdbl3	double	double	0	medium	avg
m2r_ar_voucher_detail	arcustomdbl4	double	double	0	medium	avg
m2r_ar_voucher_detail	arcustomdbl5	double	double	0	medium	avg
m2r_arpostage_card	arnourut	bigint	bigint	0	medium	sum,count,avg
m2r_arpostage_card	arid	bigint	bigint	0	medium	sum,count,avg
m2r_arpostage_card	arkontak	bigint	bigint	0	medium	sum,count,avg
m2r_arpostage_card	ardebit	double	double	0	medium	avg
m2r_arpostage_card	arkredit	double	double	0	medium	avg
m2r_arpostage_card	aruserid	bigint	bigint	0	medium	sum,count,avg
m2r_arpostage_card	arcustomint1	int	int	0	medium	sum,count,avg
m2r_arpostage_card	arcustomint2	int	int	0	medium	sum,count,avg
m2r_arpostage_card	arcustomint3	int	int	0	medium	sum,count,avg
m2r_arpostage_card	arcustomint4	int	int	0	medium	sum,count,avg
m2r_arpostage_card	arcustomint5	int	int	0	medium	sum,count,avg
m2r_arpostage_card	arcustomdbl1	double	double	0	medium	avg
m2r_arpostage_card	arcustomdbl2	double	double	0	medium	avg
m2r_arpostage_card	arcustomdbl3	double	double	0	medium	avg
m2r_arpostage_card	arcustomdbl4	double	double	0	medium	avg
m2r_arpostage_card	arcustomdbl5	double	double	0	medium	avg
m2r_arpostage_voucher	arnourut	bigint	bigint	0	medium	sum,count,avg
m2r_arpostage_voucher	arid	bigint	bigint	0	medium	sum,count,avg
m2r_arpostage_voucher	arkontak	bigint	bigint	0	medium	sum,count,avg
m2r_arpostage_voucher	arbayar	double	double	0	medium	avg
m2r_arpostage_voucher	arsisa	double	double	0	medium	avg
m2r_arpostage_voucher	aruserid	bigint	bigint	0	medium	sum,count,avg
m2r_arpostage_voucher	arcustomint1	int	int	0	medium	sum,count,avg
m2r_arpostage_voucher	arcustomint2	int	int	0	medium	sum,count,avg
m2r_arpostage_voucher	arcustomint3	int	int	0	medium	sum,count,avg
m2r_arpostage_voucher	arcustomint4	int	int	0	medium	sum,count,avg
m2r_arpostage_voucher	arcustomint5	int	int	0	medium	sum,count,avg
m2r_arpostage_voucher	arcustomdbl1	double	double	0	medium	avg
m2r_arpostage_voucher	arcustomdbl2	double	double	0	medium	avg
m2r_arpostage_voucher	arcustomdbl3	double	double	0	medium	avg
m2r_arpostage_voucher	arcustomdbl4	double	double	0	medium	avg
m2r_arpostage_voucher	arcustomdbl5	double	double	0	medium	avg
m2r_aruskas	pktipearuskas	int	int	0	medium	sum,count,avg
m2r_aruskas	pktahun	bigint	bigint	0	medium	sum,count,avg
m2r_aruskas	pkbulan	bigint	bigint	0	medium	sum,count,avg
m2r_aruskas	pktipe	int	int	0	medium	sum,count,avg
m2r_aruskas	pklevel	int	int	0	medium	sum,count,avg
m2r_aruskas	pkuserid	bigint	bigint	0	medium	sum,count,avg
m2r_aruskas	pkcustomint1	int	int	0	medium	sum,count,avg
m2r_aruskas	pkcustomint2	int	int	0	medium	sum,count,avg
m2r_aruskas	pkcustomint3	int	int	0	medium	sum,count,avg
m2r_aruskas	pkcustomint4	int	int	0	medium	sum,count,avg
m2r_aruskas	pkcustomint5	int	int	0	medium	sum,count,avg
m2r_aruskas	pkcustomdbl1	double	double	0	medium	avg
m2r_aruskas	pkcustomdbl2	double	double	0	medium	avg
m2r_aruskas	pkcustomdbl3	double	double	0	medium	avg
m2r_aruskas	pkcustomdbl4	double	double	0	medium	avg
m2r_aruskas	pkcustomdbl5	double	double	0	medium	avg
m2r_barang_dibawah_margin	idbarang	bigint	bigint	0	medium	sum,count,avg
m2r_barang_dibawah_margin	hargajual	double	double	0	medium	avg
m2r_barang_dibawah_margin	hargabeli	double	double	0	medium	avg
m2r_barang_dibawah_margin	userid	bigint	bigint	0	medium	sum,count,avg
m2r_barang_dibawah_margin	customint1	int	int	0	medium	sum,count,avg
m2r_barang_dibawah_margin	customint2	int	int	0	medium	sum,count,avg
m2r_barang_dibawah_margin	customint3	int	int	0	medium	sum,count,avg
m2r_barang_dibawah_margin	customint4	int	int	0	medium	sum,count,avg
m2r_barang_dibawah_margin	customint5	int	int	0	medium	sum,count,avg
m2r_barang_dibawah_margin	customdbl1	double	double	0	medium	avg
m2r_barang_dibawah_margin	customdbl2	double	double	0	medium	avg
m2r_barang_dibawah_margin	customdbl3	double	double	0	medium	avg
m2r_barang_dibawah_margin	customdbl4	double	double	0	medium	avg
m2r_barang_dibawah_margin	customdbl5	double	double	0	medium	avg
m2r_barcode	userid	bigint	bigint	0	medium	sum,count,avg
m2r_barcode	hargabeli	double	double(100,0)	0	medium	avg
m2r_barcode	cstmdbl	double	double(100,0)	0	medium	avg
m2r_batch_pertanggal	bpidbarang	bigint	bigint	0	medium	sum,count,avg
m2r_batch_pertanggal	bpmasuk	double	double	0	medium	avg
m2r_batch_pertanggal	bpkeluar	double	double	0	medium	avg
m2r_batch_pertanggal	bpsisa	double	double	0	medium	avg
m2r_batch_pertanggal	bpuserid	bigint	bigint	0	medium	sum,count,avg
m2r_batch_pertanggal	bpcustomint1	int	int	0	medium	sum,count,avg
m2r_batch_pertanggal	bpcustomint2	int	int	0	medium	sum,count,avg
m2r_batch_pertanggal	bpcustomint3	int	int	0	medium	sum,count,avg
m2r_batch_pertanggal	bpcustomint4	int	int	0	medium	sum,count,avg
m2r_batch_pertanggal	bpcustomint5	int	int	0	medium	sum,count,avg
m2r_batch_pertanggal	bpcustomdbl1	double	double	0	medium	avg
m2r_batch_pertanggal	bpcustomdbl2	double	double	0	medium	avg
m2r_batch_pertanggal	bpcustomdbl3	double	double	0	medium	avg
m2r_batch_pertanggal	bpcustomdbl4	double	double	0	medium	avg
m2r_batch_pertanggal	bpcustomdbl5	double	double	0	medium	avg
m2r_bb_divisi	debit	double	double	0	medium	avg
m2r_bb_divisi	kredit	double	double	0	medium	avg
m2r_bb_divisi	customedbl1	double	double	0	medium	avg
m2r_bb_divisi	jumlah1	double	double	0	medium	avg
m2r_bb_divisi	jumlah2	double	double	0	medium	avg
m2r_bb_divisi	jumlah3	double	double	0	medium	avg
m2r_bb_divisi	jumlah4	double	double	0	medium	avg
m2r_bb_divisi	jumlah5	double	double	0	medium	avg
m2r_bb_divisi	jumlah6	double	double	0	medium	avg
m2r_bb_divisi	jumlah7	double	double	0	medium	avg
m2r_bp_card	bpnourut	bigint	bigint	0	medium	sum,count,avg
m2r_bp_card	bpid	bigint	bigint	0	medium	sum,count,avg
m2r_bp_card	bpkontak	bigint	bigint	0	medium	sum,count,avg
m2r_bp_card	bpdebit	double	double	0	medium	avg
m2r_bp_card	bpkredit	double	double	0	medium	avg
m2r_bp_card	bpuserid	bigint	bigint	0	medium	sum,count,avg
m2r_bp_card	bpcustomint1	int	int	0	medium	sum,count,avg
m2r_bp_card	bpcustomint2	int	int	0	medium	sum,count,avg
m2r_bp_card	bpcustomint3	int	int	0	medium	sum,count,avg
m2r_bp_card	bpcustomint4	int	int	0	medium	sum,count,avg
m2r_bp_card	bpcustomint5	int	int	0	medium	sum,count,avg
m2r_bp_card	bpcustomdbl1	double	double	0	medium	avg
m2r_bp_card	bpcustomdbl2	double	double	0	medium	avg
m2r_bp_card	bpcustomdbl3	double	double	0	medium	avg
m2r_bp_card	bpcustomdbl4	double	double	0	medium	avg
m2r_bp_card	bpcustomdbl5	double	double	0	medium	avg
m2r_bukubesar_akunlawan	kbhid	bigint	bigint	0	medium	sum,count,avg
m2r_bukubesar_akunlawan	kbhkontak	bigint	bigint	0	medium	sum,count,avg
m2r_bukubesar_akunlawan	kbhidtransaksi	bigint	bigint	0	medium	sum,count,avg
m2r_bukubesar_akunlawan	kbhkurs	double	double	0	medium	avg
m2r_bukubesar_akunlawan	kbhdebit	double	double	0	medium	avg
m2r_bukubesar_akunlawan	kbhkredit	double	double	0	medium	avg
m2r_bukubesar_akunlawan	kbhidlawan	bigint	bigint	0	medium	sum,count,avg
m2r_bukubesar_akunlawan	kbhdebitlawan	double	double	0	medium	avg
m2r_bukubesar_akunlawan	kbhkreditlawan	double	double	0	medium	avg
m2r_bukubesar_akunlawan	kbhjumlah	double	double	0	medium	avg
m2r_bukubesar_akunlawan	kbhuserid	bigint	bigint	0	medium	sum,count,avg
m2r_bukubesar_akunlawan	kbhcustomint1	int	int	0	medium	sum,count,avg
m2r_bukubesar_akunlawan	kbhcustomint2	int	int	0	medium	sum,count,avg
m2r_bukubesar_akunlawan	kbhcustomint3	int	int	0	medium	sum,count,avg
m2r_bukubesar_akunlawan	kbhcustomint4	int	int	0	medium	sum,count,avg
m2r_bukubesar_akunlawan	kbhcustomint5	int	int	0	medium	sum,count,avg
m2r_bukubesar_akunlawan	kbhcustomdbl1	double	double	0	medium	avg
m2r_bukubesar_akunlawan	kbhcustomdbl2	double	double	0	medium	avg
m2r_bukubesar_akunlawan	kbhcustomdbl3	double	double	0	medium	avg
m2r_bukubesar_akunlawan	kbhcustomdbl4	double	double	0	medium	avg
m2r_bukubesar_akunlawan	kbhcustomdbl5	double	double	0	medium	avg
m2r_cekfifo	id	bigint	bigint unsigned	0	medium	sum,count,avg
m2r_cekfifo	idutama	bigint	bigint	0	medium	sum,count,avg
m2r_cekfifo	iddetail	bigint	bigint	0	medium	sum,count,avg
m2r_cekfifo	idbarang	bigint	bigint	0	medium	sum,count,avg
m2r_cekfifo	jmlbarang	double	double	0	medium	avg
m2r_cekfifo	hpp	double	double	0	medium	avg
m2r_cekfifo	customint10	int	int	0	medium	sum,count,avg
m2r_customer_point	cpnourut	bigint	bigint	0	medium	sum,count,avg
m2r_customer_point	cpidtransaksi	bigint	bigint	0	medium	sum,count,avg
m2r_customer_point	cpkontak	bigint	bigint	0	medium	sum,count,avg
m2r_customer_point	cppetugas	bigint	bigint	0	medium	sum,count,avg
m2r_customer_point	cpmasuk	double	double	0	medium	avg
m2r_customer_point	cpkeluar	double	double	0	medium	avg
m2r_customer_point	cpuserid	bigint	bigint	0	medium	sum,count,avg
m2r_customer_point	cpcustomint1	int	int	0	medium	sum,count,avg
m2r_customer_point	cpcustomint2	int	int	0	medium	sum,count,avg
m2r_customer_point	cpcustomint3	int	int	0	medium	sum,count,avg
m2r_customer_point	cpcustomint4	int	int	0	medium	sum,count,avg
m2r_customer_point	cpcustomint5	int	int	0	medium	sum,count,avg
m2r_customer_point	cpcustomdbl1	double	double	0	medium	avg
m2r_customer_point	cpcustomdbl2	double	double	0	medium	avg
m2r_customer_point	cpcustomdbl3	double	double	0	medium	avg
m2r_customer_point	cpcustomdbl4	double	double	0	medium	avg
m2r_customer_point	cpcustomdbl5	double	double	0	medium	avg
m2r_general_ledger	glnourut	bigint	bigint	0	medium	sum,count,avg
m2r_general_ledger	glid	bigint	bigint	0	medium	sum,count,avg
m2r_general_ledger	glkontak	bigint	bigint	0	medium	sum,count,avg
m2r_general_ledger	glkurs	double	double	0	medium	avg
m2r_general_ledger	gldebit	double	double	0	medium	avg
m2r_general_ledger	glkredit	double	double	0	medium	avg
m2r_general_ledger	gluserid	bigint	bigint	0	medium	sum,count,avg
m2r_general_ledger	glcustomint1	int	int	0	medium	sum,count,avg
m2r_general_ledger	glcustomint2	int	int	0	medium	sum,count,avg
m2r_general_ledger	glcustomint3	int	int	0	medium	sum,count,avg
m2r_general_ledger	glcustomint4	int	int	0	medium	sum,count,avg
m2r_general_ledger	glcustomint5	int	int	0	medium	sum,count,avg
m2r_general_ledger	glcustomdbl1	double	double	0	medium	avg
m2r_general_ledger	glcustomdbl2	double	double	0	medium	avg
m2r_general_ledger	glcustomdbl3	double	double	0	medium	avg
m2r_general_ledger	glcustomdbl4	double	double	0	medium	avg
m2r_general_ledger	glcustomdbl5	double	double	0	medium	avg
m2r_general_ledger_detail	bpnourut	bigint	bigint	0	medium	sum,count,avg
m2r_general_ledger_detail	bpid	bigint	bigint	0	medium	sum,count,avg
m2r_general_ledger_detail	bpkontak	bigint	bigint	0	medium	sum,count,avg
m2r_general_ledger_detail	bpdebit	double	double	0	medium	avg
m2r_general_ledger_detail	bpkredit	double	double	0	medium	avg
m2r_general_ledger_detail	bpuserid	bigint	bigint	0	medium	sum,count,avg
m2r_general_ledger_detail	bpcustomint1	int	int	0	medium	sum,count,avg
m2r_general_ledger_detail	bpcustomint2	int	int	0	medium	sum,count,avg
m2r_general_ledger_detail	bpcustomint3	int	int	0	medium	sum,count,avg
m2r_general_ledger_detail	bpcustomint4	int	int	0	medium	sum,count,avg
m2r_general_ledger_detail	bpcustomint5	int	int	0	medium	sum,count,avg
m2r_general_ledger_detail	bpcustomdbl1	double	double	0	medium	avg
m2r_general_ledger_detail	bpcustomdbl2	double	double	0	medium	avg
m2r_general_ledger_detail	bpcustomdbl3	double	double	0	medium	avg
m2r_general_ledger_detail	bpcustomdbl4	double	double	0	medium	avg
m2r_general_ledger_detail	bpcustomdbl5	double	double	0	medium	avg
m2r_giro_voucher	glnourut	bigint	bigint	0	medium	sum,count,avg
m2r_giro_voucher	glidtransaksi	bigint	bigint	0	medium	sum,count,avg
m2r_giro_voucher	glkontak	bigint	bigint	0	medium	sum,count,avg
m2r_giro_voucher	glkurs	double	double	0	medium	avg
m2r_giro_voucher	gljumlah	double	double	0	medium	avg
m2r_giro_voucher	gljumlahvalas	double	double	0	medium	avg
m2r_giro_voucher	glurutan	int	int	0	medium	sum,count,avg
m2r_giro_voucher	glcairtrans	int	int	0	medium	sum,count,avg
m2r_giro_voucher	glisfungsional	int	int	0	medium	sum,count,avg
m2r_giro_voucher	gluserid	bigint	bigint	0	medium	sum,count,avg
m2r_giro_voucher	glcustomint1	int	int	0	medium	sum,count,avg
m2r_giro_voucher	glcustomint2	int	int	0	medium	sum,count,avg
m2r_giro_voucher	glcustomint3	int	int	0	medium	sum,count,avg
m2r_giro_voucher	glcustomint4	int	int	0	medium	sum,count,avg
m2r_giro_voucher	glcustomint5	int	int	0	medium	sum,count,avg
m2r_giro_voucher	glcustomdbl1	double	double	0	medium	avg
m2r_giro_voucher	glcustomdbl2	double	double	0	medium	avg
m2r_giro_voucher	glcustomdbl3	double	double	0	medium	avg
m2r_giro_voucher	glcustomdbl4	double	double	0	medium	avg
m2r_giro_voucher	glcustomdbl5	double	double	0	medium	avg
m2r_giro_voucher_aging	glnourut	bigint	bigint	0	medium	sum,count,avg
m2r_giro_voucher_aging	glidtransaksi	bigint	bigint	0	medium	sum,count,avg
m2r_giro_voucher_aging	glkontak	bigint	bigint	0	medium	sum,count,avg
m2r_giro_voucher_aging	glkurs	double	double	0	medium	avg
m2r_giro_voucher_aging	gljumlah	double	double	0	medium	avg
m2r_giro_voucher_aging	gljumlahvalas	double	double	0	medium	avg
m2r_giro_voucher_aging	glurutan	int	int	0	medium	sum,count,avg
m2r_giro_voucher_aging	glcairtrans	int	int	0	medium	sum,count,avg
m2r_giro_voucher_aging	glisfungsional	int	int	0	medium	sum,count,avg
m2r_giro_voucher_aging	glumur_1	double	double	0	medium	avg
m2r_giro_voucher_aging	glumur1	double	double	0	medium	avg
m2r_giro_voucher_aging	glumur2	double	double	0	medium	avg
m2r_giro_voucher_aging	glumur3	double	double	0	medium	avg
m2r_giro_voucher_aging	glumur4	double	double	0	medium	avg
m2r_giro_voucher_aging	glumur5	double	double	0	medium	avg
m2r_giro_voucher_aging	glumur6	double	double	0	medium	avg
m2r_giro_voucher_aging	glumur7	double	double	0	medium	avg
m2r_giro_voucher_aging	glumur8	double	double	0	medium	avg
m2r_giro_voucher_aging	glumur9	double	double	0	medium	avg
m2r_giro_voucher_aging	glumur10	double	double	0	medium	avg
m2r_giro_voucher_aging	glumur_10	double	double	0	medium	avg
m2r_giro_voucher_aging	gluserid	bigint	bigint	0	medium	sum,count,avg
m2r_giro_voucher_aging	glcustomint1	int	int	0	medium	sum,count,avg
m2r_giro_voucher_aging	glcustomint2	int	int	0	medium	sum,count,avg
m2r_giro_voucher_aging	glcustomint3	int	int	0	medium	sum,count,avg
m2r_giro_voucher_aging	glcustomint4	int	int	0	medium	sum,count,avg
m2r_giro_voucher_aging	glcustomint5	int	int	0	medium	sum,count,avg
m2r_giro_voucher_aging	glcustomdbl1	double	double	0	medium	avg
m2r_giro_voucher_aging	glcustomdbl2	double	double	0	medium	avg
m2r_giro_voucher_aging	glcustomdbl3	double	double	0	medium	avg
m2r_giro_voucher_aging	glcustomdbl4	double	double	0	medium	avg
m2r_giro_voucher_aging	glcustomdbl5	double	double	0	medium	avg
m2r_hpp_produksi	plevel	int	int	0	medium	sum,count,avg
m2r_hpp_produksi	pnilai	int	int	0	medium	sum,count,avg
m2r_hpp_produksi	pnilai1	double	double	0	medium	avg
m2r_hpp_produksi	pnilai2	double	double	0	medium	avg
m2r_hpp_produksi	pnilai3	double	double	0	medium	avg
m2r_hpp_produksi	pnilai4	double	double	0	medium	avg
m2r_hpp_produksi	pnilai5	double	double	0	medium	avg
m2r_hpp_produksi	purutan	int	int	0	medium	sum,count,avg
m2r_hpp_produksi	puserid	bigint	bigint	0	medium	sum,count,avg
m2r_hpp_produksi	pcustomint1	int	int	0	medium	sum,count,avg
m2r_hpp_produksi	pcustomint2	int	int	0	medium	sum,count,avg
m2r_hpp_produksi	pcustomint3	int	int	0	medium	sum,count,avg
m2r_hpp_produksi	pcustomint4	int	int	0	medium	sum,count,avg
m2r_hpp_produksi	pcustomint5	int	int	0	medium	sum,count,avg
m2r_hpp_produksi	pcustomdbl1	double	double	0	medium	avg
m2r_hpp_produksi	pcustomdbl2	double	double	0	medium	avg
m2r_hpp_produksi	pcustomdbl3	double	double	0	medium	avg
m2r_hpp_produksi	pcustomdbl4	double	double	0	medium	avg
m2r_hpp_produksi	pcustomdbl5	double	double	0	medium	avg
m2r_inventory_aging	ksnourut	bigint	bigint	0	medium	sum,count,avg
m2r_inventory_aging	ksid	bigint	bigint	0	medium	sum,count,avg
m2r_inventory_aging	ksidbarang	bigint	bigint	0	medium	sum,count,avg
m2r_inventory_aging	kskontak	bigint	bigint	0	medium	sum,count,avg
m2r_inventory_aging	kskurs	double	double	0	medium	avg
m2r_inventory_aging	ksharga	double	double	0	medium	avg
m2r_inventory_aging	ksjmldiskon	double	double	0	medium	avg
m2r_inventory_aging	ksjmlmasuk	double	double	0	medium	avg
m2r_inventory_aging	kshargamasuk	double	double	0	medium	avg
m2r_inventory_aging	ksnilaimasuk	double	double	0	medium	avg
m2r_inventory_aging	ksjmlkeluar	double	double	0	medium	avg
m2r_inventory_aging	kshargakeluar	double	double	0	medium	avg
m2r_inventory_aging	ksnilaikeluar	double	double	0	medium	avg
m2r_inventory_aging	ksuserid	bigint	bigint	0	medium	sum,count,avg
m2r_inventory_aging	kscustomint1	int	int	0	medium	sum,count,avg
m2r_inventory_aging	kscustomint2	int	int	0	medium	sum,count,avg
m2r_inventory_aging	kscustomint3	int	int	0	medium	sum,count,avg
m2r_inventory_aging	kscustomint4	int	int	0	medium	sum,count,avg
m2r_inventory_aging	kscustomint5	int	int	0	medium	sum,count,avg
m2r_inventory_aging	kscustomdbl1	double	double	0	medium	avg
m2r_inventory_aging	kscustomdbl2	double	double	0	medium	avg
m2r_inventory_aging	kscustomdbl3	double	double	0	medium	avg
m2r_inventory_aging	kscustomdbl4	double	double	0	medium	avg
m2r_inventory_aging	kscustomdbl5	double	double	0	medium	avg
m2r_inventory_aging	kscustomdbl6	double	double	0	medium	avg
m2r_inventory_aging	kscustomdbl7	double	double	0	medium	avg
m2r_inventory_aging	kscustomdbl8	double	double	0	medium	avg
m2r_inventory_aging	kscustomdbl9	double	double	0	medium	avg
m2r_inventory_aging	kscustomdbl10	double	double	0	medium	avg
m2r_ip_card	arnourut	bigint	bigint	0	medium	sum,count,avg
m2r_ip_card	arid	bigint	bigint	0	medium	sum,count,avg
m2r_ip_card	arkontak	bigint	bigint	0	medium	sum,count,avg
m2r_ip_card	ardebit	double	double	0	medium	avg
m2r_ip_card	arkredit	double	double	0	medium	avg
m2r_ip_card	aruserid	bigint	bigint	0	medium	sum,count,avg
m2r_ip_card	arcustomint1	int	int	0	medium	sum,count,avg
m2r_ip_card	arcustomint2	int	int	0	medium	sum,count,avg
m2r_ip_card	arcustomint3	int	int	0	medium	sum,count,avg
m2r_ip_card	arcustomint4	int	int	0	medium	sum,count,avg
m2r_ip_card	arcustomint5	int	int	0	medium	sum,count,avg
m2r_ip_card	arcustomdbl1	double	double	0	medium	avg
m2r_ip_card	arcustomdbl2	double	double	0	medium	avg
m2r_ip_card	arcustomdbl3	double	double	0	medium	avg
m2r_ip_card	arcustomdbl4	double	double	0	medium	avg
m2r_ip_card	arcustomdbl5	double	double	0	medium	avg
m2r_ip_list	ipid	bigint	bigint	0	medium	sum,count,avg
m2r_ip_list	ipkontak	bigint	bigint	0	medium	sum,count,avg
m2r_ip_list	ipjumlah	double	double	0	medium	avg
m2r_ip_list	ipjumlahvalas	double	double	0	medium	avg
m2r_ip_list	ipjumlahbayar	double	double	0	medium	avg
m2r_ip_list	ipjumlahbayarvalas	double	double	0	medium	avg
m2r_ip_list	ipsisa	double	double	0	medium	avg
m2r_ip_list	ipsisavalas	double	double	0	medium	avg
m2r_ip_list	pvid	bigint	bigint	0	medium	sum,count,avg
m2r_ip_list	pviddetail	bigint	bigint	0	medium	sum,count,avg
m2r_ip_list	pvcustomer	bigint	bigint	0	medium	sum,count,avg
m2r_ip_list	pvjumlahbayar	double	double	0	medium	avg
m2r_ip_list	pvjumlahbayarvalas	double	double	0	medium	avg
m2r_ip_list	ipuserid	bigint	bigint	0	medium	sum,count,avg
m2r_ip_list	ipcustomint1	int	int	0	medium	sum,count,avg
m2r_ip_list	ipcustomint2	int	int	0	medium	sum,count,avg
m2r_ip_list	ipcustomint3	int	int	0	medium	sum,count,avg
m2r_ip_list	ipcustomint4	int	int	0	medium	sum,count,avg
m2r_ip_list	ipcustomint5	int	int	0	medium	sum,count,avg
m2r_ip_list	ipcustomdbl1	double	double	0	medium	avg
m2r_ip_list	ipcustomdbl2	double	double	0	medium	avg
m2r_ip_list	ipcustomdbl3	double	double	0	medium	avg
m2r_ip_list	ipcustomdbl4	double	double	0	medium	avg
m2r_ip_list	ipcustomdbl5	double	double	0	medium	avg
m2r_ip_voucher	arnourut	bigint	bigint	0	medium	sum,count,avg
m2r_ip_voucher	arid	bigint	bigint	0	medium	sum,count,avg
m2r_ip_voucher	arkontak	bigint	bigint	0	medium	sum,count,avg
m2r_ip_voucher	arbayar	double	double	0	medium	avg
m2r_ip_voucher	arsisa	double	double	0	medium	avg
m2r_ip_voucher	aruserid	bigint	bigint	0	medium	sum,count,avg
m2r_ip_voucher	arcustomint1	int	int	0	medium	sum,count,avg
m2r_ip_voucher	arcustomint2	int	int	0	medium	sum,count,avg
m2r_ip_voucher	arcustomint3	int	int	0	medium	sum,count,avg
m2r_ip_voucher	arcustomint4	int	int	0	medium	sum,count,avg
m2r_ip_voucher	arcustomint5	int	int	0	medium	sum,count,avg
m2r_ip_voucher	arcustomdbl1	double	double	0	medium	avg
m2r_ip_voucher	arcustomdbl2	double	double	0	medium	avg
m2r_ip_voucher	arcustomdbl3	double	double	0	medium	avg
m2r_ip_voucher	arcustomdbl4	double	double	0	medium	avg
m2r_ip_voucher	arcustomdbl5	double	double	0	medium	avg
m2r_item_stock_global	idbarang	bigint	bigint	0	medium	sum,count,avg
m2r_item_stock_global	stok	double	double	0	medium	avg
m2r_item_stock_global	nilai	double	double	0	medium	avg
m2r_item_stock_out	idbarang	bigint	bigint	0	medium	sum,count,avg
m2r_item_stock_out	tahun	int	int	0	medium	sum,count,avg
m2r_item_stock_out	bulan	int	int	0	medium	sum,count,avg
m2r_item_stock_out	stok	double	double	0	medium	avg
m2r_kartu_stok	ksnourut	bigint	bigint	0	medium	sum,count,avg
m2r_kartu_stok	ksid	bigint	bigint	0	medium	sum,count,avg
m2r_kartu_stok	ksidbarang	bigint	bigint	0	medium	sum,count,avg
m2r_kartu_stok	kskontak	bigint	bigint	0	medium	sum,count,avg
m2r_kartu_stok	kskurs	double	double	0	medium	avg
m2r_kartu_stok	ksharga	double	double	0	medium	avg
m2r_kartu_stok	ksjmldiskon	double	double	0	medium	avg
m2r_kartu_stok	ksjmlmasuk	double	double	0	medium	avg
m2r_kartu_stok	kshargamasuk	double	double	0	medium	avg
m2r_kartu_stok	ksnilaimasuk	double	double	0	medium	avg
m2r_kartu_stok	ksjmlkeluar	double	double	0	medium	avg
m2r_kartu_stok	kshargakeluar	double	double	0	medium	avg
m2r_kartu_stok	ksnilaikeluar	double	double	0	medium	avg
m2r_kartu_stok	ksuserid	bigint	bigint	0	medium	sum,count,avg
m2r_kartu_stok	kscustomint1	int	int	0	medium	sum,count,avg
m2r_kartu_stok	kscustomint2	int	int	0	medium	sum,count,avg
m2r_kartu_stok	kscustomint3	int	int	0	medium	sum,count,avg
m2r_kartu_stok	kscustomint4	int	int	0	medium	sum,count,avg
m2r_kartu_stok	kscustomint5	int	int	0	medium	sum,count,avg
m2r_kartu_stok	kscustomdbl1	double	double	0	medium	avg
m2r_kartu_stok	kscustomdbl2	double	double	0	medium	avg
m2r_kartu_stok	kscustomdbl3	double	double	0	medium	avg
m2r_kartu_stok	kscustomdbl4	double	double	0	medium	avg
m2r_kartu_stok	kscustomdbl5	double	double	0	medium	avg
m2r_kasbank_harian	kbhid	bigint	bigint	0	medium	sum,count,avg
m2r_kasbank_harian	kbhkontak	bigint	bigint	0	medium	sum,count,avg
m2r_kasbank_harian	kbhidtransaksi	bigint	bigint	0	medium	sum,count,avg
m2r_kasbank_harian	kbhkurs	double	double	0	medium	avg
m2r_kasbank_harian	kbhdebit	double	double	0	medium	avg
m2r_kasbank_harian	kbhkredit	double	double	0	medium	avg
m2r_kasbank_harian	kbhidlawan	bigint	bigint	0	medium	sum,count,avg
m2r_kasbank_harian	kbhdebitlawan	double	double	0	medium	avg
m2r_kasbank_harian	kbhkreditlawan	double	double	0	medium	avg
m2r_kasbank_harian	kbhjumlah	double	double	0	medium	avg
m2r_kasbank_harian	kbhuserid	bigint	bigint	0	medium	sum,count,avg
m2r_kasbank_harian	kbhcustomint1	int	int	0	medium	sum,count,avg
m2r_kasbank_harian	kbhcustomint2	int	int	0	medium	sum,count,avg
m2r_kasbank_harian	kbhcustomint3	int	int	0	medium	sum,count,avg
m2r_kasbank_harian	kbhcustomint4	int	int	0	medium	sum,count,avg
m2r_kasbank_harian	kbhcustomint5	int	int	0	medium	sum,count,avg
m2r_kasbank_harian	kbhcustomdbl1	double	double	0	medium	avg
m2r_kasbank_harian	kbhcustomdbl2	double	double	0	medium	avg
m2r_kasbank_harian	kbhcustomdbl3	double	double	0	medium	avg
m2r_kasbank_harian	kbhcustomdbl4	double	double	0	medium	avg
m2r_kasbank_harian	kbhcustomdbl5	double	double	0	medium	avg
m2r_komisi_abd	nourut	bigint	bigint	0	medium	sum,count,avg
m2r_komisi_abd	userid	bigint	bigint	0	medium	sum,count,avg
m2r_komisi_abd	jumlah	double	double	0	medium	avg
m2r_komisi_limo	idsalesman	bigint	bigint	0	medium	sum,count,avg
m2r_komisi_limo	idtransaksi	bigint	bigint	0	medium	sum,count,avg
m2r_komisi_limo	idcustomer	bigint	bigint	0	medium	sum,count,avg
m2r_komisi_limo	idpelunasan	bigint	bigint	0	medium	sum,count,avg
m2r_komisi_limo	jarakpelunasan	double	double	0	medium	avg
m2r_komisi_limo	terbayar	double	double	0	medium	avg
m2r_komisi_limo	sisa	double	double	0	medium	avg
m2r_komisi_limo	bayar	double	double	0	medium	avg
m2r_komisi_limo	komisi1	double	double	0	medium	avg
m2r_komisi_limo	jml1	double	double	0	medium	avg
m2r_komisi_limo	komisi2	double	double	0	medium	avg
m2r_komisi_limo	jml2	double	double	0	medium	avg
m2r_komisi_limo	komisi3	double	double	0	medium	avg
m2r_komisi_limo	jml3	double	double	0	medium	avg
m2r_komisi_limo	komisi4	double	double	0	medium	avg
m2r_komisi_limo	jml4	double	double	0	medium	avg
m2r_komisi_limo	komisi5	double	double	0	medium	avg
m2r_komisi_limo	jml5	double	double	0	medium	avg
m2r_komisi_limo	komisi6	double	double	0	medium	avg
m2r_komisi_limo	jml6	double	double	0	medium	avg
m2r_komisi_limo	jmlkomisi6	double	double	0	medium	avg
m2r_komisi_limo	komisi7	double	double	0	medium	avg
m2r_komisi_limo	retur	double	double	0	medium	avg
m2r_komisi_limo	userid	bigint	bigint	0	medium	sum,count,avg
m2r_komisi_limo	customint1	int	int	0	medium	sum,count,avg
m2r_komisi_limo	customint2	int	int	0	medium	sum,count,avg
m2r_komisi_limo	customint3	int	int	0	medium	sum,count,avg
m2r_komisi_limo	customint4	int	int	0	medium	sum,count,avg
m2r_komisi_limo	customint5	int	int	0	medium	sum,count,avg
m2r_komisi_limo	customdbl1	double	double	0	medium	avg
m2r_komisi_limo	customdbl2	double	double	0	medium	avg
m2r_komisi_limo	customdbl3	double	double	0	medium	avg
m2r_komisi_limo	customdbl4	double	double	0	medium	avg
m2r_komisi_limo	customdbl5	double	double	0	medium	avg
m2r_laba_pertahun	pkurut	int	int	0	medium	sum,count,avg
m2r_laba_pertahun	pktahun	bigint	bigint	0	medium	sum,count,avg
m2r_laba_pertahun	pkbulan	bigint	bigint	0	medium	sum,count,avg
m2r_laba_pertahun	pktipe	int	int	0	medium	sum,count,avg
m2r_laba_pertahun	pklevel	int	int	0	medium	sum,count,avg
m2r_laba_pertahun	pkleveldata	int	int	0	medium	sum,count,avg
m2r_laba_pertahun	pkdebit	double	double	0	medium	avg
m2r_laba_pertahun	pkkredit	double	double	0	medium	avg
m2r_laba_pertahun	pkdebitlalu	double	double	0	medium	avg
m2r_laba_pertahun	pkkreditlalu	double	double	0	medium	avg
m2r_laba_pertahun	pkdebitvariasi	double	double	0	medium	avg
m2r_laba_pertahun	pkkreditvariasi	double	double	0	medium	avg
m2r_laba_pertahun	pkuserid	bigint	bigint	0	medium	sum,count,avg
m2r_laba_pertahun	pkdebit1	double	double	0	medium	avg
m2r_laba_pertahun	pkkredit1	double	double	0	medium	avg
m2r_laba_pertahun	pkdebit2	double	double	0	medium	avg
m2r_laba_pertahun	pkkredit2	double	double	0	medium	avg
m2r_laba_pertahun	pkdebit3	double	double	0	medium	avg
m2r_laba_pertahun	pkkredit3	double	double	0	medium	avg
m2r_laba_pertahun	pkdebit4	double	double	0	medium	avg
m2r_laba_pertahun	pkkredit4	double	double	0	medium	avg
m2r_laba_pertahun	pkdebit5	double	double	0	medium	avg
m2r_laba_pertahun	pkkredit5	double	double	0	medium	avg
m2r_laba_pertahun	pkdebit6	double	double	0	medium	avg
m2r_laba_pertahun	pkkredit6	double	double	0	medium	avg
m2r_laba_pertahun	pkdebit7	double	double	0	medium	avg
m2r_laba_pertahun	pkkredit7	double	double	0	medium	avg
m2r_laba_pertahun	pkdebit8	double	double	0	medium	avg
m2r_laba_pertahun	pkkredit8	double	double	0	medium	avg
m2r_laba_pertahun	pkdebit9	double	double	0	medium	avg
m2r_laba_pertahun	pkkredit9	double	double	0	medium	avg
m2r_laba_pertahun	pkdebit10	double	double	0	medium	avg
m2r_laba_pertahun	pkkredit10	double	double	0	medium	avg
m2r_laba_pertahun	pkdebit11	double	double	0	medium	avg
m2r_laba_pertahun	pkkredit11	double	double	0	medium	avg
m2r_laba_pertahun	pkdebit12	double	double	0	medium	avg
m2r_laba_pertahun	pkkredit12	double	double	0	medium	avg
m2r_laba_pertahun	pkcustomint1	int	int	0	medium	sum,count,avg
m2r_laba_pertahun	pkcustomint2	int	int	0	medium	sum,count,avg
m2r_laba_pertahun	pkcustomint3	int	int	0	medium	sum,count,avg
m2r_laba_pertahun	pkcustomint4	int	int	0	medium	sum,count,avg
m2r_laba_pertahun	pkcustomint5	int	int	0	medium	sum,count,avg
m2r_laba_pertahun	pkcustomdbl1	double	double	0	medium	avg
m2r_laba_pertahun	pkcustomdbl2	double	double	0	medium	avg
m2r_laba_pertahun	pkcustomdbl3	double	double	0	medium	avg
m2r_laba_pertahun	pkcustomdbl4	double	double	0	medium	avg
m2r_laba_pertahun	pkcustomdbl5	double	double	0	medium	avg
m2r_laporan_harian	lhgrup	bigint	bigint	0	medium	sum,count,avg
m2r_laporan_harian	lhurutan	double	double	0	medium	avg
m2r_laporan_harian	lhfdn	double	double	0	medium	avg
m2r_laporan_harian	lhcussons	double	double	0	medium	avg
m2r_laporan_harian	lhsoftex	double	double	0	medium	avg
m2r_laporan_harian	lhulipsr	double	double	0	medium	avg
m2r_laporan_harian	lhulilmj	double	double	0	medium	avg
m2r_laporan_harian	lhuserid	bigint	bigint	0	medium	sum,count,avg
m2r_laporan_harian	lhcustomint1	int	int	0	medium	sum,count,avg
m2r_laporan_harian	lhcustomint2	int	int	0	medium	sum,count,avg
m2r_laporan_harian	lhcustomint3	int	int	0	medium	sum,count,avg
m2r_laporan_harian	lhcustomint4	int	int	0	medium	sum,count,avg
m2r_laporan_harian	lhcustomint5	int	int	0	medium	sum,count,avg
m2r_laporan_harian	lhcustomdbl1	double	double	0	medium	avg
m2r_laporan_harian	lhcustomdbl2	double	double	0	medium	avg
m2r_laporan_harian	lhcustomdbl3	double	double	0	medium	avg
m2r_laporan_harian	lhcustomdbl4	double	double	0	medium	avg
m2r_laporan_harian	lhcustomdbl5	double	double	0	medium	avg
m2r_laporan_penjualan	userid	bigint	bigint	0	medium	sum,count,avg
m2r_laporan_penjualan	urutan	int	int	0	medium	sum,count,avg
m2r_laporan_penjualan	sijmlbayar	double	double	0	medium	avg
m2r_laporan_penjualan	sijmlkembali	double	double	0	medium	avg
m2r_laporan_penjualan	siid	bigint	bigint	0	medium	sum,count,avg
m2r_laporan_penjualan	kode	int	int	0	medium	sum,count,avg
m2r_laporan_penjualan	jumlah	double	double(50,0)	0	medium	avg
m2r_laporan_penjualan	jumlahvalas	double	double(50,0)	0	medium	avg
m2r_laporan_penjualan	kid	bigint	bigint	0	medium	sum,count,avg
m2r_laporan_penjualan	kcustomdbl1	double	double(50,0)	0	medium	avg
m2r_laporan_penjualan	caption	double	double(10,0)	0	medium	avg
m2r_laporan_penjualan	cash	double	double(50,0)	0	medium	avg
m2r_laporan_penjualan	shu	double	double(50,0)	0	medium	avg
m2r_laporan_penjualan	kuponPTSI	double	double(50,0)	0	medium	avg
m2r_laporan_penjualan	kuponKWSG	double	double(50,0)	0	medium	avg
m2r_laporan_penjualan	kartukredit	double	double(50,0)	0	medium	avg
m2r_laporan_penjualan	kartudebit	double	double(50,0)	0	medium	avg
m2r_laporan_penjualan	voucher	double	double(50,0)	0	medium	avg
m2r_laporan_penjualan	kredit	double	double(50,0)	0	medium	avg
m2r_lr_invoice_detail	lrnilaipenjualan	double	double	0	medium	avg
m2r_lr_invoice_detail	lrhargapokok	double	double	0	medium	avg
m2r_lr_invoice_detail	lrlabarugi	double	double	0	medium	avg
m2r_lr_invoice_detail	lrmargin	double	double	0	medium	avg
m2r_lr_invoice_detail	lridbarang	int	int	0	medium	sum,count,avg
m2r_lr_invoice_detail	lrjml	double	double(11,0)	0	medium	avg
m2r_lr_invoice_detail	lrcustomint1	int	int	0	medium	sum,count,avg
m2r_lr_invoice_detail	lrcustomint2	int	int	0	medium	sum,count,avg
m2r_lr_invoice_detail	lrcustomint3	int	int	0	medium	sum,count,avg
m2r_lr_invoice_detail	lrcustomint4	int	int	0	medium	sum,count,avg
m2r_lr_invoice_detail	lrcustomint5	int	int	0	medium	sum,count,avg
m2r_lr_invoice_detail	lrcustomdbl1	double	double	0	medium	avg
m2r_lr_invoice_detail	lrcustomdbl2	double	double	0	medium	avg
m2r_lr_invoice_detail	lrcustomdbl3	double	double	0	medium	avg
m2r_lr_invoice_detail	lrcustomdbl4	double	double	0	medium	avg
m2r_lr_invoice_detail	lrcustomdbl5	double	double	0	medium	avg
m2r_lr_invoice_global	lrnilaipenjualan	double	double	0	medium	avg
m2r_lr_invoice_global	lrhargapokok	double	double	0	medium	avg
m2r_lr_invoice_global	lrlabarugi	double	double	0	medium	avg
m2r_lr_invoice_global	lrmargin	double	double	0	medium	avg
m2r_lr_invoice_global	lrcustomint1	int	int	0	medium	sum,count,avg
m2r_lr_invoice_global	lrcustomint2	int	int	0	medium	sum,count,avg
m2r_lr_invoice_global	lrcustomint3	int	int	0	medium	sum,count,avg
m2r_lr_invoice_global	lrcustomint4	int	int	0	medium	sum,count,avg
m2r_lr_invoice_global	lrcustomint5	int	int	0	medium	sum,count,avg
m2r_lr_invoice_global	lrcustomdbl1	double	double	0	medium	avg
m2r_lr_invoice_global	lrcustomdbl2	double	double	0	medium	avg
m2r_lr_invoice_global	lrcustomdbl3	double	double	0	medium	avg
m2r_lr_invoice_global	lrcustomdbl4	double	double	0	medium	avg
m2r_lr_invoice_global	lrcustomdbl5	double	double	0	medium	avg
m2r_lr_per_hari	nilaipenjualan	double	double	0	medium	avg
m2r_lr_per_hari	hargapokok	double	double	0	medium	avg
m2r_lr_per_hari	labarugi	double	double	0	medium	avg
m2r_mutasi_keuangan	mkstatus	int	int	0	medium	sum,count,avg
m2r_mutasi_keuangan	mktahun	int	int	0	medium	sum,count,avg
m2r_mutasi_keuangan	mkbulan	int	int	0	medium	sum,count,avg
m2r_mutasi_keuangan	mkcustomint1	int	int	0	medium	sum,count,avg
m2r_mutasi_keuangan	mkcustomint2	int	int	0	medium	sum,count,avg
m2r_mutasi_keuangan	mkcustomint3	int	int	0	medium	sum,count,avg
m2r_mutasi_keuangan	mkcustomint4	int	int	0	medium	sum,count,avg
m2r_mutasi_keuangan	mkcustomint5	int	int	0	medium	sum,count,avg
m2r_mutasi_keuangan	mkcustomdbl1	double	double	0	medium	avg
m2r_mutasi_keuangan	mkcustomdbl2	double	double	0	medium	avg
m2r_mutasi_keuangan	mkcustomdbl3	double	double	0	medium	avg
m2r_mutasi_keuangan	mkcustomdbl4	double	double	0	medium	avg
m2r_mutasi_keuangan	mkcustomdbl5	double	double	0	medium	avg
m2r_mutasi_stok	msnourut	bigint	bigint	0	medium	sum,count,avg
m2r_mutasi_stok	msid	bigint	bigint	0	medium	sum,count,avg
m2r_mutasi_stok	msidbarang	bigint	bigint	0	medium	sum,count,avg
m2r_mutasi_stok	mskontak	bigint	bigint	0	medium	sum,count,avg
m2r_mutasi_stok	msjmlmasuk	double	double	0	medium	avg
m2r_mutasi_stok	msjmlkeluar	double	double	0	medium	avg
m2r_mutasi_stok	msuserid	bigint	bigint	0	medium	sum,count,avg
m2r_mutasi_stok	mscustomint1	int	int	0	medium	sum,count,avg
m2r_mutasi_stok	mscustomint2	int	int	0	medium	sum,count,avg
m2r_mutasi_stok	mscustomint3	int	int	0	medium	sum,count,avg
m2r_mutasi_stok	mscustomint4	int	int	0	medium	sum,count,avg
m2r_mutasi_stok	mscustomint5	int	int	0	medium	sum,count,avg
m2r_mutasi_stok	mscustomdbl1	double	double	0	medium	avg
m2r_mutasi_stok	mscustomdbl2	double	double	0	medium	avg
m2r_mutasi_stok	mscustomdbl3	double	double	0	medium	avg
m2r_mutasi_stok	mscustomdbl4	double	double	0	medium	avg
m2r_mutasi_stok	mscustomdbl5	double	double	0	medium	avg
m2r_mutasi_stok_batch	msbid	bigint	bigint	0	medium	sum,count,avg
m2r_mutasi_stok_batch	msbidbatchin	bigint	bigint	0	medium	sum,count,avg
m2r_mutasi_stok_batch	msbidbarang	bigint	bigint	0	medium	sum,count,avg
m2r_mutasi_stok_batch	msbidtransaksi	bigint	bigint	0	medium	sum,count,avg
m2r_mutasi_stok_batch	msbjml	double	double	0	medium	avg
m2r_mutasi_stok_batch	msbuserid	bigint	bigint	0	medium	sum,count,avg
m2r_mutasi_stok_batch	msbcustomdbl1	double	double	0	medium	avg
m2r_mutasi_stok_batch	msbcustomdbl2	double	double	0	medium	avg
m2r_mutasi_stok_batch	msbcustomdbl3	double	double	0	medium	avg
m2r_mutasi_stok_detail	msnourut	bigint	bigint	0	medium	sum,count,avg
m2r_mutasi_stok_detail	msid	bigint	bigint	0	medium	sum,count,avg
m2r_mutasi_stok_detail	msidbarang	bigint	bigint	0	medium	sum,count,avg
m2r_mutasi_stok_detail	mskontak	bigint	bigint	0	medium	sum,count,avg
m2r_mutasi_stok_detail	msjmlmasuk	double	double	0	medium	avg
m2r_mutasi_stok_detail	msjmlkeluar	double	double	0	medium	avg
m2r_mutasi_stok_detail	msuserid	bigint	bigint	0	medium	sum,count,avg
m2r_mutasi_stok_detail	mscustomint1	int	int	0	medium	sum,count,avg
m2r_mutasi_stok_detail	mscustomint2	int	int	0	medium	sum,count,avg
m2r_mutasi_stok_detail	mscustomint3	int	int	0	medium	sum,count,avg
m2r_mutasi_stok_detail	mscustomint4	int	int	0	medium	sum,count,avg
m2r_mutasi_stok_detail	mscustomint5	int	int	0	medium	sum,count,avg
m2r_mutasi_stok_detail	mscustomdbl1	double	double	0	medium	avg
m2r_mutasi_stok_detail	mscustomdbl2	double	double	0	medium	avg
m2r_mutasi_stok_detail	mscustomdbl3	double	double	0	medium	avg
m2r_mutasi_stok_detail	mscustomdbl4	double	double	0	medium	avg
m2r_mutasi_stok_detail	mscustomdbl5	double	double	0	medium	avg
m2r_mutasi_stok_rekap	msnourut	bigint	bigint	0	medium	sum,count,avg
m2r_mutasi_stok_rekap	masuk	double	double	0	medium	avg
m2r_mutasi_stok_rekap	keluar	double	double	0	medium	avg
m2r_mutasi_stok_sumber	msnourut	bigint	bigint	0	medium	sum,count,avg
m2r_mutasi_stok_sumber	msid	bigint	bigint	0	medium	sum,count,avg
m2r_mutasi_stok_sumber	msidbarang	bigint	bigint	0	medium	sum,count,avg
m2r_mutasi_stok_sumber	mskontak	bigint	bigint	0	medium	sum,count,avg
m2r_mutasi_stok_sumber	mshargajual	double	double	0	medium	avg
m2r_mutasi_stok_sumber	msm3ib	double	double	0	medium	avg
m2r_mutasi_stok_sumber	msm3ts	double	double	0	medium	avg
m2r_mutasi_stok_sumber	msm3rs	double	double	0	medium	avg
m2r_mutasi_stok_sumber	msm3sa	double	double	0	medium	avg
m2r_mutasi_stok_sumber	msm4grn	double	double	0	medium	avg
m2r_mutasi_stok_sumber	msm4ri	double	double	0	medium	avg
m2r_mutasi_stok_sumber	msm4dnr	double	double	0	medium	avg
m2r_mutasi_stok_sumber	msm4prt	double	double	0	medium	avg
m2r_mutasi_stok_sumber	msm5do	double	double	0	medium	avg
m2r_mutasi_stok_sumber	msm5dr	double	double	0	medium	avg
m2r_mutasi_stok_sumber	msm5si	double	double	0	medium	avg
m2r_mutasi_stok_sumber	msm5sr	double	double	0	medium	avg
m2r_mutasi_stok_sumber	msm6mrs	double	double	0	medium	avg
m2r_mutasi_stok_sumber	msm6mrn	double	double	0	medium	avg
m2r_mutasi_stok_sumber	msm6pd	double	double	0	medium	avg
m2r_mutasi_stok_sumber	msm11lu	double	double	0	medium	avg
m2r_mutasi_stok_sumber	msm11lb	double	double	0	medium	avg
m2r_mutasi_stok_sumber	msm11ak	double	double	0	medium	avg
m2r_mutasi_stok_sumber	msm11ro	double	double	0	medium	avg
m2r_mutasi_stok_sumber	msuserid	bigint	bigint	0	medium	sum,count,avg
m2r_mutasi_stok_sumber	mscustomint1	int	int	0	medium	sum,count,avg
m2r_mutasi_stok_sumber	mscustomint2	int	int	0	medium	sum,count,avg
m2r_mutasi_stok_sumber	mscustomint3	int	int	0	medium	sum,count,avg
m2r_mutasi_stok_sumber	mscustomint4	int	int	0	medium	sum,count,avg
m2r_mutasi_stok_sumber	mscustomint5	int	int	0	medium	sum,count,avg
m2r_mutasi_stok_sumber	mscustomdbl1	double	double	0	medium	avg
m2r_mutasi_stok_sumber	mscustomdbl2	double	double	0	medium	avg
m2r_mutasi_stok_sumber	mscustomdbl3	double	double	0	medium	avg
m2r_mutasi_stok_sumber	mscustomdbl4	double	double	0	medium	avg
m2r_mutasi_stok_sumber	mscustomdbl5	double	double	0	medium	avg
m2r_neraca_mutasi	nmtipe	int	int	0	medium	sum,count,avg
m2r_neraca_mutasi	nmkurs	double	double	0	medium	avg
m2r_neraca_mutasi	nmdebit	double	double	0	medium	avg
m2r_neraca_mutasi	nmkredit	double	double	0	medium	avg
m2r_neraca_mutasi	nmuserid	bigint	bigint	0	medium	sum,count,avg
m2r_neraca_mutasi	nmcustomint1	int	int	0	medium	sum,count,avg
m2r_neraca_mutasi	nmcustomint2	int	int	0	medium	sum,count,avg
m2r_neraca_mutasi	nmcustomint3	int	int	0	medium	sum,count,avg
m2r_neraca_mutasi	nmcustomint4	int	int	0	medium	sum,count,avg
m2r_neraca_mutasi	nmcustomint5	int	int	0	medium	sum,count,avg
m2r_neraca_mutasi	nmcustomdbl1	double	double	0	medium	avg
m2r_neraca_mutasi	nmcustomdbl2	double	double	0	medium	avg
m2r_neraca_mutasi	nmcustomdbl3	double	double	0	medium	avg
m2r_neraca_mutasi	nmcustomdbl4	double	double	0	medium	avg
m2r_neraca_mutasi	nmcustomdbl5	double	double	0	medium	avg
m2r_neraca_mutasi_detail	nmtipe	int	int	0	medium	sum,count,avg
m2r_neraca_mutasi_detail	nmkurs	double	double	0	medium	avg
m2r_neraca_mutasi_detail	nmdebit	double	double	0	medium	avg
m2r_neraca_mutasi_detail	nmkredit	double	double	0	medium	avg
m2r_neraca_mutasi_detail	nmuserid	bigint	bigint	0	medium	sum,count,avg
m2r_neraca_mutasi_detail	nmcustomint1	int	int	0	medium	sum,count,avg
m2r_neraca_mutasi_detail	nmcustomint2	int	int	0	medium	sum,count,avg
m2r_neraca_mutasi_detail	nmcustomint3	int	int	0	medium	sum,count,avg
m2r_neraca_mutasi_detail	nmcustomint4	int	int	0	medium	sum,count,avg
m2r_neraca_mutasi_detail	nmcustomint5	int	int	0	medium	sum,count,avg
m2r_neraca_mutasi_detail	nmcustomdbl1	double	double	0	medium	avg
m2r_neraca_mutasi_detail	nmcustomdbl2	double	double	0	medium	avg
m2r_neraca_mutasi_detail	nmcustomdbl3	double	double	0	medium	avg
m2r_neraca_mutasi_detail	nmcustomdbl4	double	double	0	medium	avg
m2r_neraca_mutasi_detail	nmcustomdbl5	double	double	0	medium	avg
m2r_omzet_tagihan	userid	bigint	bigint	0	medium	sum,count,avg
m2r_omzet_tagihan	PersediaanFDN	double	double	0	medium	avg
m2r_omzet_tagihan	PersediaanSOFTEX	double	double	0	medium	avg
m2r_omzet_tagihan	PersediaanCUSSONS	double	double	0	medium	avg
m2r_omzet_tagihan	PersediaanUVPSR	double	double	0	medium	avg
m2r_omzet_tagihan	PersediaanUVLMJ	double	double	0	medium	avg
m2r_omzet_tagihan	omsetFDN1	double	double	0	medium	avg
m2r_omzet_tagihan	omsetSOFTEX1	double	double	0	medium	avg
m2r_omzet_tagihan	omsetCUSSON1	double	double	0	medium	avg
m2r_omzet_tagihan	kasmasukUVPASIR1	double	double	0	medium	avg
m2r_omzet_tagihan	kasmasukUVLUMA1	double	double	0	medium	avg
m2r_omzet_tagihan	PVFDN1	double	double	0	medium	avg
m2r_omzet_tagihan	PVSOFTEX1	double	double	0	medium	avg
m2r_omzet_tagihan	PVCUSSON1	double	double	0	medium	avg
m2r_omzet_tagihan	kasmasukUVPASIR2	double	double	0	medium	avg
m2r_omzet_tagihan	kasmasukUVLUMA2	double	double	0	medium	avg
m2r_omzet_tagihan	omsetFDN2	double	double	0	medium	avg
m2r_omzet_tagihan	omsetSOFTEX2	double	double	0	medium	avg
m2r_omzet_tagihan	omsetCUSSON2	double	double	0	medium	avg
m2r_omzet_tagihan	kasmasukUVPASIR3	double	double	0	medium	avg
m2r_omzet_tagihan	kasmasukUVLUMA3	double	double	0	medium	avg
m2r_omzet_tagihan	PVFDN3	double	double	0	medium	avg
m2r_omzet_tagihan	PVSOFTEX3	double	double	0	medium	avg
m2r_omzet_tagihan	PVCUSSON3	double	double	0	medium	avg
m2r_omzet_tagihan	kasmasukUVPASIR4	double	double	0	medium	avg
m2r_omzet_tagihan	kasmasukUVLUMA4	double	double	0	medium	avg
m2r_omzet_tagihan	PVFDN4	double	double	0	medium	avg
m2r_omzet_tagihan	PVSOFTEX4	double	double	0	medium	avg
m2r_omzet_tagihan	PVCUSSON4	double	double	0	medium	avg
m2r_omzet_tagihan	kasmasukUVPASIR5	double	double	0	medium	avg
m2r_omzet_tagihan	kasmasukUVLUMA5	double	double	0	medium	avg
m2r_omzet_tagihan	acustomint1	int	int	0	medium	sum,count,avg
m2r_omzet_tagihan	acustomint2	int	int	0	medium	sum,count,avg
m2r_omzet_tagihan	acustomint3	int	int	0	medium	sum,count,avg
m2r_omzet_tagihan	acustomint4	int	int	0	medium	sum,count,avg
m2r_omzet_tagihan	acustomint5	int	int	0	medium	sum,count,avg
m2r_omzet_tagihan	acustomdbl1	double	double(11,0)	0	medium	avg
m2r_omzet_tagihan	acustomdbl2	double	double(11,0)	0	medium	avg
m2r_omzet_tagihan	acustomdbl3	double	double(11,0)	0	medium	avg
m2r_omzet_tagihan	acustomdbl4	double	double(11,0)	0	medium	avg
m2r_omzet_tagihan	acustomdbl5	double	double(11,0)	0	medium	avg
m2r_penjualan	userid	bigint	bigint	0	medium	sum,count,avg
m2r_penjualan	jml	double	double	0	medium	avg
m2r_penjualan	harga	double	double	0	medium	avg
m2r_penjualan	jmldiskon	double	double	0	medium	avg
m2r_penjualan	sibiayalain	double	double	0	medium	avg
m2r_penjualan	sijmldiskon	double	double	0	medium	avg
m2r_penjualan	sijmluangmuka	double	double	0	medium	avg
m2r_penjualan	tjml	double	double	0	medium	avg
m2r_penjualan_barang_pertgl	sicarabayar	int	int	0	medium	sum,count,avg
m2r_penjualan_barang_pertgl	urutan	int	int	0	medium	sum,count,avg
m2r_penjualan_barang_pertgl	urutaan	int	int	0	medium	sum,count,avg
m2r_penjualan_barang_pertgl	sijmlbayar	double	double(100,0)	0	medium	avg
m2r_penjualan_barang_pertgl	sijmlkembali	double	double(100,0)	0	medium	avg
m2r_penjualan_barang_pertgl	jumlah	double	double(50,0)	0	medium	avg
m2r_penjualan_barang_pertgl	jumlahvalas	double	double(50,0)	0	medium	avg
m2r_penjualan_barang_pertgl	kid	int	int	0	medium	sum,count,avg
m2r_penjualan_barang_pertgl	kcustomdbl1	double	double(50,0)	0	medium	avg
m2r_penjualan_barang_pertgl	lrcustomint1	int	int	0	medium	sum,count,avg
m2r_penjualan_barang_pertgl	lrcustomint2	int	int	0	medium	sum,count,avg
m2r_penjualan_barang_pertgl	lrcustomint3	int	int	0	medium	sum,count,avg
m2r_penjualan_barang_pertgl	lrcustomint4	int	int	0	medium	sum,count,avg
m2r_penjualan_barang_pertgl	lrcustomint5	int	int	0	medium	sum,count,avg
m2r_penjualan_barang_pertgl	lrcustomdbl1	double	double	0	medium	avg
m2r_penjualan_barang_pertgl	lrcustomdbl2	double	double	0	medium	avg
m2r_penjualan_barang_pertgl	lrcustomdbl3	double	double	0	medium	avg
m2r_penjualan_barang_pertgl	lrcustomdbl4	double	double	0	medium	avg
m2r_penjualan_barang_pertgl	lrcustomdbl5	double	double	0	medium	avg
m2r_penjualan_per4bulan	userid	bigint	bigint	0	medium	sum,count,avg
m2r_penjualan_per4bulan	jml	double	double	0	medium	avg
m2r_penjualan_per4bulan	harga	double	double	0	medium	avg
m2r_penjualan_per4bulan	jmldiskon	double	double	0	medium	avg
m2r_penjualan_per4bulan	sibiayalain	double	double	0	medium	avg
m2r_penjualan_per4bulan	sijmldiskon	double	double	0	medium	avg
m2r_penjualan_per4bulan	sijmluangmuka	double	double	0	medium	avg
m2r_penjualan_per4bulan	tjml	double	double	0	medium	avg
m2r_penjualan_per4bulan	bulan1	double	double	0	medium	avg
m2r_penjualan_per4bulan	bulan2	double	double	0	medium	avg
m2r_penjualan_per4bulan	bulan3	double	double	0	medium	avg
m2r_penjualan_per4bulan	bulan4	double	double	0	medium	avg
m2r_penjualan_perhari_1	userid	bigint	bigint	0	medium	sum,count,avg
m2r_penjualan_perhari_1	urutan	bigint	bigint	0	medium	sum,count,avg
m2r_penjualan_perhari_1	siid	bigint	bigint	0	medium	sum,count,avg
m2r_penjualan_perhari_1	idsi	bigint	bigint	0	medium	sum,count,avg
m2r_penjualan_perhari_1	kode	bigint	bigint	0	medium	sum,count,avg
m2r_penjualan_perhari_1	jumlah	double	double	0	medium	avg
m2r_penjualan_perhari_1	jumlahvalas	double	double	0	medium	avg
m2r_penjualan_perhari_2	siid	bigint	bigint	0	medium	sum,count,avg
m2r_penjualan_perhari_2	kode	bigint	bigint	0	medium	sum,count,avg
m2r_penjualan_perhari_2	jumlah	double	double	0	medium	avg
m2r_penjualan_perhari_2	jumlahvalas	double	double	0	medium	avg
m2r_penjualan_perhari_2	status	bigint	bigint	0	medium	sum,count,avg
m2r_perhitungan_insentive	komisi	double	double	0	medium	avg
m2r_perincian_biaya	pkurut	int	int	0	medium	sum,count,avg
m2r_perincian_biaya	pktahun	bigint	bigint	0	medium	sum,count,avg
m2r_perincian_biaya	pkbulan	bigint	bigint	0	medium	sum,count,avg
m2r_perincian_biaya	pktipe	int	int	0	medium	sum,count,avg
m2r_perincian_biaya	pklevel	int	int	0	medium	sum,count,avg
m2r_perincian_biaya	pkleveldata	int	int	0	medium	sum,count,avg
m2r_perincian_biaya	pkdebit	double	double	0	medium	avg
m2r_perincian_biaya	pkkredit	double	double	0	medium	avg
m2r_perincian_biaya	pkdebitlalu	double	double	0	medium	avg
m2r_perincian_biaya	pkkreditlalu	double	double	0	medium	avg
m2r_perincian_biaya	pkdebitvariasi	double	double	0	medium	avg
m2r_perincian_biaya	pkkreditvariasi	double	double	0	medium	avg
m2r_perincian_biaya	pkuserid	bigint	bigint	0	medium	sum,count,avg
m2r_perincian_biaya	pkcustomint1	int	int	0	medium	sum,count,avg
m2r_perincian_biaya	pkcustomint2	int	int	0	medium	sum,count,avg
m2r_perincian_biaya	pkcustomint3	int	int	0	medium	sum,count,avg
m2r_perincian_biaya	pkcustomint4	int	int	0	medium	sum,count,avg
m2r_perincian_biaya	pkcustomint5	int	int	0	medium	sum,count,avg
m2r_perincian_biaya	pkcustomdbl1	double	double	0	medium	avg
m2r_perincian_biaya	pkcustomdbl2	double	double	0	medium	avg
m2r_perincian_biaya	pkcustomdbl3	double	double	0	medium	avg
m2r_perincian_biaya	pkcustomdbl4	double	double	0	medium	avg
m2r_perincian_biaya	pkcustomdbl5	double	double	0	medium	avg
m2r_persediaan	pmasuk	double	double	0	medium	avg
m2r_persediaan	pkeluar	double	double	0	medium	avg
m2r_persediaan	puserid	bigint	bigint	0	medium	sum,count,avg
m2r_persediaan	pcustomint1	int	int	0	medium	sum,count,avg
m2r_persediaan	pcustomint2	int	int	0	medium	sum,count,avg
m2r_persediaan	pcustomint3	int	int	0	medium	sum,count,avg
m2r_persediaan	pcustomint4	int	int	0	medium	sum,count,avg
m2r_persediaan	pcustomint5	int	int	0	medium	sum,count,avg
m2r_persediaan	pcustomdbl1	double	double	0	medium	avg
m2r_persediaan	pcustomdbl2	double	double	0	medium	avg
m2r_persediaan	pcustomdbl3	double	double	0	medium	avg
m2r_persediaan	pcustomdbl4	double	double	0	medium	avg
m2r_persediaan	pcustomdbl5	double	double	0	medium	avg
m2r_persediaan_detail	pdid	bigint	bigint	0	medium	sum,count,avg
m2r_persediaan_detail	pdidbarang	bigint	bigint	0	medium	sum,count,avg
m2r_persediaan_detail	pdjmlmasuk	double	double	0	medium	avg
m2r_persediaan_detail	pdhppmasuk	double	double	0	medium	avg
m2r_persediaan_detail	pdnilaimasuk	double	double	0	medium	avg
m2r_persediaan_detail	pdjmlkeluar	double	double	0	medium	avg
m2r_persediaan_detail	pdhppkeluar	double	double	0	medium	avg
m2r_persediaan_detail	pdnilaikeluar	double	double	0	medium	avg
m2r_persediaan_detail	pduserid	bigint	bigint	0	medium	sum,count,avg
m2r_persediaan_detail	pdcustomint1	int	int	0	medium	sum,count,avg
m2r_persediaan_detail	pdcustomint2	int	int	0	medium	sum,count,avg
m2r_persediaan_detail	pdcustomint3	int	int	0	medium	sum,count,avg
m2r_persediaan_detail	pdcustomint4	int	int	0	medium	sum,count,avg
m2r_persediaan_detail	pdcustomint5	int	int	0	medium	sum,count,avg
m2r_persediaan_detail	pdcustomdbl1	double	double	0	medium	avg
m2r_persediaan_detail	pdcustomdbl2	double	double	0	medium	avg
m2r_persediaan_detail	pdcustomdbl3	double	double	0	medium	avg
m2r_persediaan_detail	pdcustomdbl4	double	double	0	medium	avg
m2r_persediaan_detail	pdcustomdbl5	double	double	0	medium	avg
m2r_posisi_keuangan	pkurut	int	int	0	medium	sum,count,avg
m2r_posisi_keuangan	pktahun	bigint	bigint	0	medium	sum,count,avg
m2r_posisi_keuangan	pkbulan	bigint	bigint	0	medium	sum,count,avg
m2r_posisi_keuangan	pktipe	int	int	0	medium	sum,count,avg
m2r_posisi_keuangan	pklevel	int	int	0	medium	sum,count,avg
m2r_posisi_keuangan	pkleveldata	int	int	0	medium	sum,count,avg
m2r_posisi_keuangan	pkdebit	double	double	0	medium	avg
m2r_posisi_keuangan	pkkredit	double	double	0	medium	avg
m2r_posisi_keuangan	pkdebitlalu	double	double	0	medium	avg
m2r_posisi_keuangan	pkkreditlalu	double	double	0	medium	avg
m2r_posisi_keuangan	pkdebitvariasi	double	double	0	medium	avg
m2r_posisi_keuangan	pkkreditvariasi	double	double	0	medium	avg
m2r_posisi_keuangan	pkuserid	bigint	bigint	0	medium	sum,count,avg
m2r_posisi_keuangan	pkcustomint1	int	int	0	medium	sum,count,avg
m2r_posisi_keuangan	pkcustomint2	int	int	0	medium	sum,count,avg
m2r_posisi_keuangan	pkcustomint3	int	int	0	medium	sum,count,avg
m2r_posisi_keuangan	pkcustomint4	int	int	0	medium	sum,count,avg
m2r_posisi_keuangan	pkcustomint5	int	int	0	medium	sum,count,avg
m2r_posisi_keuangan	pkcustomdbl1	double	double	0	medium	avg
m2r_posisi_keuangan	pkcustomdbl2	double	double	0	medium	avg
m2r_posisi_keuangan	pkcustomdbl3	double	double	0	medium	avg
m2r_posisi_keuangan	pkcustomdbl4	double	double	0	medium	avg
m2r_posisi_keuangan	pkcustomdbl5	double	double	0	medium	avg
m2r_posisi_keuangan_detail	pkurut	int	int	0	medium	sum,count,avg
m2r_posisi_keuangan_detail	pktahun	bigint	bigint	0	medium	sum,count,avg
m2r_posisi_keuangan_detail	pkbulan	bigint	bigint	0	medium	sum,count,avg
m2r_posisi_keuangan_detail	pktipe	int	int	0	medium	sum,count,avg
m2r_posisi_keuangan_detail	pklevel	int	int	0	medium	sum,count,avg
m2r_posisi_keuangan_detail	pkleveldata	int	int	0	medium	sum,count,avg
m2r_posisi_keuangan_detail	pkdebit	double	double	0	medium	avg
m2r_posisi_keuangan_detail	pkkredit	double	double	0	medium	avg
m2r_posisi_keuangan_detail	pkdebitlalu	double	double	0	medium	avg
m2r_posisi_keuangan_detail	pkkreditlalu	double	double	0	medium	avg
m2r_posisi_keuangan_detail	pkdebitvariasi	double	double	0	medium	avg
m2r_posisi_keuangan_detail	pkkreditvariasi	double	double	0	medium	avg
m2r_posisi_keuangan_detail	pkuserid	bigint	bigint	0	medium	sum,count,avg
m2r_posisi_keuangan_detail	pkcustomint1	int	int	0	medium	sum,count,avg
m2r_posisi_keuangan_detail	pkcustomint2	int	int	0	medium	sum,count,avg
m2r_posisi_keuangan_detail	pkcustomint3	int	int	0	medium	sum,count,avg
m2r_posisi_keuangan_detail	pkcustomint4	int	int	0	medium	sum,count,avg
m2r_posisi_keuangan_detail	pkcustomint5	int	int	0	medium	sum,count,avg
m2r_posisi_keuangan_detail	pkcustomdbl1	double	double	0	medium	avg
m2r_posisi_keuangan_detail	pkcustomdbl2	double	double	0	medium	avg
m2r_posisi_keuangan_detail	pkcustomdbl3	double	double	0	medium	avg
m2r_posisi_keuangan_detail	pkcustomdbl4	double	double	0	medium	avg
m2r_posisi_keuangan_detail	pkcustomdbl5	double	double	0	medium	avg
m2r_posisi_keuangan_pertahun	pkurut	int	int	0	medium	sum,count,avg
m2r_posisi_keuangan_pertahun	pktahun	bigint	bigint	0	medium	sum,count,avg
m2r_posisi_keuangan_pertahun	pkbulan	bigint	bigint	0	medium	sum,count,avg
m2r_posisi_keuangan_pertahun	pktipe	int	int	0	medium	sum,count,avg
m2r_posisi_keuangan_pertahun	pklevel	int	int	0	medium	sum,count,avg
m2r_posisi_keuangan_pertahun	pkleveldata	int	int	0	medium	sum,count,avg
m2r_posisi_keuangan_pertahun	pkdebit	double	double	0	medium	avg
m2r_posisi_keuangan_pertahun	pkkredit	double	double	0	medium	avg
m2r_posisi_keuangan_pertahun	pkdebitlalu	double	double	0	medium	avg
m2r_posisi_keuangan_pertahun	pkkreditlalu	double	double	0	medium	avg
m2r_posisi_keuangan_pertahun	pkdebitvariasi	double	double	0	medium	avg
m2r_posisi_keuangan_pertahun	pkkreditvariasi	double	double	0	medium	avg
m2r_posisi_keuangan_pertahun	pkuserid	bigint	bigint	0	medium	sum,count,avg
m2r_posisi_keuangan_pertahun	pkcustomint1	int	int	0	medium	sum,count,avg
m2r_posisi_keuangan_pertahun	pkcustomint2	int	int	0	medium	sum,count,avg
m2r_posisi_keuangan_pertahun	pkcustomint3	int	int	0	medium	sum,count,avg
m2r_posisi_keuangan_pertahun	pkcustomint4	int	int	0	medium	sum,count,avg
m2r_posisi_keuangan_pertahun	pkcustomint5	int	int	0	medium	sum,count,avg
m2r_posisi_keuangan_pertahun	pkcustomdbl1	double	double	0	medium	avg
m2r_posisi_keuangan_pertahun	pkcustomdbl2	double	double	0	medium	avg
m2r_posisi_keuangan_pertahun	pkcustomdbl3	double	double	0	medium	avg
m2r_posisi_keuangan_pertahun	pkcustomdbl4	double	double	0	medium	avg
m2r_posisi_keuangan_pertahun	pkcustomdbl5	double	double	0	medium	avg
m2r_posisi_keuangan_t	userid	bigint	bigint	0	medium	sum,count,avg
m2r_posisi_keuangan_t	aurut	int	int	0	medium	sum,count,avg
m2r_posisi_keuangan_t	atahun	bigint	bigint	0	medium	sum,count,avg
m2r_posisi_keuangan_t	abulan	bigint	bigint	0	medium	sum,count,avg
m2r_posisi_keuangan_t	atipe	int	int	0	medium	sum,count,avg
m2r_posisi_keuangan_t	alevel	int	int	0	medium	sum,count,avg
m2r_posisi_keuangan_t	aleveldata	int	int	0	medium	sum,count,avg
m2r_posisi_keuangan_t	adebit	double	double	0	medium	avg
m2r_posisi_keuangan_t	akredit	double	double	0	medium	avg
m2r_posisi_keuangan_t	adebitlalu	double	double	0	medium	avg
m2r_posisi_keuangan_t	akreditlalu	double	double	0	medium	avg
m2r_posisi_keuangan_t	adebitvariasi	double	double	0	medium	avg
m2r_posisi_keuangan_t	akreditvariasi	double	double	0	medium	avg
m2r_posisi_keuangan_t	acustomint1	int	int	0	medium	sum,count,avg
m2r_posisi_keuangan_t	acustomint2	int	int	0	medium	sum,count,avg
m2r_posisi_keuangan_t	acustomint3	int	int	0	medium	sum,count,avg
m2r_posisi_keuangan_t	acustomint4	int	int	0	medium	sum,count,avg
m2r_posisi_keuangan_t	acustomint5	int	int	0	medium	sum,count,avg
m2r_posisi_keuangan_t	acustomdbl1	double	double	0	medium	avg
m2r_posisi_keuangan_t	acustomdbl2	double	double	0	medium	avg
m2r_posisi_keuangan_t	acustomdbl3	double	double	0	medium	avg
m2r_posisi_keuangan_t	acustomdbl4	double	double	0	medium	avg
m2r_posisi_keuangan_t	acustomdbl5	double	double	0	medium	avg
m2r_posisi_keuangan_t	purut	int	int	0	medium	sum,count,avg
m2r_posisi_keuangan_t	ptahun	bigint	bigint	0	medium	sum,count,avg
m2r_posisi_keuangan_t	pbulan	bigint	bigint	0	medium	sum,count,avg
m2r_posisi_keuangan_t	ptipe	int	int	0	medium	sum,count,avg
m2r_posisi_keuangan_t	plevel	int	int	0	medium	sum,count,avg
m2r_posisi_keuangan_t	pleveldata	int	int	0	medium	sum,count,avg
m2r_posisi_keuangan_t	pdebit	double	double	0	medium	avg
m2r_posisi_keuangan_t	pkredit	double	double	0	medium	avg
m2r_posisi_keuangan_t	pdebitlalu	double	double	0	medium	avg
m2r_posisi_keuangan_t	pkreditlalu	double	double	0	medium	avg
m2r_posisi_keuangan_t	pdebitvariasi	double	double	0	medium	avg
m2r_posisi_keuangan_t	pkreditvariasi	double	double	0	medium	avg
m2r_posisi_keuangan_t	pcustomint1	int	int	0	medium	sum,count,avg
m2r_posisi_keuangan_t	pcustomint2	int	int	0	medium	sum,count,avg
m2r_posisi_keuangan_t	pcustomint3	int	int	0	medium	sum,count,avg
m2r_posisi_keuangan_t	pcustomint4	int	int	0	medium	sum,count,avg
m2r_posisi_keuangan_t	pcustomint5	int	int	0	medium	sum,count,avg
m2r_posisi_keuangan_t	pcustomdbl1	double	double	0	medium	avg
m2r_posisi_keuangan_t	pcustomdbl2	double	double	0	medium	avg
m2r_posisi_keuangan_t	pcustomdbl3	double	double	0	medium	avg
m2r_posisi_keuangan_t	pcustomdbl4	double	double	0	medium	avg
m2r_posisi_keuangan_t	pcustomdbl5	double	double	0	medium	avg
m2r_posisi_keuangan_t_detail	userid	bigint	bigint	0	medium	sum,count,avg
m2r_posisi_keuangan_t_detail	aurut	int	int	0	medium	sum,count,avg
m2r_posisi_keuangan_t_detail	atahun	bigint	bigint	0	medium	sum,count,avg
m2r_posisi_keuangan_t_detail	abulan	bigint	bigint	0	medium	sum,count,avg
m2r_posisi_keuangan_t_detail	atipe	int	int	0	medium	sum,count,avg
m2r_posisi_keuangan_t_detail	alevel	int	int	0	medium	sum,count,avg
m2r_posisi_keuangan_t_detail	aleveldata	int	int	0	medium	sum,count,avg
m2r_posisi_keuangan_t_detail	adebit	double	double	0	medium	avg
m2r_posisi_keuangan_t_detail	akredit	double	double	0	medium	avg
m2r_posisi_keuangan_t_detail	adebitlalu	double	double	0	medium	avg
m2r_posisi_keuangan_t_detail	akreditlalu	double	double	0	medium	avg
m2r_posisi_keuangan_t_detail	adebitvariasi	double	double	0	medium	avg
m2r_posisi_keuangan_t_detail	akreditvariasi	double	double	0	medium	avg
m2r_posisi_keuangan_t_detail	acustomint1	int	int	0	medium	sum,count,avg
m2r_posisi_keuangan_t_detail	acustomint2	int	int	0	medium	sum,count,avg
m2r_posisi_keuangan_t_detail	acustomint3	int	int	0	medium	sum,count,avg
m2r_posisi_keuangan_t_detail	acustomint4	int	int	0	medium	sum,count,avg
m2r_posisi_keuangan_t_detail	acustomint5	int	int	0	medium	sum,count,avg
m2r_posisi_keuangan_t_detail	acustomdbl1	double	double	0	medium	avg
m2r_posisi_keuangan_t_detail	acustomdbl2	double	double	0	medium	avg
m2r_posisi_keuangan_t_detail	acustomdbl3	double	double	0	medium	avg
m2r_posisi_keuangan_t_detail	acustomdbl4	double	double	0	medium	avg
m2r_posisi_keuangan_t_detail	acustomdbl5	double	double	0	medium	avg
m2r_posisi_keuangan_t_detail	purut	int	int	0	medium	sum,count,avg
m2r_posisi_keuangan_t_detail	ptahun	bigint	bigint	0	medium	sum,count,avg
m2r_posisi_keuangan_t_detail	pbulan	bigint	bigint	0	medium	sum,count,avg
m2r_posisi_keuangan_t_detail	ptipe	int	int	0	medium	sum,count,avg
m2r_posisi_keuangan_t_detail	plevel	int	int	0	medium	sum,count,avg
m2r_posisi_keuangan_t_detail	pleveldata	int	int	0	medium	sum,count,avg
m2r_posisi_keuangan_t_detail	pdebit	double	double	0	medium	avg
m2r_posisi_keuangan_t_detail	pkredit	double	double	0	medium	avg
m2r_posisi_keuangan_t_detail	pdebitlalu	double	double	0	medium	avg
m2r_posisi_keuangan_t_detail	pkreditlalu	double	double	0	medium	avg
m2r_posisi_keuangan_t_detail	pdebitvariasi	double	double	0	medium	avg
m2r_posisi_keuangan_t_detail	pkreditvariasi	double	double	0	medium	avg
m2r_posisi_keuangan_t_detail	pcustomint1	int	int	0	medium	sum,count,avg
m2r_posisi_keuangan_t_detail	pcustomint2	int	int	0	medium	sum,count,avg
m2r_posisi_keuangan_t_detail	pcustomint3	int	int	0	medium	sum,count,avg
m2r_posisi_keuangan_t_detail	pcustomint4	int	int	0	medium	sum,count,avg
m2r_posisi_keuangan_t_detail	pcustomint5	int	int	0	medium	sum,count,avg
m2r_posisi_keuangan_t_detail	pcustomdbl1	double	double	0	medium	avg
m2r_posisi_keuangan_t_detail	pcustomdbl2	double	double	0	medium	avg
m2r_posisi_keuangan_t_detail	pcustomdbl3	double	double	0	medium	avg
m2r_posisi_keuangan_t_detail	pcustomdbl4	double	double	0	medium	avg
m2r_posisi_keuangan_t_detail	pcustomdbl5	double	double	0	medium	avg
m2r_posisi_keuangan_tahun	pkurut	int	int	0	medium	sum,count,avg
m2r_posisi_keuangan_tahun	pktahun	bigint	bigint	0	medium	sum,count,avg
m2r_posisi_keuangan_tahun	pkbulan	bigint	bigint	0	medium	sum,count,avg
m2r_posisi_keuangan_tahun	pktipe	int	int	0	medium	sum,count,avg
m2r_posisi_keuangan_tahun	pklevel	int	int	0	medium	sum,count,avg
m2r_posisi_keuangan_tahun	pkleveldata	int	int	0	medium	sum,count,avg
m2r_posisi_keuangan_tahun	pkdebit12	double	double	0	medium	avg
m2r_posisi_keuangan_tahun	pkkredit12	double	double	0	medium	avg
m2r_posisi_keuangan_tahun	pkdebit11	double	double	0	medium	avg
m2r_posisi_keuangan_tahun	pkkredit11	double	double	0	medium	avg
m2r_posisi_keuangan_tahun	pkdebitvariasi	double	double	0	medium	avg
m2r_posisi_keuangan_tahun	pkkreditvariasi	double	double	0	medium	avg
m2r_posisi_keuangan_tahun	pkdebit10	double	double	0	medium	avg
m2r_posisi_keuangan_tahun	pkkredit10	double	double	0	medium	avg
m2r_posisi_keuangan_tahun	pkdebit9	double	double	0	medium	avg
m2r_posisi_keuangan_tahun	pkkredit9	double	double	0	medium	avg
m2r_posisi_keuangan_tahun	pkdebit8	double	double	0	medium	avg
m2r_posisi_keuangan_tahun	pkkredit8	double	double	0	medium	avg
m2r_posisi_keuangan_tahun	pkdebit7	double	double	0	medium	avg
m2r_posisi_keuangan_tahun	pkkredit7	double	double	0	medium	avg
m2r_posisi_keuangan_tahun	pkdebit6	double	double	0	medium	avg
m2r_posisi_keuangan_tahun	pkkredit6	double	double	0	medium	avg
m2r_posisi_keuangan_tahun	pkdebit5	double	double	0	medium	avg
m2r_posisi_keuangan_tahun	pkkredit5	double	double	0	medium	avg
m2r_posisi_keuangan_tahun	pkdebit4	double	double	0	medium	avg
m2r_posisi_keuangan_tahun	pkkredit4	double	double	0	medium	avg
m2r_posisi_keuangan_tahun	pkdebit3	double	double	0	medium	avg
m2r_posisi_keuangan_tahun	pkkredit3	double	double	0	medium	avg
m2r_posisi_keuangan_tahun	pkdebit2	double	double	0	medium	avg
m2r_posisi_keuangan_tahun	pkkredit2	double	double	0	medium	avg
m2r_posisi_keuangan_tahun	pkdebit1	double	double	0	medium	avg
m2r_posisi_keuangan_tahun	pkkredit1	double	double	0	medium	avg
m2r_posisi_keuangan_tahun	pkuserid	bigint	bigint	0	medium	sum,count,avg
m2r_posisi_keuangan_tahun	pkcustomint1	int	int	0	medium	sum,count,avg
m2r_posisi_keuangan_tahun	pkcustomint2	int	int	0	medium	sum,count,avg
m2r_posisi_keuangan_tahun	pkcustomint3	int	int	0	medium	sum,count,avg
m2r_posisi_keuangan_tahun	pkcustomint4	int	int	0	medium	sum,count,avg
m2r_posisi_keuangan_tahun	pkcustomint5	int	int	0	medium	sum,count,avg
m2r_posisi_keuangan_tahun	pkcustomdbl1	double	double	0	medium	avg
m2r_posisi_keuangan_tahun	pkcustomdbl2	double	double	0	medium	avg
m2r_posisi_keuangan_tahun	pkcustomdbl3	double	double	0	medium	avg
m2r_posisi_keuangan_tahun	pkcustomdbl4	double	double	0	medium	avg
m2r_posisi_keuangan_tahun	pkcustomdbl5	double	double	0	medium	avg
m2r_produksi_vs_penjualan	pvptahun	bigint	bigint	0	medium	sum,count,avg
m2r_produksi_vs_penjualan	pvpidbarang	bigint	bigint	0	medium	sum,count,avg
m2r_produksi_vs_penjualan	pvpurutan	bigint	bigint	0	medium	sum,count,avg
m2r_produksi_vs_penjualan	pvpjan	double	double	0	medium	avg
m2r_produksi_vs_penjualan	pvpfeb	double	double	0	medium	avg
m2r_produksi_vs_penjualan	pvpmar	double	double	0	medium	avg
m2r_produksi_vs_penjualan	pvpapr	double	double	0	medium	avg
m2r_produksi_vs_penjualan	pvpmei	double	double	0	medium	avg
m2r_produksi_vs_penjualan	pvpjun	double	double	0	medium	avg
m2r_produksi_vs_penjualan	pvpjul	double	double	0	medium	avg
m2r_produksi_vs_penjualan	pvpagu	double	double	0	medium	avg
m2r_produksi_vs_penjualan	pvpsep	double	double	0	medium	avg
m2r_produksi_vs_penjualan	pvpokt	double	double	0	medium	avg
m2r_produksi_vs_penjualan	pvpnov	double	double	0	medium	avg
m2r_produksi_vs_penjualan	pvpdes	double	double	0	medium	avg
m2r_produksi_vs_penjualan	pvpuserid	bigint	bigint	0	medium	sum,count,avg
m2r_produksi_vs_penjualan	pvpcustomint1	int	int	0	medium	sum,count,avg
m2r_produksi_vs_penjualan	pvpcustomint2	int	int	0	medium	sum,count,avg
m2r_produksi_vs_penjualan	pvpcustomint3	int	int	0	medium	sum,count,avg
m2r_produksi_vs_penjualan	pvpcustomint4	int	int	0	medium	sum,count,avg
m2r_produksi_vs_penjualan	pvpcustomint5	int	int	0	medium	sum,count,avg
m2r_produksi_vs_penjualan	pvpcustomdbl1	double	double	0	medium	avg
m2r_produksi_vs_penjualan	pvpcustomdbl2	double	double	0	medium	avg
m2r_produksi_vs_penjualan	pvpcustomdbl3	double	double	0	medium	avg
m2r_produksi_vs_penjualan	pvpcustomdbl4	double	double	0	medium	avg
m2r_produksi_vs_penjualan	pvpcustomdbl5	double	double	0	medium	avg
m2r_rekap_barang_konsinyasi	rbknourut	bigint	bigint	0	medium	sum,count,avg
m2r_rekap_barang_konsinyasi	rbkid	bigint	bigint	0	medium	sum,count,avg
m2r_rekap_barang_konsinyasi	rbkidutama	bigint	bigint	0	medium	sum,count,avg
m2r_rekap_barang_konsinyasi	rbkiddetail	bigint	bigint	0	medium	sum,count,avg
m2r_rekap_barang_konsinyasi	rbkidbarang	bigint	bigint	0	medium	sum,count,avg
m2r_rekap_barang_konsinyasi	rbkjmlbarang	double	double	0	medium	avg
m2r_rekap_barang_konsinyasi	rbkharga	double	double	0	medium	avg
m2r_rekap_barang_konsinyasi	rbkxpenjualan	double	double	0	medium	avg
m2r_rekap_barang_konsinyasi	rbkxretur	double	double	0	medium	avg
m2r_rekap_barang_konsinyasi	rbkxpenyesuaian	double	double	0	medium	avg
m2r_rekap_barang_konsinyasi	rbkpenjualan	double	double	0	medium	avg
m2r_rekap_barang_konsinyasi	rbkretur	double	double	0	medium	avg
m2r_rekap_barang_konsinyasi	rbkpenyesuaian	double	double	0	medium	avg
m2r_rekap_barang_konsinyasi	rbkuserid	bigint	bigint	0	medium	sum,count,avg
m2r_rekap_barang_konsinyasi	rbkcustomint1	int	int	0	medium	sum,count,avg
m2r_rekap_barang_konsinyasi	rbkcustomint2	int	int	0	medium	sum,count,avg
m2r_rekap_barang_konsinyasi	rbkcustomint3	int	int	0	medium	sum,count,avg
m2r_rekap_barang_konsinyasi	rbkcustomint4	int	int	0	medium	sum,count,avg
m2r_rekap_barang_konsinyasi	rbkcustomint5	int	int	0	medium	sum,count,avg
m2r_rekap_barang_konsinyasi	rbkcustomdbl1	double	double	0	medium	avg
m2r_rekap_barang_konsinyasi	rbkcustomdbl2	double	double	0	medium	avg
m2r_rekap_barang_konsinyasi	rbkcustomdbl3	double	double	0	medium	avg
m2r_rekap_barang_konsinyasi	rbkcustomdbl4	double	double	0	medium	avg
m2r_rekap_barang_konsinyasi	rbkcustomdbl5	double	double	0	medium	avg
m2r_saldoawal_hutang	diskonpersen	double	double	0	medium	avg
m2r_saldoawal_hutang	pajak1	double	double	0	medium	avg
m2r_saldoawal_hutang	pajak2	double	double	0	medium	avg
m2r_saldoawal_hutang	biayalainpersen	double	double	0	medium	avg
m2r_saldoawal_hutang	userid	bigint	bigint	0	medium	sum,count,avg
m2r_salesman_point	salesman	bigint	bigint	0	medium	sum,count,avg
m2r_salesman_point	idpoin	int	int	0	medium	sum,count,avg
m2r_salesman_point	jmlbarangpoin	double	double	0	medium	avg
m2r_salesman_point	nilaipoin	double	double	0	medium	avg
m2r_salesman_point	idinvoice	bigint	bigint	0	medium	sum,count,avg
m2r_salesman_point	customer	bigint	bigint	0	medium	sum,count,avg
m2r_salesman_point	idbarang	bigint	bigint	0	medium	sum,count,avg
m2r_salesman_point	jmlbarang	double	double	0	medium	avg
m2r_salesman_point	jumlahpoin	double	double	0	medium	avg
m2r_salesman_point	userid	bigint	bigint	0	medium	sum,count,avg
m2r_salesman_point	customint1	int	int	0	medium	sum,count,avg
m2r_salesman_point	customint2	int	int	0	medium	sum,count,avg
m2r_salesman_point	customint3	int	int	0	medium	sum,count,avg
m2r_salesman_point	customint4	int	int	0	medium	sum,count,avg
m2r_salesman_point	customint5	int	int	0	medium	sum,count,avg
m2r_salesman_point	customdbl1	double	double	0	medium	avg
m2r_salesman_point	customdbl2	double	double	0	medium	avg
m2r_salesman_point	customdbl3	double	double	0	medium	avg
m2r_salesman_point	customdbl4	double	double	0	medium	avg
m2r_salesman_point	customdbl5	double	double	0	medium	avg
m2r_stok	j1	double	double	0	medium	avg
m2r_stok	j2	double	double	0	medium	avg
m2r_stok	j3	double	double	0	medium	avg
m2r_stok	j4	double	double	0	medium	avg
m2r_stok	j5	double	double	0	medium	avg
m2r_stok	j6	double	double	0	medium	avg
m2r_stok	j7	double	double	0	medium	avg
m2r_stok	j8	double	double	0	medium	avg
m2r_stok	j9	double	double	0	medium	avg
m2r_stok	j10	double	double	0	medium	avg
m2r_stok_coverday	scidbarang	bigint	bigint	0	medium	sum,count,avg
m2r_stok_coverday	scstok	double	double	0	medium	avg
m2r_stok_coverday	scsatuannilai	double	double	0	medium	avg
m2r_stok_coverday	scpemakaian	double	double	0	medium	avg
m2r_stok_coverday	scperiode	double	double	0	medium	avg
m2r_stok_coverday	scavgpemakaian	double	double	0	medium	avg
m2r_stok_coverday	sccoverday	double	double	0	medium	avg
m2r_stok_coverday	scstoklapangan	double	double	0	medium	avg
m2r_stok_coverday	scstoklapangansisa	double	double	0	medium	avg
m2r_stok_coverday	scsatuanlapangannilai	double	double	0	medium	avg
m2r_stok_coverday	scpemakaianlapangan	double	double	0	medium	avg
m2r_stok_coverday	scpemakaianlapangansisa	double	double	0	medium	avg
m2r_stok_coverday	scavgpemakaianlapangan	double	double	0	medium	avg
m2r_stok_coverday	scavgpemakaianlapangansisa	double	double	0	medium	avg
m2r_stok_coverday	scuserid	bigint	bigint	0	medium	sum,count,avg
m2r_stok_coverday	sccustomint1	int	int	0	medium	sum,count,avg
m2r_stok_coverday	sccustomint2	int	int	0	medium	sum,count,avg
m2r_stok_coverday	sccustomint3	int	int	0	medium	sum,count,avg
m2r_stok_coverday	sccustomint4	int	int	0	medium	sum,count,avg
m2r_stok_coverday	sccustomint5	int	int	0	medium	sum,count,avg
m2r_stok_coverday	sccustomdbl1	double	double	0	medium	avg
m2r_stok_coverday	sccustomdbl2	double	double	0	medium	avg
m2r_stok_coverday	sccustomdbl3	double	double	0	medium	avg
m2r_stok_coverday	sccustomdbl4	double	double	0	medium	avg
m2r_stok_coverday	sccustomdbl5	double	double	0	medium	avg
m2r_stok_covermonth	scidbarang	bigint	bigint	0	medium	sum,count,avg
m2r_stok_covermonth	scstok	double	double	0	medium	avg
m2r_stok_covermonth	scsatuannilai	double	double	0	medium	avg
m2r_stok_covermonth	scjmlkeluar	double	double	0	medium	avg
m2r_stok_covermonth	scnilai	double	double	0	medium	avg
m2r_stok_covermonth	sccovermonth	double	double	0	medium	avg
m2r_stok_covermonth	scuserid	bigint	bigint	0	medium	sum,count,avg
m2r_stok_covermonth	sccustomint1	int	int	0	medium	sum,count,avg
m2r_stok_covermonth	sccustomint2	int	int	0	medium	sum,count,avg
m2r_stok_covermonth	sccustomint3	int	int	0	medium	sum,count,avg
m2r_stok_covermonth	sccustomint4	int	int	0	medium	sum,count,avg
m2r_stok_covermonth	sccustomint5	int	int	0	medium	sum,count,avg
m2r_stok_covermonth	sccustomdbl1	double	double	0	medium	avg
m2r_stok_covermonth	sccustomdbl2	double	double	0	medium	avg
m2r_stok_covermonth	sccustomdbl3	double	double	0	medium	avg
m2r_stok_covermonth	sccustomdbl4	double	double	0	medium	avg
m2r_stok_covermonth	sccustomdbl5	double	double	0	medium	avg
m2r_stok_coverweek	scjmlhari	double	double	0	medium	avg
m2r_stok_coverweek	scjmlpekan	double	double	0	medium	avg
m2r_stok_coverweek	scidbarang	bigint	bigint	0	medium	sum,count,avg
m2r_stok_coverweek	scsatuannilai	double	double	0	medium	avg
m2r_stok_coverweek	schargajual	double	double	0	medium	avg
m2r_stok_coverweek	schargabeli	double	double	0	medium	avg
m2r_stok_coverweek	scjmljual	double	double	0	medium	avg
m2r_stok_coverweek	scjmljualpekan	double	double	0	medium	avg
m2r_stok_coverweek	scstok	double	double	0	medium	avg
m2r_stok_coverweek	sccover	double	double	0	medium	avg
m2r_stok_coverweek	scnilaijual	double	double	0	medium	avg
m2r_stok_coverweek	scnilaibeli	double	double	0	medium	avg
m2r_stok_coverweek	scuserid	bigint	bigint	0	medium	sum,count,avg
m2r_stok_coverweek	sccustomint1	int	int	0	medium	sum,count,avg
m2r_stok_coverweek	sccustomint2	int	int	0	medium	sum,count,avg
m2r_stok_coverweek	sccustomint3	int	int	0	medium	sum,count,avg
m2r_stok_coverweek	sccustomint4	int	int	0	medium	sum,count,avg
m2r_stok_coverweek	sccustomint5	int	int	0	medium	sum,count,avg
m2r_stok_coverweek	sccustomdbl1	double	double	0	medium	avg
m2r_stok_coverweek	sccustomdbl2	double	double	0	medium	avg
m2r_stok_coverweek	sccustomdbl3	double	double	0	medium	avg
m2r_stok_coverweek	sccustomdbl4	double	double	0	medium	avg
m2r_stok_coverweek	sccustomdbl5	double	double	0	medium	avg
m2r_stok_opname	ksuserid	bigint	bigint	0	medium	sum,count,avg
m2r_stok_opname	idbarang	bigint	bigint	0	medium	sum,count,avg
m2r_stok_opname	jmlbarangjual	double	double	0	medium	avg
m2r_stok_opname	jmlfisik	double	double	0	medium	avg
m2r_stok_opname	harga	double	double	0	medium	avg
m2r_stok_opname	selisih	double	double	0	medium	avg
m2r_top_10_best_seller_per_store	jumlah	double	double	0	medium	avg
m2r_top_10_best_seller_per_store	harga	double	double	0	medium	avg
m2r_umpembelian_card	apnourut	bigint	bigint	0	medium	sum,count,avg
m2r_umpembelian_card	apid	bigint	bigint	0	medium	sum,count,avg
m2r_umpembelian_card	apkontak	bigint	bigint	0	medium	sum,count,avg
m2r_umpembelian_card	apdebit	double	double	0	medium	avg
m2r_umpembelian_card	apkredit	double	double	0	medium	avg
m2r_umpembelian_card	apuserid	bigint	bigint	0	medium	sum,count,avg
m2r_umpembelian_card	apcustomint1	int	int	0	medium	sum,count,avg
m2r_umpembelian_card	apcustomint2	int	int	0	medium	sum,count,avg
m2r_umpembelian_card	apcustomint3	int	int	0	medium	sum,count,avg
m2r_umpembelian_card	apcustomint4	int	int	0	medium	sum,count,avg
m2r_umpembelian_card	apcustomint5	int	int	0	medium	sum,count,avg
m2r_umpembelian_card	apcustomdbl1	double	double	0	medium	avg
m2r_umpembelian_card	apcustomdbl2	double	double	0	medium	avg
m2r_umpembelian_card	apcustomdbl3	double	double	0	medium	avg
m2r_umpembelian_card	apcustomdbl4	double	double	0	medium	avg
m2r_umpembelian_card	apcustomdbl5	double	double	0	medium	avg
m2r_umpembelian_voucher	apnourut	bigint	bigint	0	medium	sum,count,avg
m2r_umpembelian_voucher	apid	bigint	bigint	0	medium	sum,count,avg
m2r_umpembelian_voucher	apkontak	bigint	bigint	0	medium	sum,count,avg
m2r_umpembelian_voucher	apbayar	double	double	0	medium	avg
m2r_umpembelian_voucher	apsisa	double	double	0	medium	avg
m2r_umpembelian_voucher	apuserid	bigint	bigint	0	medium	sum,count,avg
m2r_umpembelian_voucher	apcustomint1	int	int	0	medium	sum,count,avg
m2r_umpembelian_voucher	apcustomint2	int	int	0	medium	sum,count,avg
m2r_umpembelian_voucher	apcustomint3	int	int	0	medium	sum,count,avg
m2r_umpembelian_voucher	apcustomint4	int	int	0	medium	sum,count,avg
m2r_umpembelian_voucher	apcustomint5	int	int	0	medium	sum,count,avg
m2r_umpembelian_voucher	apcustomdbl1	double	double	0	medium	avg
m2r_umpembelian_voucher	apcustomdbl2	double	double	0	medium	avg
m2r_umpembelian_voucher	apcustomdbl3	double	double	0	medium	avg
m2r_umpembelian_voucher	apcustomdbl4	double	double	0	medium	avg
m2r_umpembelian_voucher	apcustomdbl5	double	double	0	medium	avg
m2r_umpenjualan_card	arnourut	bigint	bigint	0	medium	sum,count,avg
m2r_umpenjualan_card	arid	bigint	bigint	0	medium	sum,count,avg
m2r_umpenjualan_card	arkontak	bigint	bigint	0	medium	sum,count,avg
m2r_umpenjualan_card	ardebit	double	double	0	medium	avg
m2r_umpenjualan_card	arkredit	double	double	0	medium	avg
m2r_umpenjualan_card	aruserid	bigint	bigint	0	medium	sum,count,avg
m2r_umpenjualan_card	arcustomint1	int	int	0	medium	sum,count,avg
m2r_umpenjualan_card	arcustomint2	int	int	0	medium	sum,count,avg
m2r_umpenjualan_card	arcustomint3	int	int	0	medium	sum,count,avg
m2r_umpenjualan_card	arcustomint4	int	int	0	medium	sum,count,avg
m2r_umpenjualan_card	arcustomint5	int	int	0	medium	sum,count,avg
m2r_umpenjualan_card	arcustomdbl1	double	double	0	medium	avg
m2r_umpenjualan_card	arcustomdbl2	double	double	0	medium	avg
m2r_umpenjualan_card	arcustomdbl3	double	double	0	medium	avg
m2r_umpenjualan_card	arcustomdbl4	double	double	0	medium	avg
m2r_umpenjualan_card	arcustomdbl5	double	double	0	medium	avg
m2r_umpenjualan_voucher	arnourut	bigint	bigint	0	medium	sum,count,avg
m2r_umpenjualan_voucher	arid	bigint	bigint	0	medium	sum,count,avg
m2r_umpenjualan_voucher	arkontak	bigint	bigint	0	medium	sum,count,avg
m2r_umpenjualan_voucher	arbayar	double	double	0	medium	avg
m2r_umpenjualan_voucher	arsisa	double	double	0	medium	avg
m2r_umpenjualan_voucher	aruserid	bigint	bigint	0	medium	sum,count,avg
m2r_umpenjualan_voucher	arcustomint1	int	int	0	medium	sum,count,avg
m2r_umpenjualan_voucher	arcustomint2	int	int	0	medium	sum,count,avg
m2r_umpenjualan_voucher	arcustomint3	int	int	0	medium	sum,count,avg
m2r_umpenjualan_voucher	arcustomint4	int	int	0	medium	sum,count,avg
m2r_umpenjualan_voucher	arcustomint5	int	int	0	medium	sum,count,avg
m2r_umpenjualan_voucher	arcustomdbl1	double	double	0	medium	avg
m2r_umpenjualan_voucher	arcustomdbl2	double	double	0	medium	avg
m2r_umpenjualan_voucher	arcustomdbl3	double	double	0	medium	avg
m2r_umpenjualan_voucher	arcustomdbl4	double	double	0	medium	avg
m2r_umpenjualan_voucher	arcustomdbl5	double	double	0	medium	avg
m3_dc	dcid	bigint	bigint	0	medium	sum,count,avg
m3_dc	dckodepa	bigint	bigint	0	medium	sum,count,avg
m3_dc	dcdimintaoleh	bigint	bigint	0	medium	sum,count,avg
m3_dc	dcmintake	bigint	bigint	0	medium	sum,count,avg
m3_dc	dcshift	int	int	0	medium	sum,count,avg
m3_dc	dcidbarang	bigint	bigint	0	medium	sum,count,avg
m3_dc	dchmstart	double	double	0	medium	avg
m3_dc	dchmstop	double	double	0	medium	avg
m3_dc	dcjmlrevisi	int	int	0	medium	sum,count,avg
m3_dc	dcinputuser	bigint	bigint unsigned	0	medium	sum,count,avg
m3_dc	dcmodifikasiuser	bigint	bigint unsigned	0	medium	sum,count,avg
m3_dc	dccustomint1	int	int	0	medium	sum,count,avg
m3_dc	dccustomint2	int	int	0	medium	sum,count,avg
m3_dc	dccustomint3	int	int	0	medium	sum,count,avg
m3_dc	dccustomdbl1	double	double	0	medium	avg
m3_dc	dccustomdbl2	double	double	0	medium	avg
m3_dc	dccustomdbl3	double	double	0	medium	avg
m3_dc_check	iddccheck	int	int	0	medium	sum,count,avg
m3_dc_check	iddc	int	int	0	medium	sum,count,avg
m3_dc_check	idkategoricheck	int	int	0	medium	sum,count,avg
m3_dc_check	status	int	int	0	medium	sum,count,avg
m3_dc_check	urutan	int	int	0	medium	sum,count,avg
m3_dc_check	customdbl1	double	double	0	medium	avg
m3_dc_check	customdbl2	double	double	0	medium	avg
m3_dc_check	customdbl3	double	double	0	medium	avg
m3_dc_check_history	iddccheckhistory	bigint	bigint	0	medium	sum,count,avg
m3_dc_check_history	iddchistory	bigint	bigint	0	medium	sum,count,avg
m3_dc_check_history	iddccheck	bigint	bigint	0	medium	sum,count,avg
m3_dc_check_history	iddc	bigint	bigint	0	medium	sum,count,avg
m3_dc_check_history	idkategoricheck	bigint	bigint	0	medium	sum,count,avg
m3_dc_check_history	status	int	int	0	medium	sum,count,avg
m3_dc_check_history	urutan	int	int	0	medium	sum,count,avg
m3_dc_check_history	customdbl1	double	double	0	medium	avg
m3_dc_check_history	customdbl2	double	double	0	medium	avg
m3_dc_check_history	customdbl3	double	double	0	medium	avg
m3_dc_detail	iddcdetail	bigint	bigint	0	medium	sum,count,avg
m3_dc_detail	iddc	bigint	bigint	0	medium	sum,count,avg
m3_dc_detail	urutan	int	int	0	medium	sum,count,avg
m3_dc_detail	jmlrealisasi	double	double	0	medium	avg
m3_dc_detail	customdbl1	double	double	0	medium	avg
m3_dc_detail	customdbl2	double	double	0	medium	avg
m3_dc_detail	customdbl3	double	double	0	medium	avg
m3_dc_detail_history	iddcdetailhistory	bigint	bigint	0	medium	sum,count,avg
m3_dc_detail_history	iddchistory	bigint	bigint	0	medium	sum,count,avg
m3_dc_detail_history	iddcdetail	bigint	bigint	0	medium	sum,count,avg
m3_dc_detail_history	iddc	bigint	bigint	0	medium	sum,count,avg
m3_dc_detail_history	urutan	int	int	0	medium	sum,count,avg
m3_dc_detail_history	jmlrealisasi	double	double	0	medium	avg
m3_dc_detail_history	customdbl1	double	double	0	medium	avg
m3_dc_detail_history	customdbl2	double	double	0	medium	avg
m3_dc_detail_history	customdbl3	double	double	0	medium	avg
m3_dc_history	dcidhistory	bigint	bigint	0	medium	sum,count,avg
m3_dc_history	dcid	bigint	bigint	0	medium	sum,count,avg
m3_dc_history	dckodepa	bigint	bigint	0	medium	sum,count,avg
m3_dc_history	dcdimintaoleh	bigint	bigint	0	medium	sum,count,avg
m3_dc_history	dcmintake	bigint	bigint	0	medium	sum,count,avg
m3_dc_history	dcshift	int	int	0	medium	sum,count,avg
m3_dc_history	dcidbarang	bigint	bigint	0	medium	sum,count,avg
m3_dc_history	dchmstart	double	double	0	medium	avg
m3_dc_history	dchmstop	double	double	0	medium	avg
m3_dc_history	dcjmlrevisi	int	int	0	medium	sum,count,avg
m3_dc_history	dcinputuser	bigint	bigint unsigned	0	medium	sum,count,avg
m3_dc_history	dcmodifikasiuser	bigint	bigint unsigned	0	medium	sum,count,avg
m3_dc_history	dccustomint1	int	int	0	medium	sum,count,avg
m3_dc_history	dccustomint2	int	int	0	medium	sum,count,avg
m3_dc_history	dccustomint3	int	int	0	medium	sum,count,avg
m3_dc_history	dccustomdbl1	double	double	0	medium	avg
m3_dc_history	dccustomdbl2	double	double	0	medium	avg
m3_dc_history	dccustomdbl3	double	double	0	medium	avg
m3_files	fidtransaksi	bigint	bigint	0	medium	sum,count,avg
m3_files	finputuser	bigint	bigint	0	medium	sum,count,avg
m3_notes	nid	bigint	bigint	0	medium	sum,count,avg
m3_notes	nidtransaksi	bigint	bigint	0	medium	sum,count,avg
m3_notes	ninputuser	bigint	bigint	0	medium	sum,count,avg
m3_notes	nmodifikasiuser	bigint	bigint	0	medium	sum,count,avg
m3_pa_detail_history	idhistorydetail	int	int	0	medium	sum,count,avg
m3_pa_detail_history	idhistory	int	int	0	medium	sum,count,avg
m3_pa_detail_history	idpadetail	bigint	bigint	0	medium	sum,count,avg
m3_pa_detail_history	idpa	bigint	bigint	0	medium	sum,count,avg
m3_pa_detail_history	idbarang	bigint	bigint	0	medium	sum,count,avg
m3_pa_detail_history	nilaisatuan	double	double	0	medium	avg
m3_pa_detail_history	kontak	bigint	bigint	0	medium	sum,count,avg
m3_pa_detail_history	kurs	double	double	0	medium	avg
m3_pa_detail_history	hargajual1lama	double	double	0	medium	avg
m3_pa_detail_history	hargajual2lama	double	double	0	medium	avg
m3_pa_detail_history	hargajual3lama	double	double	0	medium	avg
m3_pa_detail_history	hargajual4lama	double	double	0	medium	avg
m3_pa_detail_history	hargajual5lama	double	double	0	medium	avg
m3_pa_detail_history	hargajual1	double	double	0	medium	avg
m3_pa_detail_history	hargajual2	double	double	0	medium	avg
m3_pa_detail_history	hargajual3	double	double	0	medium	avg
m3_pa_detail_history	hargajual4	double	double	0	medium	avg
m3_pa_detail_history	hargajual5	double	double	0	medium	avg
m3_pa_detail_history	urutan	int	int	0	medium	sum,count,avg
m3_pa_detail_history	statusberlaku	int	int	0	medium	sum,count,avg
m3_pa_detail_history	customdbl1	double	double	0	medium	avg
m3_pa_detail_history	customdbl2	double	double	0	medium	avg
m3_pa_detail_history	customdbl3	double	double	0	medium	avg
m3_pa_detail_history	hargajual6lama	double	double	0	medium	avg
m3_pa_detail_history	hargajual7lama	double	double	0	medium	avg
m3_pa_detail_history	hargajual8lama	double	double	0	medium	avg
m3_pa_detail_history	hargajual9lama	double	double	0	medium	avg
m3_pa_detail_history	hargajual10lama	double	double	0	medium	avg
m3_pa_detail_history	hargajual6	double	double	0	medium	avg
m3_pa_detail_history	hargajual7	double	double	0	medium	avg
m3_pa_detail_history	hargajual8	double	double	0	medium	avg
m3_pa_detail_history	hargajual9	double	double	0	medium	avg
m3_pa_detail_history	hargajual10	double	double	0	medium	avg
m3_pa_history	paidhistory	int	int	0	medium	sum,count,avg
m3_pa_history	paid	bigint	bigint	0	medium	sum,count,avg
m3_pa_history	pakodepa	bigint	bigint	0	medium	sum,count,avg
m3_pa_history	pabagianpa	bigint	bigint	0	medium	sum,count,avg
m3_pa_history	pakurs	double	double	0	medium	avg
m3_pa_history	pajmlrevisi	int	int	0	medium	sum,count,avg
m3_pa_history	painputuser	bigint	bigint unsigned	0	medium	sum,count,avg
m3_pa_history	pamodifikasiuser	bigint	bigint unsigned	0	medium	sum,count,avg
m3_pa_history	pacustomint1	int	int	0	medium	sum,count,avg
m3_pa_history	pacustomint2	int	int	0	medium	sum,count,avg
m3_pa_history	pacustomint3	int	int	0	medium	sum,count,avg
m3_pa_history	pacustomdbl1	double	double	0	medium	avg
m3_pa_history	pacustomdbl2	double	double	0	medium	avg
m3_pa_history	pacustomdbl3	double	double	0	medium	avg
m3_rf	rfid	bigint	bigint	0	medium	sum,count,avg
m3_rf	rfkodepa	bigint	bigint	0	medium	sum,count,avg
m3_rf	rfdimintaoleh	bigint	bigint	0	medium	sum,count,avg
m3_rf	rfmintake	bigint	bigint	0	medium	sum,count,avg
m3_rf	rfjmlrevisi	int	int	0	medium	sum,count,avg
m3_rf	rfinputuser	bigint	bigint unsigned	0	medium	sum,count,avg
m3_rf	rfmodifikasiuser	bigint	bigint unsigned	0	medium	sum,count,avg
m3_rf	rfcustomint1	int	int	0	medium	sum,count,avg
m3_rf	rfcustomint2	int	int	0	medium	sum,count,avg
m3_rf	rfcustomint3	int	int	0	medium	sum,count,avg
m3_rf	rfcustomdbl1	double	double	0	medium	avg
m3_rf	rfcustomdbl2	double	double	0	medium	avg
m3_rf	rfcustomdbl3	double	double	0	medium	avg
m3_rf_detail	idrfdetail	bigint	bigint	0	medium	sum,count,avg
m3_rf_detail	idrf	bigint	bigint	0	medium	sum,count,avg
m3_rf_detail	idbarang	bigint	bigint	0	medium	sum,count,avg
m3_rf_detail	jml	double	double	0	medium	avg
m3_rf_detail	nilaisatuan	double	double	0	medium	avg
m3_rf_detail	jmlbarang	double	double	0	medium	avg
m3_rf_detail	kurs	double	double	0	medium	avg
m3_rf_detail	hargabeli	double	double	0	medium	avg
m3_rf_detail	hargajual	double	double	0	medium	avg
m3_rf_detail	stokterakhir	double	double	0	medium	avg
m3_rf_detail	urutan	int	int	0	medium	sum,count,avg
m3_rf_detail	jmlts	double	double	0	medium	avg
m3_rf_detail	jmlrs	double	double	0	medium	avg
m3_rf_detail	jmlrealisasi	double	double	0	medium	avg
m3_rf_detail	customdbl1	double	double	0	medium	avg
m3_rf_detail	customdbl2	double	double	0	medium	avg
m3_rf_detail	customdbl3	double	double	0	medium	avg
m3_rf_detail_history	idhistorydetail	bigint	bigint	0	medium	sum,count,avg
m3_rf_detail_history	idhistory	bigint	bigint	0	medium	sum,count,avg
m3_rf_detail_history	idrfdetail	bigint	bigint	0	medium	sum,count,avg
m3_rf_detail_history	idrf	bigint	bigint	0	medium	sum,count,avg
m3_rf_detail_history	idbarang	bigint	bigint	0	medium	sum,count,avg
m3_rf_detail_history	jml	double	double	0	medium	avg
m3_rf_detail_history	nilaisatuan	double	double	0	medium	avg
m3_rf_detail_history	jmlbarang	double	double	0	medium	avg
m3_rf_detail_history	kurs	double	double	0	medium	avg
m3_rf_detail_history	hargabeli	double	double	0	medium	avg
m3_rf_detail_history	hargajual	double	double	0	medium	avg
m3_rf_detail_history	stokterakhir	double	double	0	medium	avg
m3_rf_detail_history	urutan	int	int	0	medium	sum,count,avg
m3_rf_detail_history	jmlts	double	double	0	medium	avg
m3_rf_detail_history	jmlrs	double	double	0	medium	avg
m3_rf_detail_history	jmlrealisasi	double	double	0	medium	avg
m3_rf_detail_history	customdbl1	double	double	0	medium	avg
m3_rf_detail_history	customdbl2	double	double	0	medium	avg
m3_rf_detail_history	customdbl3	double	double	0	medium	avg
m3_rf_history	rfidhistory	bigint	bigint	0	medium	sum,count,avg
m3_rf_history	rfid	bigint	bigint	0	medium	sum,count,avg
m3_rf_history	rfkodepa	bigint	bigint	0	medium	sum,count,avg
m3_rf_history	rfdimintaoleh	bigint	bigint	0	medium	sum,count,avg
m3_rf_history	rfmintake	bigint	bigint	0	medium	sum,count,avg
m3_rf_history	rfjmlrevisi	int	int	0	medium	sum,count,avg
m3_rf_history	rfinputuser	bigint	bigint unsigned	0	medium	sum,count,avg
m3_rf_history	rfmodifikasiuser	bigint	bigint unsigned	0	medium	sum,count,avg
m3_rf_history	rfcustomint1	int	int	0	medium	sum,count,avg
m3_rf_history	rfcustomint2	int	int	0	medium	sum,count,avg
m3_rf_history	rfcustomint3	int	int	0	medium	sum,count,avg
m3_rf_history	rfcustomdbl1	double	double	0	medium	avg
m3_rf_history	rfcustomdbl2	double	double	0	medium	avg
m3_rf_history	rfcustomdbl3	double	double	0	medium	avg
m3_rw	rwid	bigint	bigint	0	medium	sum,count,avg
m3_rw	rwkodepa	bigint	bigint	0	medium	sum,count,avg
m3_rw	rwbid	bigint	bigint	0	medium	sum,count,avg
m3_rw	rwkid	bigint	bigint	0	medium	sum,count,avg
m3_rw	rwbruto	double	double	0	medium	avg
m3_rw	rwtara	double	double	0	medium	avg
m3_rw	rwneto	double	double	0	medium	avg
m3_rw	rwharga	double	double	0	medium	avg
m3_rw	rwjmlrevisi	int	int	0	medium	sum,count,avg
m3_rw	rwinputuser	bigint	bigint unsigned	0	medium	sum,count,avg
m3_rw	rwmodifikasiuser	bigint	bigint unsigned	0	medium	sum,count,avg
m3_rw	rwcustomint1	int	int	0	medium	sum,count,avg
m3_rw	rwcustomint2	int	int	0	medium	sum,count,avg
m3_rw	rwcustomint3	int	int	0	medium	sum,count,avg
m3_rw	rwcustomdbl1	double	double	0	medium	avg
m3_rw	rwcustomdbl2	double	double	0	medium	avg
m3_rw	rwcustomdbl3	double	double	0	medium	avg
m3_rw_history	rwidhistory	bigint	bigint	0	medium	sum,count,avg
m3_rw_history	rwid	bigint	bigint	0	medium	sum,count,avg
m3_rw_history	rwkodepa	bigint	bigint	0	medium	sum,count,avg
m3_rw_history	rwbid	bigint	bigint	0	medium	sum,count,avg
m3_rw_history	rwkid	bigint	bigint	0	medium	sum,count,avg
m3_rw_history	rwbruto	double	double	0	medium	avg
m3_rw_history	rwtara	double	double	0	medium	avg
m3_rw_history	rwneto	double	double	0	medium	avg
m3_rw_history	rwharga	double	double	0	medium	avg
m3_rw_history	rwjmlrevisi	int	int	0	medium	sum,count,avg
m3_rw_history	rwinputuser	bigint	bigint unsigned	0	medium	sum,count,avg
m3_rw_history	rwmodifikasiuser	bigint	bigint unsigned	0	medium	sum,count,avg
m3_rw_history	rwcustomint1	int	int	0	medium	sum,count,avg
m3_rw_history	rwcustomint2	int	int	0	medium	sum,count,avg
m3_rw_history	rwcustomint3	int	int	0	medium	sum,count,avg
m3_rw_history	rwcustomdbl1	double	double	0	medium	avg
m3_rw_history	rwcustomdbl2	double	double	0	medium	avg
m3_rw_history	rwcustomdbl3	double	double	0	medium	avg
m4_bs	bsid	bigint	bigint	0	medium	sum,count,avg
m4_bs	bskodepa	bigint	bigint	0	medium	sum,count,avg
m4_bs	bsbagianperbandingan	bigint	bigint	0	medium	sum,count,avg
m4_bs	bsidrq1	bigint	bigint	0	medium	sum,count,avg
m4_bs	bsidrq2	bigint	bigint	0	medium	sum,count,avg
m4_bs	bsidrq3	bigint	bigint	0	medium	sum,count,avg
m4_bs	bsidrq4	bigint	bigint	0	medium	sum,count,avg
m4_bs	bsidrq5	bigint	bigint	0	medium	sum,count,avg
m4_bs	bsjmlrevisi	int	int	0	medium	sum,count,avg
m4_bs	bscetakanke	int	int unsigned	0	medium	sum,count,avg
m4_bs	bsinputuser	bigint	bigint unsigned	0	medium	sum,count,avg
m4_bs	bsmodifikasiuser	bigint	bigint unsigned	0	medium	sum,count,avg
m4_bs	bscustomint1	int	int	0	medium	sum,count,avg
m4_bs	bscustomint2	int	int	0	medium	sum,count,avg
m4_bs	bscustomint3	int	int	0	medium	sum,count,avg
m4_bs	bscustomdbl1	double	double	0	medium	avg
m4_bs	bscustomdbl2	double	double	0	medium	avg
m4_bs	bscustomdbl3	double	double	0	medium	avg
m4_bs_detail	idbsdetail	bigint	bigint	0	medium	sum,count,avg
m4_bs_detail	idbs	bigint	bigint	0	medium	sum,count,avg
m4_bs_detail	idrqdetail	bigint	bigint	0	medium	sum,count,avg
m4_bs_detail	hargake	int	int	0	medium	sum,count,avg
m4_bs_detail	urutan	int	int	0	medium	sum,count,avg
m4_bs_detail_history	idhistorydetail	bigint	bigint	0	medium	sum,count,avg
m4_bs_detail_history	idhistory	bigint	bigint	0	medium	sum,count,avg
m4_bs_detail_history	idbsdetail	bigint	bigint	0	medium	sum,count,avg
m4_bs_detail_history	idbs	bigint	bigint	0	medium	sum,count,avg
m4_bs_detail_history	idrqdetail	bigint	bigint	0	medium	sum,count,avg
m4_bs_detail_history	hargake	int	int	0	medium	sum,count,avg
m4_bs_detail_history	urutan	int	int	0	medium	sum,count,avg
m4_bs_history	bsidhistory	bigint	bigint	0	medium	sum,count,avg
m4_bs_history	bsid	bigint	bigint	0	medium	sum,count,avg
m4_bs_history	bskodepa	bigint	bigint	0	medium	sum,count,avg
m4_bs_history	bsbagianperbandingan	bigint	bigint	0	medium	sum,count,avg
m4_bs_history	bsidrq1	bigint	bigint	0	medium	sum,count,avg
m4_bs_history	bsidrq2	bigint	bigint	0	medium	sum,count,avg
m4_bs_history	bsidrq3	bigint	bigint	0	medium	sum,count,avg
m4_bs_history	bsidrq4	bigint	bigint	0	medium	sum,count,avg
m4_bs_history	bsidrq5	bigint	bigint	0	medium	sum,count,avg
m4_bs_history	bsjmlrevisi	int	int	0	medium	sum,count,avg
m4_bs_history	bscetakanke	int	int unsigned	0	medium	sum,count,avg
m4_bs_history	bsinputuser	bigint	bigint unsigned	0	medium	sum,count,avg
m4_bs_history	bsmodifikasiuser	bigint	bigint unsigned	0	medium	sum,count,avg
m4_bs_history	bscustomint1	int	int	0	medium	sum,count,avg
m4_bs_history	bscustomint2	int	int	0	medium	sum,count,avg
m4_bs_history	bscustomint3	int	int	0	medium	sum,count,avg
m4_bs_history	bscustomdbl1	double	double	0	medium	avg
m4_bs_history	bscustomdbl2	double	double	0	medium	avg
m4_bs_history	bscustomdbl3	double	double	0	medium	avg
m4_cs	csid	bigint	bigint	0	medium	sum,count,avg
m4_cs	cskodepa	bigint	bigint	0	medium	sum,count,avg
m4_cs	cssupplier	bigint	bigint	0	medium	sum,count,avg
m4_cs	csbagianpembelian	bigint	bigint	0	medium	sum,count,avg
m4_cs	cskurs	double	double	0	medium	avg
m4_cs	csdiskon	double	double	0	medium	avg
m4_cs	csbiayalain	double	double	0	medium	avg
m4_cs	csidpr	bigint	bigint	0	medium	sum,count,avg
m4_cs	csidcs	bigint	bigint	0	medium	sum,count,avg
m4_cs	csjmlrevisi	int	int	0	medium	sum,count,avg
m4_cs	csinputuser	bigint	bigint unsigned	0	medium	sum,count,avg
m4_cs	csmodifikasiuser	bigint	bigint unsigned	0	medium	sum,count,avg
m4_cs	cscustomint1	int	int	0	medium	sum,count,avg
m4_cs	cscustomint2	int	int	0	medium	sum,count,avg
m4_cs	cscustomint3	int	int	0	medium	sum,count,avg
m4_cs	cscustomdbl1	double	double	0	medium	avg
m4_cs	cscustomdbl2	double	double	0	medium	avg
m4_cs	cscustomdbl3	double	double	0	medium	avg
m4_cs_detail	idcsdetail	bigint	bigint	0	medium	sum,count,avg
m4_cs_detail	idcs	bigint	bigint	0	medium	sum,count,avg
m4_cs_detail	idbarang	bigint	bigint	0	medium	sum,count,avg
m4_cs_detail	jml	double	double	0	medium	avg
m4_cs_detail	nilaisatuan	double	double	0	medium	avg
m4_cs_detail	jmlbarang	double	double	0	medium	avg
m4_cs_detail	kurs	double	double	0	medium	avg
m4_cs_detail	harga	double	double	0	medium	avg
m4_cs_detail	jmldiskon	double	double	0	medium	avg
m4_cs_detail	jmlpajak1	double	double	0	medium	avg
m4_cs_detail	jmlpajak2	double	double	0	medium	avg
m4_cs_detail	urutan	int	int	0	medium	sum,count,avg
m4_cs_detail	idprdetail	bigint	bigint	0	medium	sum,count,avg
m4_cs_detail	jmlpo	double	double	0	medium	avg
m4_cs_detail	jmlipc	double	double	0	medium	avg
m4_cs_detail	jmlgrn	double	double	0	medium	avg
m4_cs_detail	jmlri	double	double	0	medium	avg
m4_cs_detail	jmldnr	double	double	0	medium	avg
m4_cs_detail	jmlprt	double	double	0	medium	avg
m4_cs_detail	jmlrealisasi	double	double	0	medium	avg
m4_cs_detail	customdbl1	double	double	0	medium	avg
m4_cs_detail	customdbl2	double	double	0	medium	avg
m4_cs_detail	customdbl3	double	double	0	medium	avg
m4_dnr	dnrid	bigint	bigint	0	medium	sum,count,avg
m4_dnr	dnrkodepa	bigint	bigint	0	medium	sum,count,avg
m4_dnr	dnrsupplier	bigint	bigint	0	medium	sum,count,avg
m4_dnr	dnrbagianpembelian	bigint	bigint	0	medium	sum,count,avg
m4_dnr	dnrkurs	double	double	0	medium	avg
m4_dnr	dnrjmldiskon	double	double	0	medium	avg
m4_dnr	dnrbiayalain	double	double	0	medium	avg
m4_dnr	dnrjmlbayar	double	double	0	medium	avg
m4_dnr	dnridpr	bigint	bigint	0	medium	sum,count,avg
m4_dnr	dnridcs	bigint	bigint	0	medium	sum,count,avg
m4_dnr	dnridrq	bigint	bigint	0	medium	sum,count,avg
m4_dnr	dnridbs	bigint	bigint	0	medium	sum,count,avg
m4_dnr	dnridpo	bigint	bigint	0	medium	sum,count,avg
m4_dnr	dnridipc	bigint	bigint	0	medium	sum,count,avg
m4_dnr	dnridgrn	bigint	bigint	0	medium	sum,count,avg
m4_dnr	dnridri	bigint	bigint	0	medium	sum,count,avg
m4_dnr	dnrjmlrevisi	int	int	0	medium	sum,count,avg
m4_dnr	dnrinputuser	bigint	bigint unsigned	0	medium	sum,count,avg
m4_dnr	dnrmodifikasiuser	bigint	bigint unsigned	0	medium	sum,count,avg
m4_dnr	dnrcustomint1	int	int	0	medium	sum,count,avg
m4_dnr	dnrcustomint2	int	int	0	medium	sum,count,avg
m4_dnr	dnrcustomint3	int	int	0	medium	sum,count,avg
m4_dnr	dnrcustomdbl1	double	double	0	medium	avg
m4_dnr	dnrcustomdbl2	double	double	0	medium	avg
m4_dnr	dnrcustomdbl3	double	double	0	medium	avg
m4_dnr_detail	iddnrdetail	bigint	bigint	0	medium	sum,count,avg
m4_dnr_detail	iddnr	bigint	bigint unsigned	0	medium	sum,count,avg
m4_dnr_detail	idbarang	bigint	bigint	0	medium	sum,count,avg
m4_dnr_detail	jml	double	double	0	medium	avg
m4_dnr_detail	nilaisatuan	double	double	0	medium	avg
m4_dnr_detail	jmlbarang	double	double	0	medium	avg
m4_dnr_detail	kurs	double	double	0	medium	avg
m4_dnr_detail	idhppkhususmasuk	bigint	bigint	0	medium	sum,count,avg
m4_dnr_detail	idhppfifomasuk	bigint	bigint	0	medium	sum,count,avg
m4_dnr_detail	hpp	double	double	0	medium	avg
m4_dnr_detail	harga	double	double	0	medium	avg
m4_dnr_detail	jmldiskon	double	double	0	medium	avg
m4_dnr_detail	jmlpajak1	double	double	0	medium	avg
m4_dnr_detail	jmlpajak2	double	double	0	medium	avg
m4_dnr_detail	urutan	int	int	0	medium	sum,count,avg
m4_dnr_detail	idprdetail	bigint	bigint	0	medium	sum,count,avg
m4_dnr_detail	idcsdetail	bigint	bigint	0	medium	sum,count,avg
m4_dnr_detail	idrqdetail	bigint	bigint	0	medium	sum,count,avg
m4_dnr_detail	idbsdetail	bigint	bigint	0	medium	sum,count,avg
m4_dnr_detail	idpodetail	bigint	bigint	0	medium	sum,count,avg
m4_dnr_detail	idipcdetail	bigint	bigint	0	medium	sum,count,avg
m4_dnr_detail	idgrndetail	bigint	bigint	0	medium	sum,count,avg
m4_dnr_detail	idridetail	bigint	bigint	0	medium	sum,count,avg
m4_dnr_detail	jmlprt	double	double	0	medium	avg
m4_dnr_detail	jmlrealisasi	double	double	0	medium	avg
m4_dnr_detail	customdbl1	double	double	0	medium	avg
m4_dnr_detail	customdbl2	double	double	0	medium	avg
m4_dnr_detail	customdbl3	double	double	0	medium	avg
m4_dnr_detail_history	idhistorydetail	bigint	bigint	0	medium	sum,count,avg
m4_dnr_detail_history	idhistory	bigint	bigint	0	medium	sum,count,avg
m4_dnr_detail_history	iddnrdetail	bigint	bigint	0	medium	sum,count,avg
m4_dnr_detail_history	iddnr	bigint	bigint unsigned	0	medium	sum,count,avg
m4_dnr_detail_history	idbarang	bigint	bigint	0	medium	sum,count,avg
m4_dnr_detail_history	jml	double	double	0	medium	avg
m4_dnr_detail_history	nilaisatuan	double	double	0	medium	avg
m4_dnr_detail_history	jmlbarang	double	double	0	medium	avg
m4_dnr_detail_history	kurs	double	double	0	medium	avg
m4_dnr_detail_history	idhppkhususmasuk	bigint	bigint	0	medium	sum,count,avg
m4_dnr_detail_history	idhppfifomasuk	bigint	bigint	0	medium	sum,count,avg
m4_dnr_detail_history	hpp	double	double	0	medium	avg
m4_dnr_detail_history	harga	double	double	0	medium	avg
m4_dnr_detail_history	jmldiskon	double	double	0	medium	avg
m4_dnr_detail_history	jmlpajak1	double	double	0	medium	avg
m4_dnr_detail_history	jmlpajak2	double	double	0	medium	avg
m4_dnr_detail_history	urutan	int	int	0	medium	sum,count,avg
m4_dnr_detail_history	idprdetail	bigint	bigint	0	medium	sum,count,avg
m4_dnr_detail_history	idcsdetail	bigint	bigint	0	medium	sum,count,avg
m4_dnr_detail_history	idrqdetail	bigint	bigint	0	medium	sum,count,avg
m4_dnr_detail_history	idbsdetail	bigint	bigint	0	medium	sum,count,avg
m4_dnr_detail_history	idpodetail	bigint	bigint	0	medium	sum,count,avg
m4_dnr_detail_history	idipcdetail	bigint	bigint	0	medium	sum,count,avg
m4_dnr_detail_history	idgrndetail	bigint	bigint	0	medium	sum,count,avg
m4_dnr_detail_history	idridetail	bigint	bigint	0	medium	sum,count,avg
m4_dnr_detail_history	jmlprt	double	double	0	medium	avg
m4_dnr_detail_history	jmlrealisasi	double	double	0	medium	avg
m4_dnr_detail_history	customdbl1	double	double	0	medium	avg
m4_dnr_detail_history	customdbl2	double	double	0	medium	avg
m4_dnr_detail_history	customdbl3	double	double	0	medium	avg
m4_dnr_history	dnridhistory	bigint	bigint	0	medium	sum,count,avg
m4_dnr_history	dnrid	bigint	bigint	0	medium	sum,count,avg
m4_dnr_history	dnrkodepa	bigint	bigint	0	medium	sum,count,avg
m4_dnr_history	dnrsupplier	bigint	bigint	0	medium	sum,count,avg
m4_dnr_history	dnrbagianpembelian	bigint	bigint	0	medium	sum,count,avg
m4_dnr_history	dnrkurs	double	double	0	medium	avg
m4_dnr_history	dnrjmldiskon	double	double	0	medium	avg
m4_dnr_history	dnrbiayalain	double	double	0	medium	avg
m4_dnr_history	dnrjmlbayar	double	double	0	medium	avg
m4_dnr_history	dnridpr	int	int	0	medium	sum,count,avg
m4_dnr_history	dnridcs	bigint	bigint	0	medium	sum,count,avg
m4_dnr_history	dnridrq	bigint	bigint	0	medium	sum,count,avg
m4_dnr_history	dnridbs	bigint	bigint	0	medium	sum,count,avg
m4_dnr_history	dnridpo	bigint	bigint	0	medium	sum,count,avg
m4_dnr_history	dnridipc	bigint	bigint	0	medium	sum,count,avg
m4_dnr_history	dnridgrn	bigint	bigint	0	medium	sum,count,avg
m4_dnr_history	dnridri	bigint	bigint	0	medium	sum,count,avg
m4_dnr_history	dnrjmlrevisi	int	int	0	medium	sum,count,avg
m4_dnr_history	dnrinputuser	bigint	bigint unsigned	0	medium	sum,count,avg
m4_dnr_history	dnrmodifikasiuser	bigint	bigint unsigned	0	medium	sum,count,avg
m4_dnr_history	dnrcustomint1	int	int	0	medium	sum,count,avg
m4_dnr_history	dnrcustomint2	int	int	0	medium	sum,count,avg
m4_dnr_history	dnrcustomint3	int	int	0	medium	sum,count,avg
m4_dnr_history	dnrcustomdbl1	double	double	0	medium	avg
m4_dnr_history	dnrcustomdbl2	double	double	0	medium	avg
m4_dnr_history	dnrcustomdbl3	double	double	0	medium	avg
m4_files	fidtransaksi	bigint	bigint	0	medium	sum,count,avg
m4_files	finputuser	bigint	bigint	0	medium	sum,count,avg
m4_grn_cost	idgrn	bigint	bigint	0	medium	sum,count,avg
m4_grn_cost	kurs	double	double	0	medium	avg
m4_grn_cost	jumlah	double	double	0	medium	avg
m4_grn_cost	kontak	bigint	bigint	0	medium	sum,count,avg
m4_grn_cost	urutan	int	int	0	medium	sum,count,avg
m4_grn_cost	jumlahri	double	double	0	medium	avg
m4_grn_cost	jumlahbayar	double	double	0	medium	avg
m4_grn_cost	isclose	int	int	0	medium	sum,count,avg
m4_grn_cost	customdbl1	double	double	0	medium	avg
m4_grn_cost	customdbl2	double	double	0	medium	avg
m4_grn_cost	customdbl3	double	double	0	medium	avg
m4_grn_cost_history	idhistory	bigint	bigint	0	medium	sum,count,avg
m4_grn_cost_history	idgrn	bigint	bigint	0	medium	sum,count,avg
m4_grn_cost_history	kurs	double	double	0	medium	avg
m4_grn_cost_history	jumlah	double	double	0	medium	avg
m4_grn_cost_history	kontak	bigint	bigint	0	medium	sum,count,avg
m4_grn_cost_history	urutan	int	int	0	medium	sum,count,avg
m4_grn_cost_history	jumlahri	double	double	0	medium	avg
m4_grn_cost_history	jumlahbayar	double	double	0	medium	avg
m4_grn_cost_history	isclose	int	int	0	medium	sum,count,avg
m4_grn_cost_history	customdbl1	double	double	0	medium	avg
m4_grn_cost_history	customdbl2	double	double	0	medium	avg
m4_grn_cost_history	customdbl3	double	double	0	medium	avg
m4_ipc	ipcid	bigint	bigint	0	medium	sum,count,avg
m4_ipc	ipckodepa	bigint	bigint	0	medium	sum,count,avg
m4_ipc	ipcsupplier	bigint	bigint	0	medium	sum,count,avg
m4_ipc	ipcbagianpembelian	bigint	bigint	0	medium	sum,count,avg
m4_ipc	ipckurs	double	double	0	medium	avg
m4_ipc	ipcjmldiskon	double	double	0	medium	avg
m4_ipc	ipcbiayalain	double	double	0	medium	avg
m4_ipc	ipcjmlbayar	double	double	0	medium	avg
m4_ipc	ipcidpr	bigint	bigint	0	medium	sum,count,avg
m4_ipc	ipcidcs	bigint	bigint	0	medium	sum,count,avg
m4_ipc	ipcidrq	bigint	bigint	0	medium	sum,count,avg
m4_ipc	ipcidbs	bigint	bigint	0	medium	sum,count,avg
m4_ipc	ipcjmlrevisi	int	int	0	medium	sum,count,avg
m4_ipc	ipcinputuser	bigint	bigint unsigned	0	medium	sum,count,avg
m4_ipc	ipcmodifikasiuser	bigint	bigint unsigned	0	medium	sum,count,avg
m4_ipc	ipccustomint1	int	int	0	medium	sum,count,avg
m4_ipc	ipccustomint2	int	int	0	medium	sum,count,avg
m4_ipc	ipccustomint3	int	int	0	medium	sum,count,avg
m4_ipc	ipccustomdbl1	double	double	0	medium	avg
m4_ipc	ipccustomdbl2	double	double	0	medium	avg
m4_ipc	ipccustomdbl3	double	double	0	medium	avg
m4_ipc_detail	idipcdetail	bigint	bigint	0	medium	sum,count,avg
m4_ipc_detail	idipc	bigint	bigint	0	medium	sum,count,avg
m4_ipc_detail	idbarang	bigint	bigint	0	medium	sum,count,avg
m4_ipc_detail	jml	double	double	0	medium	avg
m4_ipc_detail	nilaisatuan	double	double	0	medium	avg
m4_ipc_detail	jmlbarang	double	double	0	medium	avg
m4_ipc_detail	kurs	double	double	0	medium	avg
m4_ipc_detail	harga	double	double	0	medium	avg
m4_ipc_detail	jmldiskon	double	double	0	medium	avg
m4_ipc_detail	jmlpajak1	double	double	0	medium	avg
m4_ipc_detail	jmlpajak2	double	double	0	medium	avg
m4_ipc_detail	urutan	int	int	0	medium	sum,count,avg
m4_ipc_detail	idprdetail	bigint	bigint	0	medium	sum,count,avg
m4_ipc_detail	idcsdetail	bigint	bigint	0	medium	sum,count,avg
m4_ipc_detail	idrqdetail	bigint	bigint	0	medium	sum,count,avg
m4_ipc_detail	idbsdetail	bigint	bigint	0	medium	sum,count,avg
m4_ipc_detail	jmlipc	double	double	0	medium	avg
m4_ipc_detail	jmlgrn	double	double	0	medium	avg
m4_ipc_detail	jmlri	double	double	0	medium	avg
m4_ipc_detail	jmldnr	double	double	0	medium	avg
m4_ipc_detail	jmlprt	double	double	0	medium	avg
m4_ipc_detail	jmlrealisasi	double	double	0	medium	avg
m4_ipc_detail	customdbl1	double	double	0	medium	avg
m4_ipc_detail	customdbl2	double	double	0	medium	avg
m4_ipc_detail	customdbl3	double	double	0	medium	avg
m4_notes	nid	bigint	bigint	0	medium	sum,count,avg
m4_notes	nidtransaksi	bigint	bigint	0	medium	sum,count,avg
m4_notes	ninputuser	bigint	bigint	0	medium	sum,count,avg
m4_notes	nmodifikasiuser	bigint	bigint	0	medium	sum,count,avg
m4_po_cost	idpo	bigint	bigint	0	medium	sum,count,avg
m4_po_cost	kurs	double	double	0	medium	avg
m4_po_cost	jumlah	double	double	0	medium	avg
m4_po_cost	kontak	bigint	bigint	0	medium	sum,count,avg
m4_po_cost	urutan	int	int	0	medium	sum,count,avg
m4_po_cost	jumlahipc	double	double	0	medium	avg
m4_po_cost	jumlahgrn	double	double	0	medium	avg
m4_po_cost	jumlahri	double	double	0	medium	avg
m4_po_cost	jumlahbayar	double	double	0	medium	avg
m4_po_cost	isclose	int	int	0	medium	sum,count,avg
m4_po_cost	customdbl1	double	double	0	medium	avg
m4_po_cost	customdbl2	double	double	0	medium	avg
m4_po_cost	customdbl3	double	double	0	medium	avg
m4_po_cost_history	idhistory	bigint	bigint	0	medium	sum,count,avg
m4_po_cost_history	idpo	bigint	bigint	0	medium	sum,count,avg
m4_po_cost_history	kurs	double	double	0	medium	avg
m4_po_cost_history	jumlah	double	double	0	medium	avg
m4_po_cost_history	kontak	bigint	bigint	0	medium	sum,count,avg
m4_po_cost_history	urutan	int	int	0	medium	sum,count,avg
m4_po_cost_history	jumlahipc	double	double	0	medium	avg
m4_po_cost_history	jumlahgrn	double	double	0	medium	avg
m4_po_cost_history	jumlahri	double	double	0	medium	avg
m4_po_cost_history	jumlahbayar	double	double	0	medium	avg
m4_po_cost_history	isclose	int	int	0	medium	sum,count,avg
m4_po_cost_history	customdbl1	double	double	0	medium	avg
m4_po_cost_history	customdbl2	double	double	0	medium	avg
m4_po_cost_history	customdbl3	double	double	0	medium	avg
m4_po_trans	idpotrans	bigint	bigint	0	medium	sum,count,avg
m4_po_trans	idpo	bigint	bigint	0	medium	sum,count,avg
m4_po_trans	idtransaksi	bigint	bigint	0	medium	sum,count,avg
m4_po_trans	urutan	int	int	0	medium	sum,count,avg
m4_po_trans	customdbl1	double	double	0	medium	avg
m4_po_trans	customdbl2	double	double	0	medium	avg
m4_po_trans	customdbl3	double	double	0	medium	avg
m4_po_trans	customdbl4	double	double	0	medium	avg
m4_po_trans	customdbl5	double	double	0	medium	avg
m4_po_trans_history	idpotranshistory	bigint	bigint	0	medium	sum,count,avg
m4_po_trans_history	idhistory	bigint	bigint	0	medium	sum,count,avg
m4_po_trans_history	idpotrans	bigint	bigint	0	medium	sum,count,avg
m4_po_trans_history	idpo	bigint	bigint	0	medium	sum,count,avg
m4_po_trans_history	idtransaksi	bigint	bigint	0	medium	sum,count,avg
m4_po_trans_history	urutan	int	int	0	medium	sum,count,avg
m4_po_trans_history	customdbl1	double	double	0	medium	avg
m4_po_trans_history	customdbl2	double	double	0	medium	avg
m4_po_trans_history	customdbl3	double	double	0	medium	avg
m4_po_trans_history	customdbl4	double	double	0	medium	avg
m4_po_trans_history	customdbl5	double	double	0	medium	avg
m4_pp	ppid	bigint	bigint	0	medium	sum,count,avg
m4_pp	ppkodepa	bigint	bigint	0	medium	sum,count,avg
m4_pp	ppkontak	bigint	bigint	0	medium	sum,count,avg
m4_pp	ppbagianpembayaran	bigint	bigint	0	medium	sum,count,avg
m4_pp	ppidri	bigint	bigint	0	medium	sum,count,avg
m4_pp	ppkurs	double	double	0	medium	avg
m4_pp	ppjumlah	double	double	0	medium	avg
m4_pp	ppjumlahvalas	double	double	0	medium	avg
m4_pp	ppjumlahbayar	double	double	0	medium	avg
m4_pp	ppjumlahbayarvalas	double	double	0	medium	avg
m4_pp	ppjmlrevisi	int	int	0	medium	sum,count,avg
m4_pp	ppinputuser	bigint	bigint	0	medium	sum,count,avg
m4_pp	ppmodifikasiuser	bigint	bigint	0	medium	sum,count,avg
m4_pp	ppisclose	int	int	0	medium	sum,count,avg
m4_pp	ppcustomint1	int	int	0	medium	sum,count,avg
m4_pp	ppcustomint2	int	int	0	medium	sum,count,avg
m4_pp	ppcustomint3	int	int	0	medium	sum,count,avg
m4_pp	ppcustomdbl1	double	double	0	medium	avg
m4_pp	ppcustomdbl2	double	double	0	medium	avg
m4_pp	ppcustomdbl3	double	double	0	medium	avg
m4_pp_pay	idppcarabayar	bigint	bigint	0	medium	sum,count,avg
m4_pp_pay	idpp	bigint	bigint	0	medium	sum,count,avg
m4_pp_pay	kurs	double	double	0	medium	avg
m4_pp_pay	jumlah	double	double	0	medium	avg
m4_pp_pay	jumlahvalas	double	double	0	medium	avg
m4_pp_pay	urutan	int	int	0	medium	sum,count,avg
m4_pr_trans	idprtrans	bigint	bigint	0	medium	sum,count,avg
m4_pr_trans	idpr	bigint	bigint	0	medium	sum,count,avg
m4_pr_trans	idtransaksi	bigint	bigint	0	medium	sum,count,avg
m4_pr_trans	urutan	int	int	0	medium	sum,count,avg
m4_pr_trans	customdbl1	double	double	0	medium	avg
m4_pr_trans	customdbl2	double	double	0	medium	avg
m4_pr_trans	customdbl3	double	double	0	medium	avg
m4_pr_trans	customdbl4	double	double	0	medium	avg
m4_pr_trans	customdbl5	double	double	0	medium	avg
m4_pr_trans_history	idprtranshistory	bigint	bigint	0	medium	sum,count,avg
m4_pr_trans_history	idhistory	bigint	bigint	0	medium	sum,count,avg
m4_pr_trans_history	idprtrans	bigint	bigint	0	medium	sum,count,avg
m4_pr_trans_history	idpr	bigint	bigint	0	medium	sum,count,avg
m4_pr_trans_history	idtransaksi	bigint	bigint	0	medium	sum,count,avg
m4_pr_trans_history	urutan	int	int	0	medium	sum,count,avg
m4_pr_trans_history	customdbl1	double	double	0	medium	avg
m4_pr_trans_history	customdbl2	double	double	0	medium	avg
m4_pr_trans_history	customdbl3	double	double	0	medium	avg
m4_pr_trans_history	customdbl4	double	double	0	medium	avg
m4_pr_trans_history	customdbl5	double	double	0	medium	avg
m4_ri_cost	idri	bigint	bigint	0	medium	sum,count,avg
m4_ri_cost	kurs	double	double	0	medium	avg
m4_ri_cost	jumlah	double	double	0	medium	avg
m4_ri_cost	kontak	bigint	bigint	0	medium	sum,count,avg
m4_ri_cost	urutan	int	int	0	medium	sum,count,avg
m4_ri_cost	jumlahbayar	double	double	0	medium	avg
m4_ri_cost	isclose	int	int	0	medium	sum,count,avg
m4_ri_cost	customdbl1	double	double	0	medium	avg
m4_ri_cost	customdbl2	double	double	0	medium	avg
m4_ri_cost	customdbl3	double	double	0	medium	avg
m4_ri_cost_history	idhistory	bigint	bigint	0	medium	sum,count,avg
m4_ri_cost_history	idri	bigint	bigint	0	medium	sum,count,avg
m4_ri_cost_history	kurs	double	double	0	medium	avg
m4_ri_cost_history	jumlah	double	double	0	medium	avg
m4_ri_cost_history	kontak	bigint	bigint	0	medium	sum,count,avg
m4_ri_cost_history	urutan	int	int	0	medium	sum,count,avg
m4_ri_cost_history	jumlahbayar	double	double	0	medium	avg
m4_ri_cost_history	isclose	int	int	0	medium	sum,count,avg
m4_ri_cost_history	customdbl1	double	double	0	medium	avg
m4_ri_cost_history	customdbl2	double	double	0	medium	avg
m4_ri_cost_history	customdbl3	double	double	0	medium	avg
m5_cl	clid	bigint	bigint	0	medium	sum,count,avg
m5_cl	clkodepa	bigint	bigint	0	medium	sum,count,avg
m5_cl	clcustomer	bigint	bigint	0	medium	sum,count,avg
m5_cl	clbagianpenjualan	bigint	bigint	0	medium	sum,count,avg
m5_cl	clkurs	double	double	0	medium	avg
m5_cl	cljmldiskon	double	double	0	medium	avg
m5_cl	clbiayalain	double	double	0	medium	avg
m5_cl	cljmlbayar	double	double	0	medium	avg
m5_cl	clidso	bigint	bigint	0	medium	sum,count,avg
m5_cl	cljmlrevisi	int	int	0	medium	sum,count,avg
m5_cl	clinputuser	bigint	bigint unsigned	0	medium	sum,count,avg
m5_cl	clmodifikasiuser	bigint	bigint unsigned	0	medium	sum,count,avg
m5_cl	clcustomint1	int	int	0	medium	sum,count,avg
m5_cl	clcustomint2	int	int	0	medium	sum,count,avg
m5_cl	clcustomint3	int	int	0	medium	sum,count,avg
m5_cl	clcustomdbl1	double	double	0	medium	avg
m5_cl	clcustomdbl2	double	double	0	medium	avg
m5_cl	clcustomdbl3	double	double	0	medium	avg
m5_cl	clidsodetail	bigint	bigint	0	medium	sum,count,avg
m5_cl	clidbarang	bigint	bigint	0	medium	sum,count,avg
m5_cl	cljml	double	double	0	medium	avg
m5_cl	clnilaisatuan	double	double	0	medium	avg
m5_cl	cljmlbarang	double	double	0	medium	avg
m5_cl_history	clidhistory	bigint	bigint	0	medium	sum,count,avg
m5_cl_history	clid	bigint	bigint	0	medium	sum,count,avg
m5_cl_history	clkodepa	bigint	bigint	0	medium	sum,count,avg
m5_cl_history	clcustomer	bigint	bigint	0	medium	sum,count,avg
m5_cl_history	clbagianpenjualan	bigint	bigint	0	medium	sum,count,avg
m5_cl_history	clkurs	double	double	0	medium	avg
m5_cl_history	cljmldiskon	double	double	0	medium	avg
m5_cl_history	clbiayalain	double	double	0	medium	avg
m5_cl_history	cljmlbayar	double	double	0	medium	avg
m5_cl_history	clidso	bigint	bigint	0	medium	sum,count,avg
m5_cl_history	cljmlrevisi	int	int	0	medium	sum,count,avg
m5_cl_history	clinputuser	bigint	bigint unsigned	0	medium	sum,count,avg
m5_cl_history	clmodifikasiuser	bigint	bigint unsigned	0	medium	sum,count,avg
m5_cl_history	clcustomint1	int	int	0	medium	sum,count,avg
m5_cl_history	clcustomint2	int	int	0	medium	sum,count,avg
m5_cl_history	clcustomint3	int	int	0	medium	sum,count,avg
m5_cl_history	clcustomdbl1	double	double	0	medium	avg
m5_cl_history	clcustomdbl2	double	double	0	medium	avg
m5_cl_history	clcustomdbl3	double	double	0	medium	avg
m5_cl_history	clidsodetail	bigint	bigint	0	medium	sum,count,avg
m5_cl_history	clidbarang	bigint	bigint	0	medium	sum,count,avg
m5_cl_history	cljml	double	double	0	medium	avg
m5_cl_history	clnilaisatuan	double	double	0	medium	avg
m5_cl_history	cljmlbarang	double	double	0	medium	avg
m5_files	fidtransaksi	bigint	bigint	0	medium	sum,count,avg
m5_files	finputuser	bigint	bigint	0	medium	sum,count,avg
m5_notes	nid	bigint	bigint	0	medium	sum,count,avg
m5_notes	nidtransaksi	bigint	bigint	0	medium	sum,count,avg
m5_notes	ninputuser	bigint	bigint	0	medium	sum,count,avg
m5_notes	nmodifikasiuser	bigint	bigint	0	medium	sum,count,avg
m5_print	pidtransaksi	bigint	bigint	0	medium	sum,count,avg
m5_print	pmodul	bigint	bigint	0	medium	sum,count,avg
m5_print	pmenu	bigint	bigint	0	medium	sum,count,avg
m5_print	pitem	bigint	bigint	0	medium	sum,count,avg
m5_print	pcetakanke	double	double	0	medium	avg
m5_rnr	rnrid	bigint	bigint	0	medium	sum,count,avg
m5_rnr	rnrkodepa	bigint	bigint	0	medium	sum,count,avg
m5_rnr	rnrcustomer	bigint	bigint	0	medium	sum,count,avg
m5_rnr	rnrbagianpenjualan	bigint	bigint	0	medium	sum,count,avg
m5_rnr	rnrkurs	double	double	0	medium	avg
m5_rnr	rnrjmldiskon	double	double	0	medium	avg
m5_rnr	rnrbiayalain	double	double	0	medium	avg
m5_rnr	rnrjmlbayar	double	double	0	medium	avg
m5_rnr	rnridsq	bigint	bigint	0	medium	sum,count,avg
m5_rnr	rnridso	bigint	bigint	0	medium	sum,count,avg
m5_rnr	rnridpi	bigint	bigint	0	medium	sum,count,avg
m5_rnr	rnridpl	bigint	bigint	0	medium	sum,count,avg
m5_rnr	rnriddo	bigint	bigint	0	medium	sum,count,avg
m5_rnr	rnriddr	bigint	bigint	0	medium	sum,count,avg
m5_rnr	rnridsi	bigint	bigint	0	medium	sum,count,avg
m5_rnr	rnrjmlrevisi	int	int	0	medium	sum,count,avg
m5_rnr	rnrinputuser	bigint	bigint unsigned	0	medium	sum,count,avg
m5_rnr	rnrmodifikasiuser	bigint	bigint unsigned	0	medium	sum,count,avg
m5_rnr	rnrcustomint1	int	int	0	medium	sum,count,avg
m5_rnr	rnrcustomint2	int	int	0	medium	sum,count,avg
m5_rnr	rnrcustomint3	int	int	0	medium	sum,count,avg
m5_rnr	rnrcustomdbl1	double	double	0	medium	avg
m5_rnr	rnrcustomdbl2	double	double	0	medium	avg
m5_rnr	rnrcustomdbl3	double	double	0	medium	avg
m5_rnr_detail	idrnrdetail	bigint	bigint	0	medium	sum,count,avg
m5_rnr_detail	idrnr	bigint	bigint unsigned	0	medium	sum,count,avg
m5_rnr_detail	idbarang	bigint	bigint	0	medium	sum,count,avg
m5_rnr_detail	jml	double	double	0	medium	avg
m5_rnr_detail	nilaisatuan	double	double	0	medium	avg
m5_rnr_detail	jmlbarang	double	double	0	medium	avg
m5_rnr_detail	kurs	double	double	0	medium	avg
m5_rnr_detail	idhppkhususkeluar	bigint	bigint	0	medium	sum,count,avg
m5_rnr_detail	idhppfifokeluar	bigint	bigint	0	medium	sum,count,avg
m5_rnr_detail	harga	double	double	0	medium	avg
m5_rnr_detail	hpp	double	double	0	medium	avg
m5_rnr_detail	jmldiskon	double	double	0	medium	avg
m5_rnr_detail	jmlpajak1	double	double	0	medium	avg
m5_rnr_detail	jmlpajak2	double	double	0	medium	avg
m5_rnr_detail	urutan	int	int	0	medium	sum,count,avg
m5_rnr_detail	idsqdetail	bigint	bigint	0	medium	sum,count,avg
m5_rnr_detail	idsodetail	bigint	bigint	0	medium	sum,count,avg
m5_rnr_detail	idpidetail	bigint	bigint	0	medium	sum,count,avg
m5_rnr_detail	idpldetail	bigint	bigint	0	medium	sum,count,avg
m5_rnr_detail	iddodetail	bigint	bigint	0	medium	sum,count,avg
m5_rnr_detail	iddrdetail	bigint	bigint	0	medium	sum,count,avg
m5_rnr_detail	idsidetail	bigint	bigint	0	medium	sum,count,avg
m5_rnr_detail	jmlsr	double	double	0	medium	avg
m5_rnr_detail	jmlrealisasi	double	double	0	medium	avg
m5_rnr_detail	customdbl1	double	double	0	medium	avg
m5_rnr_detail	customdbl2	double	double	0	medium	avg
m5_rnr_detail	customdbl3	double	double	0	medium	avg
m5_rnr_detail_history	idhistorydetail	bigint	bigint	0	medium	sum,count,avg
m5_rnr_detail_history	idhistory	bigint	bigint	0	medium	sum,count,avg
m5_rnr_detail_history	idrnrdetail	bigint	bigint	0	medium	sum,count,avg
m5_rnr_detail_history	idrnr	bigint	bigint unsigned	0	medium	sum,count,avg
m5_rnr_detail_history	idbarang	bigint	bigint	0	medium	sum,count,avg
m5_rnr_detail_history	jml	double	double	0	medium	avg
m5_rnr_detail_history	nilaisatuan	double	double	0	medium	avg
m5_rnr_detail_history	jmlbarang	double	double	0	medium	avg
m5_rnr_detail_history	kurs	double	double	0	medium	avg
m5_rnr_detail_history	idhppkhususkeluar	bigint	bigint	0	medium	sum,count,avg
m5_rnr_detail_history	idhppfifokeluar	bigint	bigint	0	medium	sum,count,avg
m5_rnr_detail_history	harga	double	double	0	medium	avg
m5_rnr_detail_history	hpp	double	double	0	medium	avg
m5_rnr_detail_history	jmldiskon	double	double	0	medium	avg
m5_rnr_detail_history	jmlpajak1	double	double	0	medium	avg
m5_rnr_detail_history	jmlpajak2	double	double	0	medium	avg
m5_rnr_detail_history	urutan	int	int	0	medium	sum,count,avg
m5_rnr_detail_history	idsqdetail	bigint	bigint	0	medium	sum,count,avg
m5_rnr_detail_history	idsodetail	bigint	bigint	0	medium	sum,count,avg
m5_rnr_detail_history	idpidetail	bigint	bigint	0	medium	sum,count,avg
m5_rnr_detail_history	idpldetail	bigint	bigint	0	medium	sum,count,avg
m5_rnr_detail_history	iddodetail	bigint	bigint	0	medium	sum,count,avg
m5_rnr_detail_history	iddrdetail	bigint	bigint	0	medium	sum,count,avg
m5_rnr_detail_history	idsidetail	bigint	bigint	0	medium	sum,count,avg
m5_rnr_detail_history	jmlsr	double	double	0	medium	avg
m5_rnr_detail_history	jmlrealisasi	double	double	0	medium	avg
m5_rnr_detail_history	customdbl1	double	double	0	medium	avg
m5_rnr_detail_history	customdbl2	double	double	0	medium	avg
m5_rnr_detail_history	customdbl3	double	double	0	medium	avg
m5_rnr_history	rnridhistory	bigint	bigint	0	medium	sum,count,avg
m5_rnr_history	rnrid	bigint	bigint	0	medium	sum,count,avg
m5_rnr_history	rnrkodepa	bigint	bigint	0	medium	sum,count,avg
m5_rnr_history	rnrcustomer	bigint	bigint	0	medium	sum,count,avg
m5_rnr_history	rnrbagianpenjualan	bigint	bigint	0	medium	sum,count,avg
m5_rnr_history	rnrkurs	double	double	0	medium	avg
m5_rnr_history	rnrjmldiskon	double	double	0	medium	avg
m5_rnr_history	rnrbiayalain	double	double	0	medium	avg
m5_rnr_history	rnrjmlbayar	double	double	0	medium	avg
m5_rnr_history	rnridsq	bigint	bigint	0	medium	sum,count,avg
m5_rnr_history	rnridso	bigint	bigint	0	medium	sum,count,avg
m5_rnr_history	rnridpi	bigint	bigint	0	medium	sum,count,avg
m5_rnr_history	rnridpl	bigint	bigint	0	medium	sum,count,avg
m5_rnr_history	rnriddo	bigint	bigint	0	medium	sum,count,avg
m5_rnr_history	rnriddr	bigint	bigint	0	medium	sum,count,avg
m5_rnr_history	rnridsi	bigint	bigint	0	medium	sum,count,avg
m5_rnr_history	rnrjmlrevisi	int	int	0	medium	sum,count,avg
m5_rnr_history	rnrinputuser	bigint	bigint unsigned	0	medium	sum,count,avg
m5_rnr_history	rnrmodifikasiuser	bigint	bigint unsigned	0	medium	sum,count,avg
m5_rnr_history	rnrcustomint1	int	int	0	medium	sum,count,avg
m5_rnr_history	rnrcustomint2	int	int	0	medium	sum,count,avg
m5_rnr_history	rnrcustomint3	int	int	0	medium	sum,count,avg
m5_rnr_history	rnrcustomdbl1	double	double	0	medium	avg
m5_rnr_history	rnrcustomdbl2	double	double	0	medium	avg
m5_rnr_history	rnrcustomdbl3	double	double	0	medium	avg
m5_rp	rpid	bigint	bigint	0	medium	sum,count,avg
m5_rp	rpkodepa	bigint	bigint	0	medium	sum,count,avg
m5_rp	rpkontak	bigint	bigint	0	medium	sum,count,avg
m5_rp	rpbagianterima	bigint	bigint	0	medium	sum,count,avg
m5_rp	rpidsi	bigint	bigint	0	medium	sum,count,avg
m5_rp	rpkurs	double	double	0	medium	avg
m5_rp	rpjumlah	double	double	0	medium	avg
m5_rp	rpjumlahvalas	double	double	0	medium	avg
m5_rp	rpjumlahbayar	double	double	0	medium	avg
m5_rp	rpjumlahbayarvalas	double	double	0	medium	avg
m5_rp	rpjmlrevisi	int	int	0	medium	sum,count,avg
m5_rp	rpinputuser	bigint	bigint	0	medium	sum,count,avg
m5_rp	rpmodifikasiuser	bigint	bigint	0	medium	sum,count,avg
m5_rp	rpisclose	int	int	0	medium	sum,count,avg
m5_rp	rpcustomint1	int	int	0	medium	sum,count,avg
m5_rp	rpcustomint2	int	int	0	medium	sum,count,avg
m5_rp	rpcustomint3	int	int	0	medium	sum,count,avg
m5_rp	rpcustomdbl1	double	double	0	medium	avg
m5_rp	rpcustomdbl2	double	double	0	medium	avg
m5_rp	rpcustomdbl3	double	double	0	medium	avg
m5_rp_history	rpidhistory	bigint	bigint	0	medium	sum,count,avg
m5_rp_history	rpid	bigint	bigint	0	medium	sum,count,avg
m5_rp_history	rpkodepa	bigint	bigint	0	medium	sum,count,avg
m5_rp_history	rpkontak	bigint	bigint	0	medium	sum,count,avg
m5_rp_history	rpbagianterima	bigint	bigint	0	medium	sum,count,avg
m5_rp_history	rpidsi	bigint	bigint	0	medium	sum,count,avg
m5_rp_history	rpkurs	double	double	0	medium	avg
m5_rp_history	rpjumlah	double	double	0	medium	avg
m5_rp_history	rpjumlahvalas	double	double	0	medium	avg
m5_rp_history	rpjumlahbayar	double	double	0	medium	avg
m5_rp_history	rpjumlahbayarvalas	double	double	0	medium	avg
m5_rp_history	rpjmlrevisi	int	int	0	medium	sum,count,avg
m5_rp_history	rpinputuser	bigint	bigint	0	medium	sum,count,avg
m5_rp_history	rpmodifikasiuser	bigint	bigint	0	medium	sum,count,avg
m5_rp_history	rpisclose	int	int	0	medium	sum,count,avg
m5_rp_history	rpcustomint1	int	int	0	medium	sum,count,avg
m5_rp_history	rpcustomint2	int	int	0	medium	sum,count,avg
m5_rp_history	rpcustomint3	int	int	0	medium	sum,count,avg
m5_rp_history	rpcustomdbl1	double	double	0	medium	avg
m5_rp_history	rpcustomdbl2	double	double	0	medium	avg
m5_rp_history	rpcustomdbl3	double	double	0	medium	avg
m5_rp_pay	idrpcarabayar	bigint	bigint	0	medium	sum,count,avg
m5_rp_pay	idrp	bigint	bigint	0	medium	sum,count,avg
m5_rp_pay	kurs	double	double	0	medium	avg
m5_rp_pay	jumlah	double	double	0	medium	avg
m5_rp_pay	jumlahvalas	double	double	0	medium	avg
m5_rp_pay	urutan	int	int	0	medium	sum,count,avg
m5_rp_pay_history	idhistorycarabayar	bigint	bigint	0	medium	sum,count,avg
m5_rp_pay_history	idhistory	bigint	bigint	0	medium	sum,count,avg
m5_rp_pay_history	idrpcarabayar	bigint	bigint	0	medium	sum,count,avg
m5_rp_pay_history	idrp	bigint	bigint	0	medium	sum,count,avg
m5_rp_pay_history	kurs	double	double	0	medium	avg
m5_rp_pay_history	jumlah	double	double	0	medium	avg
m5_rp_pay_history	jumlahvalas	double	double	0	medium	avg
m5_rp_pay_history	urutan	int	int	0	medium	sum,count,avg
m5_si_installment	idsiinstallment	bigint	bigint	0	medium	sum,count,avg
m5_si_installment	idsi	bigint	bigint	0	medium	sum,count,avg
m5_si_installment	angsuranke	double	double(20,0)	0	medium	avg
m5_si_installment	kurs	double	double	0	medium	avg
m5_si_installment	jumlah	double	double	0	medium	avg
m5_si_installment	jumlahvalas	double	double	0	medium	avg
m5_si_installment	jumlahbayar	double	double	0	medium	avg
m5_si_installment	jumlahbayarvalas	double	double	0	medium	avg
m5_si_installment	urutan	int	int	0	medium	sum,count,avg
m5_si_installment	customint1	int	int	0	medium	sum,count,avg
m5_si_installment	customint2	int	int	0	medium	sum,count,avg
m5_si_installment	customint3	int	int	0	medium	sum,count,avg
m5_si_installment	customint4	int	int	0	medium	sum,count,avg
m5_si_installment	customint5	int	int	0	medium	sum,count,avg
m5_si_installment	customdbl1	double	double	0	medium	avg
m5_si_installment	customdbl2	double	double	0	medium	avg
m5_si_installment	customdbl3	double	double	0	medium	avg
m5_si_installment	customdbl4	double	double	0	medium	avg
m5_si_installment	customdbl5	double	double	0	medium	avg
m5_si_material	idsimaterial	bigint	bigint	0	medium	sum,count,avg
m5_si_material	idsidetail	bigint	bigint	0	medium	sum,count,avg
m5_si_material	idsi	bigint	bigint unsigned	0	medium	sum,count,avg
m5_si_material	idbarang	bigint	bigint	0	medium	sum,count,avg
m5_si_material	jml	double	double	0	medium	avg
m5_si_material	nilaisatuan	double	double	0	medium	avg
m5_si_material	jmlbarang	double	double	0	medium	avg
m5_si_material	kurs	double	double	0	medium	avg
m5_si_material	idhppkhususmasuk	bigint	bigint	0	medium	sum,count,avg
m5_si_material	idhppfifomasuk	bigint	bigint	0	medium	sum,count,avg
m5_si_material	harga	double	double	0	medium	avg
m5_si_material	hpp	double	double	0	medium	avg
m5_si_material	jmldiskon	double	double	0	medium	avg
m5_si_material	jmlpajak1	double	double	0	medium	avg
m5_si_material	jmlpajak2	double	double	0	medium	avg
m5_si_material	urutan	int	int	0	medium	sum,count,avg
m5_si_material	idsqdetail	bigint	bigint	0	medium	sum,count,avg
m5_si_material	idsodetail	bigint	bigint	0	medium	sum,count,avg
m5_si_material	idpidetail	bigint	bigint	0	medium	sum,count,avg
m5_si_material	idpldetail	bigint	bigint	0	medium	sum,count,avg
m5_si_material	iddodetail	bigint	bigint	0	medium	sum,count,avg
m5_si_material	iddrdetail	bigint	bigint	0	medium	sum,count,avg
m5_si_material	jmlrnr	double	double	0	medium	avg
m5_si_material	jmlsr	double	double	0	medium	avg
m5_si_material	jmlrealisasi	double	double	0	medium	avg
m5_si_material	isbonusfrom	bigint	bigint	0	medium	sum,count,avg
m5_si_material	customdbl1	double	double	0	medium	avg
m5_si_material	customdbl2	double	double	0	medium	avg
m5_si_material	customdbl3	double	double	0	medium	avg
m5_si_material_history	idhistorymaterial	bigint	bigint	0	medium	sum,count,avg
m5_si_material_history	idhistory	bigint	bigint	0	medium	sum,count,avg
m5_si_material_history	idsimaterial	bigint	bigint	0	medium	sum,count,avg
m5_si_material_history	idsidetail	bigint	bigint	0	medium	sum,count,avg
m5_si_material_history	idsi	bigint	bigint unsigned	0	medium	sum,count,avg
m5_si_material_history	idbarang	bigint	bigint	0	medium	sum,count,avg
m5_si_material_history	jml	double	double	0	medium	avg
m5_si_material_history	nilaisatuan	double	double	0	medium	avg
m5_si_material_history	jmlbarang	double	double	0	medium	avg
m5_si_material_history	kurs	double	double	0	medium	avg
m5_si_material_history	idhppkhususmasuk	bigint	bigint	0	medium	sum,count,avg
m5_si_material_history	idhppfifomasuk	bigint	bigint	0	medium	sum,count,avg
m5_si_material_history	harga	double	double	0	medium	avg
m5_si_material_history	hpp	double	double	0	medium	avg
m5_si_material_history	jmldiskon	double	double	0	medium	avg
m5_si_material_history	jmlpajak1	double	double	0	medium	avg
m5_si_material_history	jmlpajak2	double	double	0	medium	avg
m5_si_material_history	urutan	int	int	0	medium	sum,count,avg
m5_si_material_history	idsqdetail	bigint	bigint	0	medium	sum,count,avg
m5_si_material_history	idsodetail	bigint	bigint	0	medium	sum,count,avg
m5_si_material_history	idpidetail	bigint	bigint	0	medium	sum,count,avg
m5_si_material_history	idpldetail	bigint	bigint	0	medium	sum,count,avg
m5_si_material_history	iddodetail	bigint	bigint	0	medium	sum,count,avg
m5_si_material_history	iddrdetail	bigint	bigint	0	medium	sum,count,avg
m5_si_material_history	jmlrnr	double	double	0	medium	avg
m5_si_material_history	jmlsr	double	double	0	medium	avg
m5_si_material_history	jmlrealisasi	double	double	0	medium	avg
m5_si_material_history	isbonusfrom	bigint	bigint	0	medium	sum,count,avg
m5_si_material_history	customdbl1	double	double	0	medium	avg
m5_si_material_history	customdbl2	double	double	0	medium	avg
m5_si_material_history	customdbl3	double	double	0	medium	avg
m5_sie_detail_history	idhistorydetail	bigint	bigint	0	medium	sum,count,avg
m5_sie_detail_history	idhistory	bigint	bigint	0	medium	sum,count,avg
m5_sie_detail_history	idsiedetail	bigint	bigint	0	medium	sum,count,avg
m5_sie_detail_history	idsie	bigint	bigint	0	medium	sum,count,avg
m5_sie_detail_history	idtransaksi	bigint	bigint	0	medium	sum,count,avg
m5_sie_detail_history	urutan	int	int	0	medium	sum,count,avg
m5_sie_detail_history	customdbl1	double	double	0	medium	avg
m5_sie_detail_history	customdbl2	double	double	0	medium	avg
m5_sie_detail_history	customdbl3	double	double	0	medium	avg
m5_sie_history	sieidhistory	bigint	bigint	0	medium	sum,count,avg
m5_sie_history	sieid	bigint	bigint	0	medium	sum,count,avg
m5_sie_history	siekodepa	bigint	bigint	0	medium	sum,count,avg
m5_sie_history	siekontak	bigint	bigint	0	medium	sum,count,avg
m5_sie_history	siejmlrevisi	int	int	0	medium	sum,count,avg
m5_sie_history	sieinputuser	bigint	bigint	0	medium	sum,count,avg
m5_sie_history	siemodifikasiuser	bigint	bigint	0	medium	sum,count,avg
m5_sie_history	sieisclose	int	int	0	medium	sum,count,avg
m5_sie_history	siecustomint1	int	int	0	medium	sum,count,avg
m5_sie_history	siecustomint2	int	int	0	medium	sum,count,avg
m5_sie_history	siecustomint3	int	int	0	medium	sum,count,avg
m5_sie_history	siecustomdbl1	double	double	0	medium	avg
m5_sie_history	siecustomdbl2	double	double	0	medium	avg
m5_sie_history	siecustomdbl3	double	double	0	medium	avg
m5_spa	spaid	bigint	bigint	0	medium	sum,count,avg
m5_spa	spakodepa	bigint	bigint	0	medium	sum,count,avg
m5_spa	spakontak	bigint	bigint	0	medium	sum,count,avg
m5_spa	spajmlrevisi	int	int	0	medium	sum,count,avg
m5_spa	spaisclose	int	int	0	medium	sum,count,avg
m5_spa	spainputuser	bigint	bigint	0	medium	sum,count,avg
m5_spa	spamodifikasiuser	bigint	bigint	0	medium	sum,count,avg
m5_spa	spacustomint1	int	int	0	medium	sum,count,avg
m5_spa	spacustomint2	int	int	0	medium	sum,count,avg
m5_spa	spacustomint3	int	int	0	medium	sum,count,avg
m5_spa	spacustomdbl1	double	double	0	medium	avg
m5_spa	spacustomdbl2	double	double	0	medium	avg
m5_spa	spacustomdbl3	double	double	0	medium	avg
m5_spa_detail	idspadetail	bigint	bigint	0	medium	sum,count,avg
m5_spa_detail	idspa	bigint	bigint	0	medium	sum,count,avg
m5_spa_detail	kontak	bigint	bigint	0	medium	sum,count,avg
m5_spa_detail	poinlama	double	double	0	medium	avg
m5_spa_detail	poinmasuk	double	double	0	medium	avg
m5_spa_detail	poinkeluar	double	double	0	medium	avg
m5_spa_detail	poinbaru	double	double	0	medium	avg
m5_spa_detail	urutan	int	int	0	medium	sum,count,avg
m5_spa_detail	isclose	int	int	0	medium	sum,count,avg
m5_spa_detail	customdbl1	double	double	0	medium	avg
m5_spa_detail	customdbl2	double	double	0	medium	avg
m5_spa_detail	customdbl3	double	double	0	medium	avg
m5_spa_detail_history	idhistorydetail	bigint	bigint	0	medium	sum,count,avg
m5_spa_detail_history	idhistory	bigint	bigint	0	medium	sum,count,avg
m5_spa_detail_history	idspadetail	bigint	bigint	0	medium	sum,count,avg
m5_spa_detail_history	idspa	bigint	bigint	0	medium	sum,count,avg
m5_spa_detail_history	kontak	bigint	bigint	0	medium	sum,count,avg
m5_spa_detail_history	poinlama	double	double	0	medium	avg
m5_spa_detail_history	poinmasuk	double	double	0	medium	avg
m5_spa_detail_history	poinkeluar	double	double	0	medium	avg
m5_spa_detail_history	poinbaru	double	double	0	medium	avg
m5_spa_detail_history	urutan	int	int	0	medium	sum,count,avg
m5_spa_detail_history	isclose	int	int	0	medium	sum,count,avg
m5_spa_detail_history	customdbl1	double	double	0	medium	avg
m5_spa_detail_history	customdbl2	double	double	0	medium	avg
m5_spa_detail_history	customdbl3	double	double	0	medium	avg
m5_spa_history	spaidhistory	bigint	bigint	0	medium	sum,count,avg
m5_spa_history	spaid	bigint	bigint	0	medium	sum,count,avg
m5_spa_history	spakodepa	bigint	bigint	0	medium	sum,count,avg
m5_spa_history	spakontak	bigint	bigint	0	medium	sum,count,avg
m5_spa_history	spajmlrevisi	int	int	0	medium	sum,count,avg
m5_spa_history	spaisclose	int	int	0	medium	sum,count,avg
m5_spa_history	spainputuser	bigint	bigint	0	medium	sum,count,avg
m5_spa_history	spamodifikasiuser	bigint	bigint	0	medium	sum,count,avg
m5_spa_history	spacustomint1	int	int	0	medium	sum,count,avg
m5_spa_history	spacustomint2	int	int	0	medium	sum,count,avg
m5_spa_history	spacustomint3	int	int	0	medium	sum,count,avg
m5_spa_history	spacustomdbl1	double	double	0	medium	avg
m5_spa_history	spacustomdbl2	double	double	0	medium	avg
m5_spa_history	spacustomdbl3	double	double	0	medium	avg
m5_sq_out	idsqout	bigint	bigint	0	medium	sum,count,avg
m5_sq_out	idsq	bigint	bigint	0	medium	sum,count,avg
m5_sq_out	idbarang	bigint	bigint	0	medium	sum,count,avg
m5_sq_out	jml	double	double	0	medium	avg
m5_sq_out	nilaisatuan	double	double	0	medium	avg
m5_sq_out	jmlbarang	double	double	0	medium	avg
m5_sq_out	kurs	double	double	0	medium	avg
m5_sq_out	harga	double	double	0	medium	avg
m5_sq_out	jmldiskon	double	double	0	medium	avg
m5_sq_out	jmlpajak1	double	double	0	medium	avg
m5_sq_out	jmlpajak2	double	double	0	medium	avg
m5_sq_out	urutan	int	int	0	medium	sum,count,avg
m5_sq_out	idprdetail	bigint	bigint	0	medium	sum,count,avg
m5_sq_out	jmlpr	double	double	0	medium	avg
m5_sq_out	jmlso	double	double	0	medium	avg
m5_sq_out	jmlpi	double	double	0	medium	avg
m5_sq_out	jmlpl	double	double	0	medium	avg
m5_sq_out	jmldo	double	double	0	medium	avg
m5_sq_out	jmldr	double	double	0	medium	avg
m5_sq_out	jmlsi	double	double	0	medium	avg
m5_sq_out	jmlrnr	double	double	0	medium	avg
m5_sq_out	jmlsr	double	double	0	medium	avg
m5_sq_out	jmlrealisasi	double	double	0	medium	avg
m5_sq_out	customdbl1	double	double	0	medium	avg
m5_sq_out	customdbl2	double	double	0	medium	avg
m5_sq_out	customdbl3	double	double	0	medium	avg
m5_sq_out_bahan	idsqout	bigint	bigint	0	medium	sum,count,avg
m5_sq_out_bahan	idsq	bigint	bigint	0	medium	sum,count,avg
m5_sq_out_bahan	idbarangdetail	bigint	bigint	0	medium	sum,count,avg
m5_sq_out_bahan	idbarang	bigint	bigint	0	medium	sum,count,avg
m5_sq_out_bahan	jml	double	double	0	medium	avg
m5_sq_out_bahan	hargajual	double	double	0	medium	avg
m5_sq_out_bahan	hargabeli	double	double	0	medium	avg
m5_sq_out_bahan	urutan	int	int	0	medium	sum,count,avg
m5_sq_out_bahan	customdbl1	double	double	0	medium	avg
m5_sq_out_bahan	customdbl2	double	double	0	medium	avg
m5_sq_out_bahan	customdbl3	double	double	0	medium	avg
m5_sq_out_bahan1	idsqout	bigint	bigint	0	medium	sum,count,avg
m5_sq_out_bahan1	idsq	bigint	bigint	0	medium	sum,count,avg
m5_sq_out_bahan1	idbarangdetail	bigint	bigint	0	medium	sum,count,avg
m5_sq_out_bahan1	idbarang	bigint	bigint	0	medium	sum,count,avg
m5_sq_out_bahan1	jml	double	double	0	medium	avg
m5_sq_out_bahan1	hargajual	double	double	0	medium	avg
m5_sq_out_bahan1	hargabeli	double	double	0	medium	avg
m5_sq_out_bahan1	urutan	int	int	0	medium	sum,count,avg
m5_sq_out_bahan1	customdbl1	double	double	0	medium	avg
m5_sq_out_bahan1	customdbl2	double	double	0	medium	avg
m5_sq_out_bahan1	customdbl3	double	double	0	medium	avg
m5_sq_shipping	idsqshipping	bigint	bigint	0	medium	sum,count,avg
m5_sq_shipping	idsq	bigint	bigint	0	medium	sum,count,avg
m5_sq_shipping	idbarang	bigint	bigint	0	medium	sum,count,avg
m5_sq_shipping	jml	double	double	0	medium	avg
m5_sq_shipping	nilaisatuan	double	double	0	medium	avg
m5_sq_shipping	jmlbarang	double	double	0	medium	avg
m5_sq_shipping	kurs	double	double	0	medium	avg
m5_sq_shipping	harga	double	double	0	medium	avg
m5_sq_shipping	jmldiskon	double	double	0	medium	avg
m5_sq_shipping	jmlpajak1	double	double	0	medium	avg
m5_sq_shipping	jmlpajak2	double	double	0	medium	avg
m5_sq_shipping	urutan	int	int	0	medium	sum,count,avg
m5_sq_shipping	idprdetail	bigint	bigint	0	medium	sum,count,avg
m5_sq_shipping	jmlpr	double	double	0	medium	avg
m5_sq_shipping	jmlso	double	double	0	medium	avg
m5_sq_shipping	jmlpi	double	double	0	medium	avg
m5_sq_shipping	jmlpl	double	double	0	medium	avg
m5_sq_shipping	jmldo	double	double	0	medium	avg
m5_sq_shipping	jmldr	double	double	0	medium	avg
m5_sq_shipping	jmlsi	double	double	0	medium	avg
m5_sq_shipping	jmlrnr	double	double	0	medium	avg
m5_sq_shipping	jmlsr	double	double	0	medium	avg
m5_sq_shipping	jmlrealisasi	double	double	0	medium	avg
m5_sq_shipping	customdbl1	double	double	0	medium	avg
m5_sq_shipping	customdbl2	double	double	0	medium	avg
m5_sq_shipping	customdbl3	double	double	0	medium	avg
m6_files	fidtransaksi	bigint	bigint	0	medium	sum,count,avg
m6_files	finputuser	bigint	bigint	0	medium	sum,count,avg
m6_mrn_in	idmrnin	bigint	bigint	0	medium	sum,count,avg
m6_mrn_in	idmrn	bigint	bigint	0	medium	sum,count,avg
m6_mrn_in	idbarang	bigint	bigint	0	medium	sum,count,avg
m6_mrn_in	jml	double	double	0	medium	avg
m6_mrn_in	nilaisatuan	double	double	0	medium	avg
m6_mrn_in	jmlbarang	double	double	0	medium	avg
m6_mrn_in	kurs	double	double	0	medium	avg
m6_mrn_in	harga	double	double	0	medium	avg
m6_mrn_in	hpppersen	double	double	0	medium	avg
m6_mrn_in	hpp	double	double	0	medium	avg
m6_mrn_in	urutan	int	int	0	medium	sum,count,avg
m6_mrn_in	idbomin	bigint	bigint	0	medium	sum,count,avg
m6_mrn_in	idpdrin	bigint	bigint	0	medium	sum,count,avg
m6_mrn_in	idwoin	bigint	bigint	0	medium	sum,count,avg
m6_mrn_in	idmrsin	bigint	bigint	0	medium	sum,count,avg
m6_mrn_in	jmlpd	double	double	0	medium	avg
m6_mrn_in	jmlrealisasi	double	double	0	medium	avg
m6_mrn_in	customdbl1	double	double	0	medium	avg
m6_mrn_in	customdbl2	double	double	0	medium	avg
m6_mrn_in	customdbl3	double	double	0	medium	avg
m6_mrn_in_history	idhistoryin	bigint	bigint	0	medium	sum,count,avg
m6_mrn_in_history	idhistory	bigint	bigint	0	medium	sum,count,avg
m6_mrn_in_history	idmrnin	bigint	bigint	0	medium	sum,count,avg
m6_mrn_in_history	idmrn	bigint	bigint	0	medium	sum,count,avg
m6_mrn_in_history	idbarang	bigint	bigint	0	medium	sum,count,avg
m6_mrn_in_history	jml	double	double	0	medium	avg
m6_mrn_in_history	nilaisatuan	double	double	0	medium	avg
m6_mrn_in_history	jmlbarang	double	double	0	medium	avg
m6_mrn_in_history	kurs	double	double	0	medium	avg
m6_mrn_in_history	harga	double	double	0	medium	avg
m6_mrn_in_history	hpppersen	double	double	0	medium	avg
m6_mrn_in_history	hpp	double	double	0	medium	avg
m6_mrn_in_history	urutan	int	int	0	medium	sum,count,avg
m6_mrn_in_history	idbomin	bigint	bigint	0	medium	sum,count,avg
m6_mrn_in_history	idpdrin	bigint	bigint	0	medium	sum,count,avg
m6_mrn_in_history	idwoin	bigint	bigint	0	medium	sum,count,avg
m6_mrn_in_history	idmrsin	bigint	bigint	0	medium	sum,count,avg
m6_mrn_in_history	jmlpd	double	double	0	medium	avg
m6_mrn_in_history	jmlrealisasi	double	double	0	medium	avg
m6_mrn_in_history	customdbl1	double	double	0	medium	avg
m6_mrn_in_history	customdbl2	double	double	0	medium	avg
m6_mrn_in_history	customdbl3	double	double	0	medium	avg
m6_mrs_in	idmrsin	bigint	bigint	0	medium	sum,count,avg
m6_mrs_in	idmrs	bigint	bigint	0	medium	sum,count,avg
m6_mrs_in	idbarang	bigint	bigint	0	medium	sum,count,avg
m6_mrs_in	jml	double	double	0	medium	avg
m6_mrs_in	nilaisatuan	double	double	0	medium	avg
m6_mrs_in	jmlbarang	double	double	0	medium	avg
m6_mrs_in	kurs	double	double	0	medium	avg
m6_mrs_in	harga	double	double	0	medium	avg
m6_mrs_in	hpppersen	double	double	0	medium	avg
m6_mrs_in	hpp	double	double	0	medium	avg
m6_mrs_in	urutan	int	int	0	medium	sum,count,avg
m6_mrs_in	idbomin	bigint	bigint	0	medium	sum,count,avg
m6_mrs_in	idpdrin	bigint	bigint	0	medium	sum,count,avg
m6_mrs_in	idwoin	bigint	bigint	0	medium	sum,count,avg
m6_mrs_in	jmlmrn	double	double	0	medium	avg
m6_mrs_in	jmlpd	double	double	0	medium	avg
m6_mrs_in	jmlrealisasi	double	double	0	medium	avg
m6_mrs_in	customdbl1	double	double	0	medium	avg
m6_mrs_in	customdbl2	double	double	0	medium	avg
m6_mrs_in	customdbl3	double	double	0	medium	avg
m6_mrs_in_history	idhistoryin	bigint	bigint	0	medium	sum,count,avg
m6_mrs_in_history	idhistory	bigint	bigint	0	medium	sum,count,avg
m6_mrs_in_history	idmrsin	bigint	bigint	0	medium	sum,count,avg
m6_mrs_in_history	idmrs	bigint	bigint	0	medium	sum,count,avg
m6_mrs_in_history	idbarang	bigint	bigint	0	medium	sum,count,avg
m6_mrs_in_history	jml	double	double	0	medium	avg
m6_mrs_in_history	nilaisatuan	double	double	0	medium	avg
m6_mrs_in_history	jmlbarang	double	double	0	medium	avg
m6_mrs_in_history	kurs	double	double	0	medium	avg
m6_mrs_in_history	harga	double	double	0	medium	avg
m6_mrs_in_history	hpppersen	double	double	0	medium	avg
m6_mrs_in_history	hpp	double	double	0	medium	avg
m6_mrs_in_history	urutan	int	int	0	medium	sum,count,avg
m6_mrs_in_history	idbomin	bigint	bigint	0	medium	sum,count,avg
m6_mrs_in_history	idpdrin	bigint	bigint	0	medium	sum,count,avg
m6_mrs_in_history	idwoin	bigint	bigint	0	medium	sum,count,avg
m6_mrs_in_history	jmlmrn	double	double	0	medium	avg
m6_mrs_in_history	jmlpd	double	double	0	medium	avg
m6_mrs_in_history	jmlrealisasi	double	double	0	medium	avg
m6_mrs_in_history	customdbl1	double	double	0	medium	avg
m6_mrs_in_history	customdbl2	double	double	0	medium	avg
m6_mrs_in_history	customdbl3	double	double	0	medium	avg
m6_notes	nid	bigint	bigint	0	medium	sum,count,avg
m6_notes	nidtransaksi	bigint	bigint	0	medium	sum,count,avg
m6_notes	ninputuser	bigint	bigint	0	medium	sum,count,avg
m6_notes	nmodifikasiuser	bigint	bigint	0	medium	sum,count,avg
m6_wo_activity	idwoactivity	bigint	bigint	0	medium	sum,count,avg
m6_wo_activity	idwo	bigint	bigint	0	medium	sum,count,avg
m6_wo_activity	idpa	bigint	bigint	0	medium	sum,count,avg
m6_wo_activity	urutan	int	int	0	medium	sum,count,avg
m6_wo_activity	customdbl1	double	double	0	medium	avg
m6_wo_activity	customdbl2	double	double	0	medium	avg
m6_wo_activity	customdbl3	double	double	0	medium	avg
m6_wo_route_card	idworoutecard	bigint	bigint	0	medium	sum,count,avg
m6_wo_route_card	idwo	bigint	bigint	0	medium	sum,count,avg
m6_wo_route_card	jml	double	double	0	medium	avg
m6_wo_route_card	urutan	int	int	0	medium	sum,count,avg
m6_wo_route_card	customdbl1	double	double	0	medium	avg
m6_wo_route_card	customdbl2	double	double	0	medium	avg
m6_wo_route_card	customdbl3	double	double	0	medium	avg
m7_ab	abid	bigint	bigint	0	medium	sum,count,avg
m7_ab	abkodepa	bigint	bigint	0	medium	sum,count,avg
m7_ab	abbagianperbandingan	bigint	bigint	0	medium	sum,count,avg
m7_ab	abidaq1	bigint	bigint	0	medium	sum,count,avg
m7_ab	abidaq2	bigint	bigint	0	medium	sum,count,avg
m7_ab	abidaq3	bigint	bigint	0	medium	sum,count,avg
m7_ab	abidaq4	bigint	bigint	0	medium	sum,count,avg
m7_ab	abidaq5	bigint	bigint	0	medium	sum,count,avg
m7_ab	abjmlrevisi	int	int	0	medium	sum,count,avg
m7_ab	abcetakanke	int	int unsigned	0	medium	sum,count,avg
m7_ab	abinputuser	bigint	bigint unsigned	0	medium	sum,count,avg
m7_ab	abmodifikasiuser	bigint	bigint unsigned	0	medium	sum,count,avg
m7_ab	abcustomint1	int	int	0	medium	sum,count,avg
m7_ab	abcustomint2	int	int	0	medium	sum,count,avg
m7_ab	abcustomint3	int	int	0	medium	sum,count,avg
m7_ab	abcustomdbl1	double	double	0	medium	avg
m7_ab	abcustomdbl2	double	double	0	medium	avg
m7_ab	abcustomdbl3	double	double	0	medium	avg
m7_ab_detail	idabdetail	bigint	bigint	0	medium	sum,count,avg
m7_ab_detail	idab	bigint	bigint	0	medium	sum,count,avg
m7_ab_detail	idaqdetail	bigint	bigint	0	medium	sum,count,avg
m7_ab_detail	hargake	int	int	0	medium	sum,count,avg
m7_ab_detail	urutan	int	int	0	medium	sum,count,avg
m7_ac	acid	int	int	0	medium	sum,count,avg
m7_ac	acidaf1	int	int	0	medium	sum,count,avg
m7_ac	acidaf2	int	int	0	medium	sum,count,avg
m7_ac	acinputuser	int	int	0	medium	sum,count,avg
m7_ac_detail	idacdetail	int	int	0	medium	sum,count,avg
m7_ac_detail	idac	int	int	0	medium	sum,count,avg
m7_ac_detail	idafdetail	int	int	0	medium	sum,count,avg
m7_ac_detail	hargake	int	int	0	medium	sum,count,avg
m7_ac_detail	urutan	int	int	0	medium	sum,count,avg
m7_ae	aeid	bigint	bigint	0	medium	sum,count,avg
m7_ae	aekodepa	bigint	bigint	0	medium	sum,count,avg
m7_ae	aesupplier	bigint	bigint	0	medium	sum,count,avg
m7_ae	aebagianpembelian	bigint	bigint	0	medium	sum,count,avg
m7_ae	aekurs	double	double	0	medium	avg
m7_ae	aejmldiskon	double	double	0	medium	avg
m7_ae	aebiayalain	double	double	0	medium	avg
m7_ae	aejmlbayar	double	double	0	medium	avg
m7_ae	aeidar	bigint	bigint	0	medium	sum,count,avg
m7_ae	aeidaq	bigint	bigint	0	medium	sum,count,avg
m7_ae	aeidab	bigint	bigint	0	medium	sum,count,avg
m7_ae	aeidao	bigint	bigint	0	medium	sum,count,avg
m7_ae	aejmlrevisi	int	int	0	medium	sum,count,avg
m7_ae	aeinputuser	bigint	bigint unsigned	0	medium	sum,count,avg
m7_ae	aemodifikasiuser	bigint	bigint unsigned	0	medium	sum,count,avg
m7_ae	aecustomint1	int	int	0	medium	sum,count,avg
m7_ae	aecustomint2	int	int	0	medium	sum,count,avg
m7_ae	aecustomint3	int	int	0	medium	sum,count,avg
m7_ae	aecustomdbl1	double	double	0	medium	avg
m7_ae	aecustomdbl2	double	double	0	medium	avg
m7_ae	aecustomdbl3	double	double	0	medium	avg
m7_ae_detail	idaedetail	bigint	bigint	0	medium	sum,count,avg
m7_ae_detail	idae	bigint	bigint	0	medium	sum,count,avg
m7_ae_detail	idasset	bigint	bigint	0	medium	sum,count,avg
m7_ae_detail	jml	double	double	0	medium	avg
m7_ae_detail	kurs	double	double	0	medium	avg
m7_ae_detail	harga	double	double	0	medium	avg
m7_ae_detail	jmldiskon	double	double	0	medium	avg
m7_ae_detail	jmlpajak1	double	double	0	medium	avg
m7_ae_detail	jmlpajak2	double	double	0	medium	avg
m7_ae_detail	urutan	int	int	0	medium	sum,count,avg
m7_ae_detail	idardetail	bigint	bigint	0	medium	sum,count,avg
m7_ae_detail	idaqdetail	bigint	bigint	0	medium	sum,count,avg
m7_ae_detail	idabdetail	bigint	bigint	0	medium	sum,count,avg
m7_ae_detail	idaodetail	bigint	bigint	0	medium	sum,count,avg
m7_ae_detail	jmlrealisasi	double	double	0	medium	avg
m7_ae_detail	customdbl1	double	double	0	medium	avg
m7_ae_detail	customdbl2	double	double	0	medium	avg
m7_ae_detail	customdbl3	double	double	0	medium	avg
m7_ag	agid	bigint	bigint	0	medium	sum,count,avg
m7_ag	agkodepa	bigint	bigint	0	medium	sum,count,avg
m7_ag	agbagianag	bigint	bigint	0	medium	sum,count,avg
m7_ag	agkurs	double	double	0	medium	avg
m7_ag	agjmlrevisi	int	int	0	medium	sum,count,avg
m7_ag	aginputuser	bigint	bigint unsigned	0	medium	sum,count,avg
m7_ag	agmodifikasiuser	bigint	bigint unsigned	0	medium	sum,count,avg
m7_ag	agcustomint1	int	int	0	medium	sum,count,avg
m7_ag	agcustomint2	int	int	0	medium	sum,count,avg
m7_ag	agcustomint3	int	int	0	medium	sum,count,avg
m7_ag	agcustomdbl1	double	double	0	medium	avg
m7_ag	agcustomdbl2	double	double	0	medium	avg
m7_ag	agcustomdbl3	double	double	0	medium	avg
m7_ag_detail	idagdetail	bigint	bigint	0	medium	sum,count,avg
m7_ag_detail	idag	bigint	bigint	0	medium	sum,count,avg
m7_ag_detail	idasset	bigint	bigint	0	medium	sum,count,avg
m7_ag_detail	jml	double	double	0	medium	avg
m7_ag_detail	kurs	double	double	0	medium	avg
m7_ag_detail	hargabeli	double	double	0	medium	avg
m7_ag_detail	urutan	int	int	0	medium	sum,count,avg
m7_ag_detail	customdbl1	double	double	0	medium	avg
m7_ag_detail	customdbl2	double	double	0	medium	avg
m7_ag_detail	customdbl3	double	double	0	medium	avg
m7_ao	aoid	bigint	bigint	0	medium	sum,count,avg
m7_ao	aokodepa	bigint	bigint	0	medium	sum,count,avg
m7_ao	aosupplier	bigint	bigint	0	medium	sum,count,avg
m7_ao	aobagianpembelian	bigint	bigint	0	medium	sum,count,avg
m7_ao	aokurs	double	double	0	medium	avg
m7_ao	aojmldiskon	double	double	0	medium	avg
m7_ao	aobiayalain	double	double	0	medium	avg
m7_ao	aojmlbayar	double	double	0	medium	avg
m7_ao	aoidar	bigint	bigint	0	medium	sum,count,avg
m7_ao	aoidaq	bigint	bigint	0	medium	sum,count,avg
m7_ao	aoidab	bigint	bigint	0	medium	sum,count,avg
m7_ao	aojmlrevisi	int	int	0	medium	sum,count,avg
m7_ao	aoinputuser	bigint	bigint unsigned	0	medium	sum,count,avg
m7_ao	aomodifikasiuser	bigint	bigint unsigned	0	medium	sum,count,avg
m7_ao	aocustomint1	int	int	0	medium	sum,count,avg
m7_ao	aocustomint2	int	int	0	medium	sum,count,avg
m7_ao	aocustomint3	int	int	0	medium	sum,count,avg
m7_ao	aocustomdbl1	double	double	0	medium	avg
m7_ao	aocustomdbl2	double	double	0	medium	avg
m7_ao	aocustomdbl3	double	double	0	medium	avg
m7_ao_detail	idaodetail	bigint	bigint	0	medium	sum,count,avg
m7_ao_detail	idao	bigint	bigint	0	medium	sum,count,avg
m7_ao_detail	idasset	bigint	bigint	0	medium	sum,count,avg
m7_ao_detail	jml	double	double	0	medium	avg
m7_ao_detail	kurs	double	double	0	medium	avg
m7_ao_detail	harga	double	double	0	medium	avg
m7_ao_detail	jmldiskon	double	double	0	medium	avg
m7_ao_detail	jmlpajak1	double	double	0	medium	avg
m7_ao_detail	jmlpajak2	double	double	0	medium	avg
m7_ao_detail	urutan	int	int	0	medium	sum,count,avg
m7_ao_detail	idardetail	bigint	bigint	0	medium	sum,count,avg
m7_ao_detail	idaqdetail	bigint	bigint	0	medium	sum,count,avg
m7_ao_detail	idabdetail	bigint	bigint	0	medium	sum,count,avg
m7_ao_detail	jmlae	double	double	0	medium	avg
m7_ao_detail	jmlrealisasi	double	double	0	medium	avg
m7_ao_detail	customdbl1	double	double	0	medium	avg
m7_ao_detail	customdbl2	double	double	0	medium	avg
m7_ao_detail	customdbl3	double	double	0	medium	avg
m7_aq	aqid	bigint	bigint	0	medium	sum,count,avg
m7_aq	aqkodepa	bigint	bigint	0	medium	sum,count,avg
m7_aq	aqsupplier	bigint	bigint	0	medium	sum,count,avg
m7_aq	aqbagianpembelian	bigint	bigint	0	medium	sum,count,avg
m7_aq	aqkurs	double	double	0	medium	avg
m7_aq	aqdiskon	double	double	0	medium	avg
m7_aq	aqbiayalain	double	double	0	medium	avg
m7_aq	aqidar	bigint	bigint	0	medium	sum,count,avg
m7_aq	aqjmlrevisi	int	int	0	medium	sum,count,avg
m7_aq	aqinputuser	bigint	bigint unsigned	0	medium	sum,count,avg
m7_aq	aqmodifikasiuser	bigint	bigint unsigned	0	medium	sum,count,avg
m7_aq	aqcustomint1	int	int	0	medium	sum,count,avg
m7_aq	aqcustomint2	int	int	0	medium	sum,count,avg
m7_aq	aqcustomint3	int	int	0	medium	sum,count,avg
m7_aq	aqcustomdbl1	double	double	0	medium	avg
m7_aq	aqcustomdbl2	double	double	0	medium	avg
m7_aq	aqcustomdbl3	double	double	0	medium	avg
m7_aq_detail	idaqdetail	bigint	bigint	0	medium	sum,count,avg
m7_aq_detail	idaq	bigint	bigint	0	medium	sum,count,avg
m7_aq_detail	idasset	bigint	bigint	0	medium	sum,count,avg
m7_aq_detail	jml	double	double	0	medium	avg
m7_aq_detail	kurs	double	double	0	medium	avg
m7_aq_detail	harga	double	double	0	medium	avg
m7_aq_detail	jmldiskon	double	double	0	medium	avg
m7_aq_detail	jmlpajak1	double	double	0	medium	avg
m7_aq_detail	jmlpajak2	double	double	0	medium	avg
m7_aq_detail	urutan	int	int	0	medium	sum,count,avg
m7_aq_detail	idardetail	bigint	bigint	0	medium	sum,count,avg
m7_aq_detail	jmlao	double	double	0	medium	avg
m7_aq_detail	jmlae	double	double	0	medium	avg
m7_aq_detail	jmlrealisasi	double	double	0	medium	avg
m7_aq_detail	customdbl1	double	double	0	medium	avg
m7_aq_detail	customdbl2	double	double	0	medium	avg
m7_aq_detail	customdbl3	double	double	0	medium	avg
m7_ar	arid	bigint	bigint	0	medium	sum,count,avg
m7_ar	arkodepa	bigint	bigint	0	medium	sum,count,avg
m7_ar	ardimintaoleh	bigint	bigint	0	medium	sum,count,avg
m7_ar	armintake	bigint	bigint	0	medium	sum,count,avg
m7_ar	arkurs	double	double	0	medium	avg
m7_ar	arjmldiskon	double	double	0	medium	avg
m7_ar	arbiayalain	double	double	0	medium	avg
m7_ar	arjmlrevisi	int	int	0	medium	sum,count,avg
m7_ar	arinputuser	bigint	bigint unsigned	0	medium	sum,count,avg
m7_ar	armodifikasiuser	bigint	bigint unsigned	0	medium	sum,count,avg
m7_ar	arcustomint1	int	int	0	medium	sum,count,avg
m7_ar	arcustomint2	int	int	0	medium	sum,count,avg
m7_ar	arcustomint3	int	int	0	medium	sum,count,avg
m7_ar	arcustomdbl1	double	double	0	medium	avg
m7_ar	arcustomdbl2	double	double	0	medium	avg
m7_ar	arcustomdbl3	double	double	0	medium	avg
m7_ar_detail	idardetail	bigint	bigint	0	medium	sum,count,avg
m7_ar_detail	idar	bigint	bigint	0	medium	sum,count,avg
m7_ar_detail	idasset	bigint	bigint	0	medium	sum,count,avg
m7_ar_detail	jml	double	double	0	medium	avg
m7_ar_detail	kurs	double	double	0	medium	avg
m7_ar_detail	harga	double	double	0	medium	avg
m7_ar_detail	jmldiskon	double	double	0	medium	avg
m7_ar_detail	jmlpajak1	double	double	0	medium	avg
m7_ar_detail	jmlpajak2	double	double	0	medium	avg
m7_ar_detail	urutan	int	int	0	medium	sum,count,avg
m7_ar_detail	jmlaq	double	double	0	medium	avg
m7_ar_detail	jmlao	double	double	0	medium	avg
m7_ar_detail	jmlae	double	double	0	medium	avg
m7_ar_detail	jmlai	double	double	0	medium	avg
m7_ar_detail	jmlrealisasi	double	double	0	medium	avg
m7_ar_detail	customdbl1	double	double	0	medium	avg
m7_ar_detail	customdbl2	double	double	0	medium	avg
m7_ar_detail	customdbl3	double	double	0	medium	avg
m7_asl	aslid	bigint	bigint	0	medium	sum,count,avg
m7_asl	aslkodepa	bigint	bigint	0	medium	sum,count,avg
m7_asl	aslcustomer	bigint	bigint	0	medium	sum,count,avg
m7_asl	aslbagianpenjualan	bigint	bigint	0	medium	sum,count,avg
m7_asl	aslkurs	double	double	0	medium	avg
m7_asl	asljmldiskon	double	double	0	medium	avg
m7_asl	aslbiayalain	double	double	0	medium	avg
m7_asl	asljmlbayar	double	double	0	medium	avg
m7_asl	aslidasr	bigint	bigint	0	medium	sum,count,avg
m7_asl	asljmlrevisi	int	int	0	medium	sum,count,avg
m7_asl	aslinputuser	bigint	bigint unsigned	0	medium	sum,count,avg
m7_asl	aslmodifikasiuser	bigint	bigint unsigned	0	medium	sum,count,avg
m7_asl	aslcustomint1	int	int	0	medium	sum,count,avg
m7_asl	aslcustomint2	int	int	0	medium	sum,count,avg
m7_asl	aslcustomint3	int	int	0	medium	sum,count,avg
m7_asl	aslcustomdbl1	double	double	0	medium	avg
m7_asl	aslcustomdbl2	double	double	0	medium	avg
m7_asl	aslcustomdbl3	double	double	0	medium	avg
m7_asl_detail	idasldetail	bigint	bigint	0	medium	sum,count,avg
m7_asl_detail	idasl	bigint	bigint unsigned	0	medium	sum,count,avg
m7_asl_detail	idasset	bigint	bigint	0	medium	sum,count,avg
m7_asl_detail	jml	double	double	0	medium	avg
m7_asl_detail	kurs	double	double	0	medium	avg
m7_asl_detail	harga	double	double	0	medium	avg
m7_asl_detail	jmldiskon	double	double	0	medium	avg
m7_asl_detail	jmlpajak1	double	double	0	medium	avg
m7_asl_detail	jmlpajak2	double	double	0	medium	avg
m7_asl_detail	urutan	int	int	0	medium	sum,count,avg
m7_asl_detail	idasrdetail	bigint	bigint	0	medium	sum,count,avg
m7_asl_detail	jmlrealisasi	double	double	0	medium	avg
m7_asl_detail	customdbl1	double	double	0	medium	avg
m7_asl_detail	customdbl2	double	double	0	medium	avg
m7_asl_detail	customdbl3	double	double	0	medium	avg
m7_asr	asrid	bigint	bigint	0	medium	sum,count,avg
m7_asr	asrkodepa	bigint	bigint	0	medium	sum,count,avg
m7_asr	asrdimintaoleh	bigint	bigint	0	medium	sum,count,avg
m7_asr	asrmintake	bigint	bigint	0	medium	sum,count,avg
m7_asr	asrkurs	double	double	0	medium	avg
m7_asr	asrjmldiskon	double	double	0	medium	avg
m7_asr	asrbiayalain	double	double	0	medium	avg
m7_asr	asrjmlrevisi	int	int	0	medium	sum,count,avg
m7_asr	asrinputuser	bigint	bigint unsigned	0	medium	sum,count,avg
m7_asr	asrmodifikasiuser	bigint	bigint unsigned	0	medium	sum,count,avg
m7_asr	asprcustomint1	int	int	0	medium	sum,count,avg
m7_asr	asprcustomint2	int	int	0	medium	sum,count,avg
m7_asr	asrcustomint3	int	int	0	medium	sum,count,avg
m7_asr	asrcustomdbl1	double	double	0	medium	avg
m7_asr	asrcustomdbl2	double	double	0	medium	avg
m7_asr	asrcustomdbl3	double	double	0	medium	avg
m7_asr_detail	idasrdetail	bigint	bigint	0	medium	sum,count,avg
m7_asr_detail	idasr	bigint	bigint	0	medium	sum,count,avg
m7_asr_detail	idasset	bigint	bigint	0	medium	sum,count,avg
m7_asr_detail	jml	double	double	0	medium	avg
m7_asr_detail	kurs	double	double	0	medium	avg
m7_asr_detail	harga	double	double	0	medium	avg
m7_asr_detail	jmldiskon	double	double	0	medium	avg
m7_asr_detail	jmlpajak1	double	double	0	medium	avg
m7_asr_detail	jmlpajak2	double	double	0	medium	avg
m7_asr_detail	hargajual	double	double	0	medium	avg
m7_asr_detail	urutan	int	int	0	medium	sum,count,avg
m7_asr_detail	jmlaec	double	double	0	medium	avg
m7_asr_detail	jmlrealisasi	double	double	0	medium	avg
m7_asr_detail	customdbl1	double	double	0	medium	avg
m7_asr_detail	customdbl2	double	double	0	medium	avg
m7_asr_detail	customdbl3	double	double	0	medium	avg
m7_asset_category_history	acidhistory	bigint	bigint	0	medium	sum,count,avg
m7_asset_category_history	acinputuser	int	int unsigned	0	medium	sum,count,avg
m7_asset_category_history	acmodifikasiuser	int	int unsigned	0	medium	sum,count,avg
m7_asset_category_history	accustomint1	int	int	0	medium	sum,count,avg
m7_asset_category_history	accustomint2	int	int	0	medium	sum,count,avg
m7_asset_category_history	accustomint3	int	int	0	medium	sum,count,avg
m7_asset_category_history	accustomdbl1	double	double	0	medium	avg
m7_asset_category_history	accustomdbl2	double	double	0	medium	avg
m7_asset_category_history	accustomdbl3	double	double	0	medium	avg
m7_asset_category_tax_history	actidhistory	bigint	bigint	0	medium	sum,count,avg
m7_asset_category_tax_history	actmetode	bigint	bigint	0	medium	sum,count,avg
m7_asset_category_tax_history	actumur	double	double	0	medium	avg
m7_asset_category_tax_history	actpenyusutan	double	double	0	medium	avg
m7_asset_category_tax_history	actinputuser	int	int unsigned	0	medium	sum,count,avg
m7_asset_category_tax_history	actmodifikasiuser	int	int unsigned	0	medium	sum,count,avg
m7_asset_category_tax_history	actcustomint1	int	int	0	medium	sum,count,avg
m7_asset_category_tax_history	actcustomint2	int	int	0	medium	sum,count,avg
m7_asset_category_tax_history	actcustomint3	int	int	0	medium	sum,count,avg
m7_asset_category_tax_history	actcustomdbl1	double	double	0	medium	avg
m7_asset_category_tax_history	actcustomdbl2	double	double	0	medium	avg
m7_asset_category_tax_history	actcustomdbl3	double	double	0	medium	avg
m7_asset_transaction	atid	bigint	bigint	0	medium	sum,count,avg
m7_asset_transaction	atasetid	bigint	bigint	0	medium	sum,count,avg
m7_asset_transaction	atidutama	bigint	bigint	0	medium	sum,count,avg
m7_asset_transaction	atidbarang	bigint	bigint	0	medium	sum,count,avg
m7_asset_transaction	atjml	double	double	0	medium	avg
m7_asset_transaction	atkurs	double	double	0	medium	avg
m7_asset_transaction	atharga	double	double	0	medium	avg
m7_asset_transaction	atjmldiskon	double	double	0	medium	avg
m7_asset_transaction	atjmlpajak1	double	double	0	medium	avg
m7_asset_transaction	atjmlpajak2	double	double	0	medium	avg
m7_asset_transaction	athargabeli	double	double	0	medium	avg
m7_asset_transaction	atnilairesidu	double	double	0	medium	avg
m7_asset_transaction	atumurekonomis	double	double	0	medium	avg
m7_asset_transaction	atbebanperbln	double	double	0	medium	avg
m7_asset_transaction	atakumulasibeban	double	double	0	medium	avg
m7_asset_transaction	atnilaibuku	double	double	0	medium	avg
m7_asset_transaction	atprodusen	bigint	bigint	0	medium	sum,count,avg
m7_asset_transaction	atpenyusutanke	double	double	0	medium	avg
m7_asset_transaction	atnilaimenurun	double	double	0	medium	avg
m7_asset_transaction	atisclose	int	int	0	medium	sum,count,avg
m7_asset_transaction	atinputuser	bigint	bigint	0	medium	sum,count,avg
m7_asset_transaction	atmodifikasiuser	bigint	bigint unsigned	0	medium	sum,count,avg
m7_asset_transaction	atcustomint1	int	int	0	medium	sum,count,avg
m7_asset_transaction	atcustomint2	int	int	0	medium	sum,count,avg
m7_asset_transaction	atcustomint3	int	int	0	medium	sum,count,avg
m7_asset_transaction	atcustomint4	int	int	0	medium	sum,count,avg
m7_asset_transaction	atcustomint5	int	int	0	medium	sum,count,avg
m7_asset_transaction	atcustomdbl1	double	double	0	medium	avg
m7_asset_transaction	atcustomdbl2	double	double	0	medium	avg
m7_asset_transaction	atcustomdbl3	double	double	0	medium	avg
m7_asset_transaction	atcustomdbl4	double	double	0	medium	avg
m7_asset_transaction	atcustomdbl5	double	double	0	medium	avg
m7_asset_transaction_history	atidhistory	bigint	bigint	0	medium	sum,count,avg
m7_asset_transaction_history	atidtransaksihistory	bigint	bigint	0	medium	sum,count,avg
m7_asset_transaction_history	atid	bigint	bigint	0	medium	sum,count,avg
m7_asset_transaction_history	atasetid	bigint	bigint	0	medium	sum,count,avg
m7_asset_transaction_history	atidutama	bigint	bigint	0	medium	sum,count,avg
m7_asset_transaction_history	atidbarang	bigint	bigint	0	medium	sum,count,avg
m7_asset_transaction_history	atjml	double	double	0	medium	avg
m7_asset_transaction_history	atkurs	double	double	0	medium	avg
m7_asset_transaction_history	atharga	double	double	0	medium	avg
m7_asset_transaction_history	atjmldiskon	double	double	0	medium	avg
m7_asset_transaction_history	atjmlpajak1	double	double	0	medium	avg
m7_asset_transaction_history	atjmlpajak2	double	double	0	medium	avg
m7_asset_transaction_history	athargabeli	double	double	0	medium	avg
m7_asset_transaction_history	atnilairesidu	double	double	0	medium	avg
m7_asset_transaction_history	atumurekonomis	double	double	0	medium	avg
m7_asset_transaction_history	atbebanperbln	double	double	0	medium	avg
m7_asset_transaction_history	atakumulasibeban	double	double	0	medium	avg
m7_asset_transaction_history	atnilaibuku	double	double	0	medium	avg
m7_asset_transaction_history	atprodusen	bigint	bigint	0	medium	sum,count,avg
m7_asset_transaction_history	atpenyusutanke	double	double	0	medium	avg
m7_asset_transaction_history	atnilaimenurun	double	double	0	medium	avg
m7_asset_transaction_history	atisclose	int	int	0	medium	sum,count,avg
m7_asset_transaction_history	atinputuser	bigint	bigint	0	medium	sum,count,avg
m7_asset_transaction_history	atmodifikasiuser	bigint	bigint unsigned	0	medium	sum,count,avg
m7_asset_transaction_history	atcustomint1	int	int	0	medium	sum,count,avg
m7_asset_transaction_history	atcustomint2	int	int	0	medium	sum,count,avg
m7_asset_transaction_history	atcustomint3	int	int	0	medium	sum,count,avg
m7_asset_transaction_history	atcustomint4	int	int	0	medium	sum,count,avg
m7_asset_transaction_history	atcustomint5	int	int	0	medium	sum,count,avg
m7_asset_transaction_history	atcustomdbl1	double	double	0	medium	avg
m7_asset_transaction_history	atcustomdbl2	double	double	0	medium	avg
m7_asset_transaction_history	atcustomdbl3	double	double	0	medium	avg
m7_asset_transaction_history	atcustomdbl4	double	double	0	medium	avg
m7_asset_transaction_history	atcustomdbl5	double	double	0	medium	avg
m7_at	atid	bigint	bigint	0	medium	sum,count,avg
m7_at	atkodepa	bigint	bigint	0	medium	sum,count,avg
m7_at	atsupplier	bigint	bigint	0	medium	sum,count,avg
m7_at	atbagianpembayaran	bigint	bigint	0	medium	sum,count,avg
m7_at	atkurs	double	double	0	medium	avg
m7_at	atbayar	double	double	0	medium	avg
m7_at	atbayarvalas	double	double	0	medium	avg
m7_at	atdiskontermin	double	double	0	medium	avg
m7_at	atdiskonterminvalas	double	double	0	medium	avg
m7_at	atjmlrevisi	int	int	0	medium	sum,count,avg
m7_at	atinputuser	bigint	bigint unsigned	0	medium	sum,count,avg
m7_at	atmodifikasiuser	bigint	bigint unsigned	0	medium	sum,count,avg
m7_at	atcustomint1	int	int	0	medium	sum,count,avg
m7_at	atcustomint2	int	int	0	medium	sum,count,avg
m7_at	atcustomint3	int	int	0	medium	sum,count,avg
m7_at	atcustomdbl1	double	double	0	medium	avg
m7_at	atcustomdbl2	double	double	0	medium	avg
m7_at	atcustomdbl3	double	double	0	medium	avg
m7_at_detail	idatdetail	bigint	bigint	0	medium	sum,count,avg
m7_at_detail	idat	bigint	bigint	0	medium	sum,count,avg
m7_at_detail	idtransaksi	bigint	bigint	0	medium	sum,count,avg
m7_at_detail	kurs	double	double	0	medium	avg
m7_at_detail	terbayar	double	double	0	medium	avg
m7_at_detail	rencana	double	double	0	medium	avg
m7_at_detail	sisa	double	double	0	medium	avg
m7_at_detail	jmlbayar	double	double	0	medium	avg
m7_at_detail	jmlbayarvalas	double	double	0	medium	avg
m7_at_detail	jmldiskontermin	double	double	0	medium	avg
m7_at_detail	jmldiskonterminvalas	double	double	0	medium	avg
m7_at_detail	urutan	int	int	0	medium	sum,count,avg
m7_at_detail	customdbl1	double	double	0	medium	avg
m7_at_detail	customdbl2	double	double	0	medium	avg
m7_at_detail	customdbl3	double	double	0	medium	avg
m7_at_pay	idatcarabayar	bigint	bigint	0	medium	sum,count,avg
m7_at_pay	idat	bigint	bigint	0	medium	sum,count,avg
m7_at_pay	kurs	double	double	0	medium	avg
m7_at_pay	jumlah	double	double	0	medium	avg
m7_at_pay	jumlahvalas	double	double	0	medium	avg
m7_at_pay	urutan	int	int	0	medium	sum,count,avg
m7_dsa	dsaid	bigint	bigint	0	medium	sum,count,avg
m7_dsa	dsakodepa	bigint	bigint	0	medium	sum,count,avg
m7_dsa	dsabagpenghapusan	bigint	bigint	0	medium	sum,count,avg
m7_dsa	dsakurs	double	double	0	medium	avg
m7_dsa	dsabiayalain	double	double	0	medium	avg
m7_dsa	dsaiddsr	bigint	bigint	0	medium	sum,count,avg
m7_dsa	dsajmlrevisi	int	int	0	medium	sum,count,avg
m7_dsa	dsainputuser	bigint	bigint unsigned	0	medium	sum,count,avg
m7_dsa	dsamodifikasiuser	bigint	bigint unsigned	0	medium	sum,count,avg
m7_dsa	dsacustomint1	int	int	0	medium	sum,count,avg
m7_dsa	dsacustomint2	int	int	0	medium	sum,count,avg
m7_dsa	dsacustomint3	int	int	0	medium	sum,count,avg
m7_dsa	dsacustomdbl1	double	double	0	medium	avg
m7_dsa	dsacustomdbl2	double	double	0	medium	avg
m7_dsa	dsacustomdbl3	double	double	0	medium	avg
m7_dsa_detail	idsidetail	bigint	bigint	0	medium	sum,count,avg
m7_dsa_detail	idsi	bigint	bigint unsigned	0	medium	sum,count,avg
m7_dsa_detail	idasset	bigint	bigint	0	medium	sum,count,avg
m7_dsa_detail	jml	double	double	0	medium	avg
m7_dsa_detail	kurs	double	double	0	medium	avg
m7_dsa_detail	idhppkhususmasuk	bigint	bigint	0	medium	sum,count,avg
m7_dsa_detail	idhppfifomasuk	bigint	bigint	0	medium	sum,count,avg
m7_dsa_detail	harga	double	double	0	medium	avg
m7_dsa_detail	hpp	double	double	0	medium	avg
m7_dsa_detail	jmldiskon	double	double	0	medium	avg
m7_dsa_detail	jmlpajak1	double	double	0	medium	avg
m7_dsa_detail	jmlpajak2	double	double	0	medium	avg
m7_dsa_detail	urutan	int	int	0	medium	sum,count,avg
m7_dsa_detail	idsqdetail	bigint	bigint	0	medium	sum,count,avg
m7_dsa_detail	idsodetail	bigint	bigint	0	medium	sum,count,avg
m7_dsa_detail	idpidetail	bigint	bigint	0	medium	sum,count,avg
m7_dsa_detail	idpldetail	bigint	bigint	0	medium	sum,count,avg
m7_dsa_detail	iddodetail	bigint	bigint	0	medium	sum,count,avg
m7_dsa_detail	iddrdetail	bigint	bigint	0	medium	sum,count,avg
m7_dsa_detail	jmlrnr	double	double	0	medium	avg
m7_dsa_detail	jmlsr	double	double	0	medium	avg
m7_dsa_detail	jmlrealisasi	double	double	0	medium	avg
m7_dsa_detail	customdbl1	double	double	0	medium	avg
m7_dsa_detail	customdbl2	double	double	0	medium	avg
m7_dsa_detail	customdbl3	double	double	0	medium	avg
m7_dsr	dsrid	bigint	bigint	0	medium	sum,count,avg
m7_dsr	dsrkodepa	bigint	bigint	0	medium	sum,count,avg
m7_dsr	dsrdimintaoleh	bigint	bigint	0	medium	sum,count,avg
m7_dsr	dsrmintake	bigint	bigint	0	medium	sum,count,avg
m7_dsr	dsrkurs	double	double	0	medium	avg
m7_dsr	dsrjmlrevisi	int	int	0	medium	sum,count,avg
m7_dsr	dsrinputuser	bigint	bigint unsigned	0	medium	sum,count,avg
m7_dsr	dsrmodifikasiuser	bigint	bigint unsigned	0	medium	sum,count,avg
m7_dsr	dsrcustomint1	int	int	0	medium	sum,count,avg
m7_dsr	dsrcustomint2	int	int	0	medium	sum,count,avg
m7_dsr	dsrcustomint3	int	int	0	medium	sum,count,avg
m7_dsr	dsrcustomdbl1	double	double	0	medium	avg
m7_dsr	dsrcustomdbl2	double	double	0	medium	avg
m7_dsr	dsrcustomdbl3	double	double	0	medium	avg
m7_dsr_detail	iddsrdetail	bigint	bigint	0	medium	sum,count,avg
m7_dsr_detail	iddsr	bigint	bigint	0	medium	sum,count,avg
m7_dsr_detail	idasset	bigint	bigint	0	medium	sum,count,avg
m7_dsr_detail	jml	double	double	0	medium	avg
m7_dsr_detail	kurs	double	double	0	medium	avg
m7_dsr_detail	hargabeli	double	double	0	medium	avg
m7_dsr_detail	nilaibuku	double	double	0	medium	avg
m7_dsr_detail	urutan	int	int	0	medium	sum,count,avg
m7_dsr_detail	jmldsa	double	double	0	medium	avg
m7_dsr_detail	jmlrealisasi	double	double	0	medium	avg
m7_dsr_detail	customdbl1	double	double	0	medium	avg
m7_dsr_detail	customdbl2	double	double	0	medium	avg
m7_dsr_detail	customdbl3	double	double	0	medium	avg
m7_files	fidtransaksi	bigint	bigint	0	medium	sum,count,avg
m7_files	finputuser	bigint	bigint	0	medium	sum,count,avg
m7_ia	iaid	int	int	0	medium	sum,count,avg
m7_ia	iadimintaoleh	int	int	0	medium	sum,count,avg
m7_ia	iajmlapproved	int	int	0	medium	sum,count,avg
m7_ia	iajmlrevisi	int	int	0	medium	sum,count,avg
m7_ia	iainputuser	int	int unsigned	0	medium	sum,count,avg
m7_ia	iamodifikasiuser	int	int unsigned	0	medium	sum,count,avg
m7_ia_detail	idiadetail	int	int	0	medium	sum,count,avg
m7_ia_detail	idia	int	int	0	medium	sum,count,avg
m7_ia_detail	idaset	int	int	0	medium	sum,count,avg
m7_ia_detail	idirdetail	int	int	0	medium	sum,count,avg
m7_ia_detail	urutan	int	int	0	medium	sum,count,avg
m7_ia_detail	jmlirt	double	double	0	medium	avg
m7_ir	irid	int	int	0	medium	sum,count,avg
m7_ir	irdimintaoleh	int	int	0	medium	sum,count,avg
m7_ir	irjmlrevisi	int	int	0	medium	sum,count,avg
m7_ir	irinputuser	int	int unsigned	0	medium	sum,count,avg
m7_ir	irmodifikasiuser	int	int unsigned	0	medium	sum,count,avg
m7_ir	ircustomint1	int	int	0	medium	sum,count,avg
m7_ir	ircustomint2	int	int	0	medium	sum,count,avg
m7_ir	ircustomint3	int	int	0	medium	sum,count,avg
m7_ir	ircustomdbl1	double	double	0	medium	avg
m7_ir	ircustomdbl2	double	double	0	medium	avg
m7_ir	ircustomdbl3	double	double	0	medium	avg
m7_ir_detail	idirdetail	int	int	0	medium	sum,count,avg
m7_ir_detail	idir	int	int	0	medium	sum,count,avg
m7_ir_detail	idaset	int	int	0	medium	sum,count,avg
m7_ir_detail	urutan	int	int	0	medium	sum,count,avg
m7_ir_detail	jmlia	double	double	0	medium	avg
m7_ir_detail	jmlirt	double	double	0	medium	avg
m7_irt	irtid	int	int	0	medium	sum,count,avg
m7_irt	irtidia	int	int	0	medium	sum,count,avg
m7_irt	irtjmlapproved	int	int	0	medium	sum,count,avg
m7_irt	irtjmlrevisi	int	int	0	medium	sum,count,avg
m7_irt	irtinputuser	int	int unsigned	0	medium	sum,count,avg
m7_irt	irtmodifikasiuser	int	int unsigned	0	medium	sum,count,avg
m7_irt_detail	idirtdetail	int	int	0	medium	sum,count,avg
m7_irt_detail	idirt	int	int	0	medium	sum,count,avg
m7_irt_detail	idaset	int	int	0	medium	sum,count,avg
m7_irt_detail	umur	double	double	0	medium	avg
m7_irt_detail	biaya	double	double	0	medium	avg
m7_irt_detail	idiadetail	int	int	0	medium	sum,count,avg
m7_irt_detail	idirdetail	int	int	0	medium	sum,count,avg
m7_irt_detail	urutan	int	int	0	medium	sum,count,avg
m7_master_asset_category	acpenyusutan	int	int	0	medium	sum,count,avg
m7_master_asset_category	acumur	double	double	0	medium	avg
m7_master_asset_category	acumursatuan	int	int	0	medium	sum,count,avg
m7_master_asset_category	acinputuser	int	int unsigned	0	medium	sum,count,avg
m7_master_asset_category	acmodifikasiuser	int	int unsigned	0	medium	sum,count,avg
m7_master_asset_department	dpinputuser	int	int unsigned	0	medium	sum,count,avg
m7_master_asset_department	dpmodifikasiuser	int	int unsigned	0	medium	sum,count,avg
m7_master_asset_disposal	adinputuser	int	int unsigned	0	medium	sum,count,avg
m7_master_asset_disposal	admodifikasiuser	int	int unsigned	0	medium	sum,count,avg
m7_notes	nid	bigint	bigint	0	medium	sum,count,avg
m7_notes	nidtransaksi	bigint	bigint	0	medium	sum,count,avg
m7_notes	ninputuser	bigint	bigint	0	medium	sum,count,avg
m7_notes	nmodifikasiuser	bigint	bigint	0	medium	sum,count,avg
m7_ra	raid	int	int	0	medium	sum,count,avg
m7_ra	rahargalama	double	double	0	medium	avg
m7_ra	rahargabaru	double	double	0	medium	avg
m7_ra	raprofit	double	double	0	medium	avg
m7_ra	rajmlrevisi	int	int	0	medium	sum,count,avg
m7_ra	rainputuser	int	int unsigned	0	medium	sum,count,avg
m7_ra	ramodifikasiuser	int	int unsigned	0	medium	sum,count,avg
m7_ra	racustomint1	int	int	0	medium	sum,count,avg
m7_ra	racustomint2	int	int	0	medium	sum,count,avg
m7_ra	racustomint3	int	int	0	medium	sum,count,avg
m7_ra	racustomdbl1	double	double	0	medium	avg
m7_ra	racustomdbl2	double	double	0	medium	avg
m7_ra	racustomdbl3	double	double	0	medium	avg
m7_ra_detail	idradetail	int	int	0	medium	sum,count,avg
m7_ra_detail	idra	int	int	0	medium	sum,count,avg
m7_ra_detail	idaset	int	int	0	medium	sum,count,avg
m7_ra_detail	hargalama	double	double	0	medium	avg
m7_ra_detail	hargabaru	double	double	0	medium	avg
m7_ra_detail	profit	double	double	0	medium	avg
m7_ra_detail	urutan	int	int	0	medium	sum,count,avg
m7_ta	taid	bigint	bigint	0	medium	sum,count,avg
m7_ta	takodepa	bigint	bigint	0	medium	sum,count,avg
m7_ta	tabagianmutasi	bigint	bigint	0	medium	sum,count,avg
m7_ta	taidtr	bigint	bigint	0	medium	sum,count,avg
m7_ta	tajmlrevisi	int	int	0	medium	sum,count,avg
m7_ta	tainputuser	bigint	bigint unsigned	0	medium	sum,count,avg
m7_ta	tamodifikasiuser	bigint	bigint unsigned	0	medium	sum,count,avg
m7_ta	tacustomint1	int	int	0	medium	sum,count,avg
m7_ta	tacustomint2	int	int	0	medium	sum,count,avg
m7_ta	tacustomint3	int	int	0	medium	sum,count,avg
m7_ta	tacustomdbl1	double	double	0	medium	avg
m7_ta	tacustomdbl2	double	double	0	medium	avg
m7_ta	tacustomdbl3	double	double	0	medium	avg
m7_ta_detail	idtadetail	bigint	bigint	0	medium	sum,count,avg
m7_ta_detail	idta	bigint	bigint	0	medium	sum,count,avg
m7_ta_detail	idasset	bigint	bigint	0	medium	sum,count,avg
m7_ta_detail	jml	double	double	0	medium	avg
m7_ta_detail	urutan	int	int	0	medium	sum,count,avg
m7_ta_detail	idtrdetail	bigint	bigint	0	medium	sum,count,avg
m7_ta_detail	jmlte	double	double	0	medium	avg
m7_ta_detail	jmlrealisasi	double	double	0	medium	avg
m7_ta_detail	customdbl1	double	double	0	medium	avg
m7_ta_detail	customdbl2	double	double	0	medium	avg
m7_ta_detail	customdbl3	double	double	0	medium	avg
m7_te	teid	bigint	bigint	0	medium	sum,count,avg
m7_te	tekodepa	bigint	bigint	0	medium	sum,count,avg
m7_te	tebagianterima	bigint	bigint	0	medium	sum,count,avg
m7_te	teidtr	bigint	bigint	0	medium	sum,count,avg
m7_te	teidta	bigint	bigint	0	medium	sum,count,avg
m7_te	tejmlrevisi	int	int	0	medium	sum,count,avg
m7_te	teinputuser	bigint	bigint unsigned	0	medium	sum,count,avg
m7_te	temodifikasiuser	bigint	bigint unsigned	0	medium	sum,count,avg
m7_te	tecustomint1	int	int	0	medium	sum,count,avg
m7_te	tecustomint2	int	int	0	medium	sum,count,avg
m7_te	tecustomint3	int	int	0	medium	sum,count,avg
m7_te	tecustomdbl1	double	double	0	medium	avg
m7_te	tecustomdbl2	double	double	0	medium	avg
m7_te	tecustomdbl3	double	double	0	medium	avg
m7_te_detail	idtedetail	bigint	bigint	0	medium	sum,count,avg
m7_te_detail	idte	bigint	bigint	0	medium	sum,count,avg
m7_te_detail	idasset	bigint	bigint	0	medium	sum,count,avg
m7_te_detail	jml	double	double	0	medium	avg
m7_te_detail	urutan	int	int	0	medium	sum,count,avg
m7_te_detail	idtrdetail	bigint	bigint	0	medium	sum,count,avg
m7_te_detail	idtadetail	bigint	bigint	0	medium	sum,count,avg
m7_te_detail	customdbl1	double	double	0	medium	avg
m7_te_detail	customdbl2	double	double	0	medium	avg
m7_te_detail	customdbl3	double	double	0	medium	avg
m7_tr	trid	bigint	bigint	0	medium	sum,count,avg
m7_tr	trkodepa	bigint	bigint	0	medium	sum,count,avg
m7_tr	trdimintaoleh	bigint	bigint	0	medium	sum,count,avg
m7_tr	trmintake	bigint	bigint	0	medium	sum,count,avg
m7_tr	trjmlrevisi	int	int	0	medium	sum,count,avg
m7_tr	trinputuser	bigint	bigint unsigned	0	medium	sum,count,avg
m7_tr	trmodifikasiuser	bigint	bigint unsigned	0	medium	sum,count,avg
m7_tr	trcustomint1	int	int	0	medium	sum,count,avg
m7_tr	trcustomint2	int	int	0	medium	sum,count,avg
m7_tr	trcustomint3	int	int	0	medium	sum,count,avg
m7_tr	trcustomdbl1	double	double	0	medium	avg
m7_tr	trcustomdbl2	double	double	0	medium	avg
m7_tr	trcustomdbl3	double	double	0	medium	avg
m7_tr_detail	idtrdetail	bigint	bigint	0	medium	sum,count,avg
m7_tr_detail	idtr	bigint	bigint	0	medium	sum,count,avg
m7_tr_detail	idasset	bigint	bigint	0	medium	sum,count,avg
m7_tr_detail	jml	double	double	0	medium	avg
m7_tr_detail	urutan	int	int	0	medium	sum,count,avg
m7_tr_detail	jmlta	double	double	0	medium	avg
m7_tr_detail	jmlte	double	double	0	medium	avg
m7_tr_detail	jmlrealisasi	double	double	0	medium	avg
m7_tr_detail	customdbl1	double	double	0	medium	avg
m7_tr_detail	customdbl2	double	double	0	medium	avg
m7_tr_detail	customdbl3	double	double	0	medium	avg
m7_ua	uaid	bigint	bigint	0	medium	sum,count,avg
m7_ua	uakodepa	bigint	bigint	0	medium	sum,count,avg
m7_ua	uabagianpemanfaatan	bigint	bigint	0	medium	sum,count,avg
m7_ua	uaidur	bigint	bigint	0	medium	sum,count,avg
m7_ua	uajmlrevisi	int	int	0	medium	sum,count,avg
m7_ua	uainputuser	bigint	bigint unsigned	0	medium	sum,count,avg
m7_ua	uamodifikasiuser	bigint	bigint unsigned	0	medium	sum,count,avg
m7_ua	uacustomint1	int	int	0	medium	sum,count,avg
m7_ua	uacustomint2	int	int	0	medium	sum,count,avg
m7_ua	uacustomint3	int	int	0	medium	sum,count,avg
m7_ua	uacustomdbl1	double	double	0	medium	avg
m7_ua	uacustomdbl2	double	double	0	medium	avg
m7_ua	uacustomdbl3	double	double	0	medium	avg
m7_ua_detail	iduadetail	bigint	bigint	0	medium	sum,count,avg
m7_ua_detail	idua	bigint	bigint	0	medium	sum,count,avg
m7_ua_detail	idasset	bigint	bigint	0	medium	sum,count,avg
m7_ua_detail	jml	double	double	0	medium	avg
m7_ua_detail	urutan	int	int	0	medium	sum,count,avg
m7_ua_detail	idurdetail	bigint	bigint	0	medium	sum,count,avg
m7_ua_detail	jmlurt	double	double	0	medium	avg
m7_ua_detail	jmlrealisasi	double	double	0	medium	avg
m7_ua_detail	customdbl1	double	double	0	medium	avg
m7_ua_detail	customdbl2	double	double	0	medium	avg
m7_ua_detail	customdbl3	double	double	0	medium	avg
m7_ur	urid	bigint	bigint	0	medium	sum,count,avg
m7_ur	urkodepa	bigint	bigint	0	medium	sum,count,avg
m7_ur	urdimintaoleh	bigint	bigint	0	medium	sum,count,avg
m7_ur	urmintake	bigint	bigint	0	medium	sum,count,avg
m7_ur	urjmlrevisi	int	int	0	medium	sum,count,avg
m7_ur	urinputuser	bigint	bigint unsigned	0	medium	sum,count,avg
m7_ur	urmodifikasiuser	bigint	bigint unsigned	0	medium	sum,count,avg
m7_ur	urcustomint1	int	int	0	medium	sum,count,avg
m7_ur	urcustomint2	int	int	0	medium	sum,count,avg
m7_ur	urcustomint3	int	int	0	medium	sum,count,avg
m7_ur	urcustomdbl1	double	double	0	medium	avg
m7_ur	urcustomdbl2	double	double	0	medium	avg
m7_ur	urcustomdbl3	double	double	0	medium	avg
m7_ur_detail	idurdetail	bigint	bigint	0	medium	sum,count,avg
m7_ur_detail	idur	bigint	bigint	0	medium	sum,count,avg
m7_ur_detail	idasset	bigint	bigint	0	medium	sum,count,avg
m7_ur_detail	jml	double	double	0	medium	avg
m7_ur_detail	urutan	int	int	0	medium	sum,count,avg
m7_ur_detail	jmlua	double	double	0	medium	avg
m7_ur_detail	jmlurt	double	double	0	medium	avg
m7_ur_detail	jmlrealisasi	double	double	0	medium	avg
m7_ur_detail	customdbl1	double	double	0	medium	avg
m7_ur_detail	customdbl2	double	double	0	medium	avg
m7_ur_detail	customdbl3	double	double	0	medium	avg
m7_urt	urtid	bigint	bigint	0	medium	sum,count,avg
m7_urt	urtkodepa	bigint	bigint	0	medium	sum,count,avg
m7_urt	urtbagianpengembalian	bigint	bigint	0	medium	sum,count,avg
m7_urt	urtidua	bigint	bigint	0	medium	sum,count,avg
m7_urt	urtjmlrevisi	int	int	0	medium	sum,count,avg
m7_urt	urtinputuser	bigint	bigint unsigned	0	medium	sum,count,avg
m7_urt	urtmodifikasiuser	bigint	bigint unsigned	0	medium	sum,count,avg
m7_urt	urtcustomint1	int	int	0	medium	sum,count,avg
m7_urt	urtcustomint2	int	int	0	medium	sum,count,avg
m7_urt	urtcustomint3	int	int	0	medium	sum,count,avg
m7_urt	urtcustomdbl1	double	double	0	medium	avg
m7_urt	urtcustomdbl2	double	double	0	medium	avg
m7_urt	urtcustomdbl3	double	double	0	medium	avg
m7_urt_detail	idurtdetail	bigint	bigint	0	medium	sum,count,avg
m7_urt_detail	idurt	bigint	bigint unsigned	0	medium	sum,count,avg
m7_urt_detail	idasset	bigint	bigint	0	medium	sum,count,avg
m7_urt_detail	jml	double	double	0	medium	avg
m7_urt_detail	urutan	int	int	0	medium	sum,count,avg
m7_urt_detail	idurdetail	bigint	bigint	0	medium	sum,count,avg
m7_urt_detail	iduadetail	bigint	bigint	0	medium	sum,count,avg
m7_urt_detail	customdbl1	double	double	0	medium	avg
m7_urt_detail	customdbl2	double	double	0	medium	avg
m7_urt_detail	customdbl3	double	double	0	medium	avg
m9_coa	ctahun	int	int	0	medium	sum,count,avg
m9_coa	cbulan	int	int	0	medium	sum,count,avg
m9_coa	ctipe	int	int unsigned	0	medium	sum,count,avg
m9_coa	curutan	int	int unsigned	0	medium	sum,count,avg
m9_coa	clevel	int	int unsigned	0	medium	sum,count,avg
m9_coa	ckategori	int	int	0	medium	sum,count,avg
m9_coa	cjmlybl	double	double	0	medium	avg
m9_coa	cjmlly	double	double	0	medium	avg
m9_coa	cjmlytd	double	double	0	medium	avg
m9_coa	cjmlrml	double	double	0	medium	avg
m9_coa	cinputuser	int	int unsigned	0	medium	sum,count,avg
m9_coa	cmodifikasiuser	int	int unsigned	0	medium	sum,count,avg
m9_coa_konsolidasi	ctahun	int	int	0	medium	sum,count,avg
m9_coa_konsolidasi	cbulan	int	int	0	medium	sum,count,avg
m9_coa_konsolidasi	ctipe	int	int unsigned	0	medium	sum,count,avg
m9_coa_konsolidasi	curutan	int	int unsigned	0	medium	sum,count,avg
m9_coa_konsolidasi	clevel	int	int unsigned	0	medium	sum,count,avg
m9_coa_konsolidasi	ckategori	int	int	0	medium	sum,count,avg
m9_coa_konsolidasi	celiminasidebit	double	double	0	medium	avg
m9_coa_konsolidasi	celiminasikredit	double	double	0	medium	avg
m9_konsolidasi_barang	kbid	int	int	0	medium	sum,count,avg
m9_konsolidasi_barang	kbkontak	int	int	0	medium	sum,count,avg
m9_konsolidasi_barang	kbjml	int	int	0	medium	sum,count,avg
m9_konsolidasi_barang	kbhpp	double	double	0	medium	avg
m9_konsolidasi_history	khid	int	int	0	medium	sum,count,avg
m9_konsolidasi_history	khtahun	int	int	0	medium	sum,count,avg
m9_konsolidasi_history	khbulan	int	int	0	medium	sum,count,avg
m9_konsolidasi_history	khjml	double	double	0	medium	avg
m9_setting_db	dbkontakhutang	int	int	0	medium	sum,count,avg
m9_setting_db	dbkontakpiutang	int	int	0	medium	sum,count,avg
m9_setting_db	dbkontakpendapatan	int	int	0	medium	sum,count,avg
m9_setting_db	dbkontakhpp	int	int	0	medium	sum,count,avg
m9_setting_db	dbkontakpersediaan	int	int	0	medium	sum,count,avg
m9_setting_db	dbstatus	int	int	0	medium	sum,count,avg
m_10_ab	abid	int	int	0	medium	sum,count,avg
m_10_ab	abkaryawan	int	int	0	medium	sum,count,avg
m_10_ab	abinputuser	int	int	0	medium	sum,count,avg
m_10_ab	abmodifikasiuser	int	int	0	medium	sum,count,avg
m_10_ad	adid	int	int	0	medium	sum,count,avg
m_10_ad	adkurs	int	int	0	medium	sum,count,avg
m_10_ad	adkaryawan	int	int	0	medium	sum,count,avg
m_10_ad	adinputuser	int	int	0	medium	sum,count,avg
m_10_ad	admodifikasiuser	int	int	0	medium	sum,count,avg
m_10_ad_detail	idaddetail	int	int	0	medium	sum,count,avg
m_10_ad_detail	idad	int	int	0	medium	sum,count,avg
m_10_ad_detail	potongan	int	int	0	medium	sum,count,avg
m_10_ad_detail	urutan	int	int	0	medium	sum,count,avg
m_10_al	alid	int	int	0	medium	sum,count,avg
m_10_al	alapprovaloleh	int	int	0	medium	sum,count,avg
m_10_al	alinputuser	int	int	0	medium	sum,count,avg
m_10_al	almodifikasiuser	int	int	0	medium	sum,count,avg
m_10_al_detail	idaldetail	int	int	0	medium	sum,count,avg
m_10_al_detail	idal	int	int	0	medium	sum,count,avg
m_10_al_detail	idkaryawan	int	int	0	medium	sum,count,avg
m_10_al_detail	jumlah	int	int	0	medium	sum,count,avg
m_10_al_detail	urutan	int	int	0	medium	sum,count,avg
m_10_at	atid	int	int	0	medium	sum,count,avg
m_10_at	atapprovaloleh	int	int	0	medium	sum,count,avg
m_10_at	atinputuser	int	int	0	medium	sum,count,avg
m_10_at	atmodifikasiuser	int	int	0	medium	sum,count,avg
m_10_at_detail	idtdetail	int	int	0	medium	sum,count,avg
m_10_at_detail	idat	int	int	0	medium	sum,count,avg
m_10_at_detail	idkaryawan	int	int	0	medium	sum,count,avg
m_10_at_detail	urutan	int	int	0	medium	sum,count,avg
m_10_attendance_status	skid	int	int	0	medium	sum,count,avg
m_10_attendance_status	sinputuser	int	int	0	medium	sum,count,avg
m_10_attendance_status	smodifikasiuser	int	int	0	medium	sum,count,avg
m_10_benefit _and_deduction	ppinputuser	int	int	0	medium	sum,count,avg
m_10_benefit _and_deduction	ppmodifikasiuser	int	int	0	medium	sum,count,avg
m_10_cn	cnusia	int	int	0	medium	sum,count,avg
m_10_cn	cninputuser	int	int	0	medium	sum,count,avg
m_10_cn	cnmodifikasiuser	int	int	0	medium	sum,count,avg
m_10_crn	crnid	int	int	0	medium	sum,count,avg
m_10_crn	crnoleh	int	int	0	medium	sum,count,avg
m_10_crn	crninputuser	int	int	0	medium	sum,count,avg
m_10_crn	crnmodifikasiuser	int	int	0	medium	sum,count,avg
m_10_crn_detail	idcrdetail	int	int	0	medium	sum,count,avg
m_10_crn_detail	idcr	int	int	0	medium	sum,count,avg
m_10_crn_detail	idkaryawan	int	int	0	medium	sum,count,avg
m_10_crn_detail	urutan	int	int	0	medium	sum,count,avg
m_10_department	dinputuser	int	int	0	medium	sum,count,avg
m_10_department	dmodifikasiuser	int	int	0	medium	sum,count,avg
m_10_ea	eajid	int	int	0	medium	sum,count,avg
m_10_ea	eakandidat	int	int	0	medium	sum,count,avg
m_10_ea	eaatasan	int	int	0	medium	sum,count,avg
m_10_ea	eainputuser	int	int	0	medium	sum,count,avg
m_10_ea	eamodifikasiuser	int	int	0	medium	sum,count,avg
m_10_ed	edid	int	int	0	medium	sum,count,avg
m_10_ed	edkurs	int	int	0	medium	sum,count,avg
m_10_ed	edjumlah	int	int	0	medium	sum,count,avg
m_10_ed	edlamacicilan	int	int	0	medium	sum,count,avg
m_10_ed	edcicilanpokok	int	int	0	medium	sum,count,avg
m_10_ed	edcicilanmulaibulan	int	int	0	medium	sum,count,avg
m_10_ed	edcicilanmulaitahun	int	int	0	medium	sum,count,avg
m_10_ed	edinputuser	int	int	0	medium	sum,count,avg
m_10_ed	edmodifikasiuser	int	int	0	medium	sum,count,avg
m_10_ed_detail	ideddetail	int	int	0	medium	sum,count,avg
m_10_ed_detail	ided	int	int	0	medium	sum,count,avg
m_10_ed_detail	cicilanke	int	int	0	medium	sum,count,avg
m_10_ed_detail	cicilanbulan	int	int	0	medium	sum,count,avg
m_10_ed_detail	tahun	int	int	0	medium	sum,count,avg
m_10_ed_detail	cicilanpokok	int	int	0	medium	sum,count,avg
m_10_ed_detail	urutan	int	int	0	medium	sum,count,avg
m_10_education	pinputuser	int	int	0	medium	sum,count,avg
m_10_education	pmodifikasiuser	int	int	0	medium	sum,count,avg
m_10_em	emid	int	int	0	medium	sum,count,avg
m_10_em	eminputuser	int	int	0	medium	sum,count,avg
m_10_em	emmodifikasiuser	int	int	0	medium	sum,count,avg
m_10_em_detail	idemdetail	int	int	0	medium	sum,count,avg
m_10_em_detail	idem	int	int	0	medium	sum,count,avg
m_10_em_detail	idkaryawan	int	int	0	medium	sum,count,avg
m_10_em_detail	urutan	int	int	0	medium	sum,count,avg
m_10_employee	kid	int	int	0	medium	sum,count,avg
m_10_employee	kaktif	int	int	0	medium	sum,count,avg
m_10_employee	kusia	int	int	0	medium	sum,count,avg
m_10_employee	kkodepos	int	int	0	medium	sum,count,avg
m_10_employee	katasan	int	int	0	medium	sum,count,avg
m_10_employee	kjmlcuti	int	int	0	medium	sum,count,avg
m_10_employee	kinputuser	int	int	0	medium	sum,count,avg
m_10_employee	kmodifikasiuser	int	int	0	medium	sum,count,avg
m_10_employee_category	kkinputuser	int	int	0	medium	sum,count,avg
m_10_employee_category	kkmodifikasiuser	int	int	0	medium	sum,count,avg
m_10_employee_type	jkinputuser	int	int	0	medium	sum,count,avg
m_10_employee_type	jkmodifikasiuser	int	int	0	medium	sum,count,avg
m_10_emr	emrid	int	int	0	medium	sum,count,avg
m_10_emr	emrinputuser	int	int	0	medium	sum,count,avg
m_10_emr	emrmodifikasiuser	int	int	0	medium	sum,count,avg
m_10_emr_detail	idppmdetail	int	int	0	medium	sum,count,avg
m_10_emr_detail	idppm	int	int	0	medium	sum,count,avg
m_10_emr_detail	idkaryawan	int	int	0	medium	sum,count,avg
m_10_emr_detail	urutan	int	int	0	medium	sum,count,avg
m_10_ep	epid	int	int	0	medium	sum,count,avg
m_10_ep	epkepada	int	int	0	medium	sum,count,avg
m_10_ep	epinputuser	int	int	0	medium	sum,count,avg
m_10_ep	epmodifikasiuser	int	int	0	medium	sum,count,avg
m_10_er	erid	int	int	0	medium	sum,count,avg
m_10_er	eroleh	int	int	0	medium	sum,count,avg
m_10_er	erkepada	int	int	0	medium	sum,count,avg
m_10_er	erinputuser	int	int	0	medium	sum,count,avg
m_10_er	ermodifikasiuser	int	int	0	medium	sum,count,avg
m_10_erg	ergid	int	int	0	medium	sum,count,avg
m_10_erg	ergkaryawan	int	int	0	medium	sum,count,avg
m_10_erg	erginputuser	int	int	0	medium	sum,count,avg
m_10_erg	ergmodifikasiuser	int	int	0	medium	sum,count,avg
m_10_erl	erlid	int	int	0	medium	sum,count,avg
m_10_erl	erlsisacuti	int	int	0	medium	sum,count,avg
m_10_erl	erlkaryawan	int	int	0	medium	sum,count,avg
m_10_erl	erlinputuser	int	int	0	medium	sum,count,avg
m_10_erl	erlmodifikasiuser	int	int	0	medium	sum,count,avg
m_10_err	errid	int	int	0	medium	sum,count,avg
m_10_err	errdimintaoleh	int	int	0	medium	sum,count,avg
m_10_err	errmintake	int	int	0	medium	sum,count,avg
m_10_err	errusiamulai	int	int	0	medium	sum,count,avg
m_10_err	errusiaakhir	int	int	0	medium	sum,count,avg
m_10_err	errinputuser	int	int	0	medium	sum,count,avg
m_10_err	errmodifikasiuser	int	int	0	medium	sum,count,avg
m_10_es	eskid	int	int	0	medium	sum,count,avg
m_10_es	eskurs	int	int	0	medium	sum,count,avg
m_10_es	eskaryawan	int	int	0	medium	sum,count,avg
m_10_es	estunjanganpesangon	int	int	0	medium	sum,count,avg
m_10_es	estunjanganmasakerja	int	int	0	medium	sum,count,avg
m_10_es	esuangpengganti	int	int	0	medium	sum,count,avg
m_10_es	esuangpisah	int	int	0	medium	sum,count,avg
m_10_es	esinputuser	int	int	0	medium	sum,count,avg
m_10_es	esmodifikasiuser	int	int	0	medium	sum,count,avg
m_10_et	etid	int	int	0	medium	sum,count,avg
m_10_et	etkaryawan	int	int	0	medium	sum,count,avg
m_10_et	etinputuser	int	int	0	medium	sum,count,avg
m_10_et	etmodifikasiuser	int	int	0	medium	sum,count,avg
m_10_ets	etsid	int	int	0	medium	sum,count,avg
m_10_ets	etsinputuser	int	int	0	medium	sum,count,avg
m_10_ets	etsmodifikasiuser	int	int	0	medium	sum,count,avg
m_10_ets_detail	idetsdetail	int	int	0	medium	sum,count,avg
m_10_ets_detail	idets	int	int	0	medium	sum,count,avg
m_10_ets_detail	idtransaksi	int	int	0	medium	sum,count,avg
m_10_ets_detail	urutan	int	int	0	medium	sum,count,avg
m_10_ew	ewid	int	int	0	medium	sum,count,avg
m_10_ew	ewoleh	int	int	0	medium	sum,count,avg
m_10_ew	ewkepada	int	int	0	medium	sum,count,avg
m_10_ew	ewinputuser	int	int	0	medium	sum,count,avg
m_10_ew	ewmodifikasiuser	int	int	0	medium	sum,count,avg
m_10_grade_and_payroll_level	ginputuser	int	int	0	medium	sum,count,avg
m_10_grade_and_payroll_level	gmodifikasiuser	int	int	0	medium	sum,count,avg
m_10_job_test_type	jtinputuser	int	int	0	medium	sum,count,avg
m_10_job_test_type	jtmodifikasiuser	int	int	0	medium	sum,count,avg
m_10_jp	jpid	int	int	0	medium	sum,count,avg
m_10_jp	jppasangke	int	int	0	medium	sum,count,avg
m_10_jp	jppasangoleh	int	int	0	medium	sum,count,avg
m_10_jp	iderr	int	int	0	medium	sum,count,avg
m_10_jp	jplusiamulai	int	int	0	medium	sum,count,avg
m_10_jp	jpusiaakhir	int	int	0	medium	sum,count,avg
m_10_jp	jpkota	int	int	0	medium	sum,count,avg
m_10_jp	jplinputuser	int	int	0	medium	sum,count,avg
m_10_jp	jpmodifikasiuser	int	int	0	medium	sum,count,avg
m_10_leave_setting	scidkaryawan	int	int	0	medium	sum,count,avg
m_10_leave_type	jcinputuser	int	int	0	medium	sum,count,avg
m_10_leave_type	jcmodifikasiuser	int	int	0	medium	sum,count,avg
m_10_lr	lrid	int	int	0	medium	sum,count,avg
m_10_lr	lrkaryawan	int	int	0	medium	sum,count,avg
m_10_lr	lrjumlah	int	int	0	medium	sum,count,avg
m_10_lr	lrinputuser	int	int	0	medium	sum,count,avg
m_10_lr	lrmodifikasiuser	int	int	0	medium	sum,count,avg
m_10_non_taxable_income	pjmltanggungan	int	int	0	medium	sum,count,avg
m_10_non_taxable_income	pinputuser	int	int	0	medium	sum,count,avg
m_10_non_taxable_income	pmodifikasiuser	int	int	0	medium	sum,count,avg
m_10_ord	ordlid	int	int	0	medium	sum,count,avg
m_10_ord	ordkaryawan	int	int	0	medium	sum,count,avg
m_10_ord	ordjmljam	int	int	0	medium	sum,count,avg
m_10_ord	ordinputuser	int	int	0	medium	sum,count,avg
m_10_ord	ordmodifikasiuser	int	int	0	medium	sum,count,avg
m_10_pc	pcid	int	int	0	medium	sum,count,avg
m_10_pc	pckurs	int	int	0	medium	sum,count,avg
m_10_pc	pckaryawan	int	int	0	medium	sum,count,avg
m_10_pc	pcinputuser	int	int	0	medium	sum,count,avg
m_10_pc	pcmodifikasiuser	int	int	0	medium	sum,count,avg
m_10_pc_detail	idpcdetail	int	int	0	medium	sum,count,avg
m_10_pc_detail	idpc	int	int	0	medium	sum,count,avg
m_10_pc_detail	urutan	int	int	0	medium	sum,count,avg
m_10_pe	peid	int	int	0	medium	sum,count,avg
m_10_pe	peevaluasioleh	int	int	0	medium	sum,count,avg
m_10_pe	peinputuser	int	int	0	medium	sum,count,avg
m_10_pe	pemodifikasiuser	int	int	0	medium	sum,count,avg
m_10_pe_detail	idpedetail	int	int	0	medium	sum,count,avg
m_10_pe_detail	idpe	int	int	0	medium	sum,count,avg
m_10_pe_detail	idkaryawan	int	int	0	medium	sum,count,avg
m_10_pe_detail	urutan	int	int	0	medium	sum,count,avg
m_10_position	jinputuser	int	int	0	medium	sum,count,avg
m_10_position	jmodifikasiuser	int	int	0	medium	sum,count,avg
m_10_pp	ppid	int	int	0	medium	sum,count,avg
m_10_pp	ppkurs	int	int	0	medium	sum,count,avg
m_10_pp	ppkaryawan	int	int	0	medium	sum,count,avg
m_10_pp	ppgajiperbulan	int	int	0	medium	sum,count,avg
m_10_pp	pppotonganpph	int	int	0	medium	sum,count,avg
m_10_pp	ppbayar	int	int	0	medium	sum,count,avg
m_10_pp	ppbayarvalas	int	int	0	medium	sum,count,avg
m_10_pp	ppinputuser	int	int	0	medium	sum,count,avg
m_10_pp	ppmodifikasiuser	int	int	0	medium	sum,count,avg
m_10_pp_detail	idppdetail	int	int	0	medium	sum,count,avg
m_10_pp_detail	idpp	int	int	0	medium	sum,count,avg
m_10_pp_detail	kurs	int	int	0	medium	sum,count,avg
m_10_pp_detail	bayarvalas	int	int	0	medium	sum,count,avg
m_10_pp_detail	urutan	int	int	0	medium	sum,count,avg
m_10_rem	remid	int	int	0	medium	sum,count,avg
m_10_rem	reminputuser	int	int	0	medium	sum,count,avg
m_10_rem	remmodifikasiuser	int	int	0	medium	sum,count,avg
m_10_rem_detail	idremdetail	int	int	0	medium	sum,count,avg
m_10_rem_detail	idrem	int	int	0	medium	sum,count,avg
m_10_rem_detail	idkaryawan	int	int	0	medium	sum,count,avg
m_10_rem_detail	urutan	int	int	0	medium	sum,count,avg
m_10_sc	scid	int	int	0	medium	sum,count,avg
m_10_sc	scinputuser	int	int	0	medium	sum,count,avg
m_10_sc	scmodifikasiuser	int	int	0	medium	sum,count,avg
m_10_sc_detail	idscdetail	int	int	0	medium	sum,count,avg
m_10_sc_detail	idsc	int	int	0	medium	sum,count,avg
m_10_sc_detail	urutan	int	int	0	medium	sum,count,avg
m_10_service_provider	spid	int	int	0	medium	sum,count,avg
m_10_service_provider	spinputuser	int	int	0	medium	sum,count,avg
m_10_service_provider	spmodifikasiuser	int	int	0	medium	sum,count,avg
m_10_shift	shinputuser	int	int	0	medium	sum,count,avg
m_10_shift	shmodifikasiuser	int	int	0	medium	sum,count,avg
m_10_ss	ssid	int	int	0	medium	sum,count,avg
m_10_ss	ssinputuser	int	int	0	medium	sum,count,avg
m_10_ss	ssmodifikasiuser	int	int	0	medium	sum,count,avg
m_10_ss_detail	idssdetail	int	int	0	medium	sum,count,avg
m_10_ss_detail	idss	int	int	0	medium	sum,count,avg
m_10_ss_detail	urutan	int	int	0	medium	sum,count,avg
m_10_termination_type	jpinputuser	int	int	0	medium	sum,count,avg
m_10_termination_type	jpmodifikasiuser	int	int	0	medium	sum,count,avg
m_10_tq	tqid	int	int	0	medium	sum,count,avg
m_10_tq	tqdimintaoleh	int	int	0	medium	sum,count,avg
m_10_tq	tqrekomendasikepada	int	int	0	medium	sum,count,avg
m_10_tq	tqinputuser	int	int	0	medium	sum,count,avg
m_10_tq	tqmodifikasiuser	int	int	0	medium	sum,count,avg
m_10_wt	wtid	int	int	0	medium	sum,count,avg
m_10_wt	wtpenguji	int	int	0	medium	sum,count,avg
m_10_wt	wtinputuser	int	int	0	medium	sum,count,avg
m_10_wt	wtmodifikasiuser	int	int	0	medium	sum,count,avg
m_10_wtdetail	idwtdetail	int	int	0	medium	sum,count,avg
m_10_wtdetail	idwt	int	int	0	medium	sum,count,avg
m_10_wtdetail	idkandidat	int	int	0	medium	sum,count,avg
m_11_ak	akid	bigint	bigint	0	medium	sum,count,avg
m_11_ak	akkodepa	bigint	bigint	0	medium	sum,count,avg
m_11_ak	akcustomer	bigint	bigint	0	medium	sum,count,avg
m_11_ak	akidkj	bigint	bigint	0	medium	sum,count,avg
m_11_ak	akjmlrevisi	int	int	0	medium	sum,count,avg
m_11_ak	akinputuser	bigint	bigint unsigned	0	medium	sum,count,avg
m_11_ak	akmodifikasiuser	bigint	bigint unsigned	0	medium	sum,count,avg
m_11_ak	akcustomint1	int	int	0	medium	sum,count,avg
m_11_ak	akcustomint2	int	int	0	medium	sum,count,avg
m_11_ak	akcustomint3	int	int	0	medium	sum,count,avg
m_11_ak	akcustomint4	int	int	0	medium	sum,count,avg
m_11_ak	akcustomint5	int	int	0	medium	sum,count,avg
m_11_ak	akcustomint6	int	int	0	medium	sum,count,avg
m_11_ak	akcustomint7	int	int	0	medium	sum,count,avg
m_11_ak	akcustomint8	int	int	0	medium	sum,count,avg
m_11_ak	akcustomint9	int	int	0	medium	sum,count,avg
m_11_ak	akcustomint10	int	int	0	medium	sum,count,avg
m_11_ak	akcustomint11	int	int	0	medium	sum,count,avg
m_11_ak	akcustomint12	int	int	0	medium	sum,count,avg
m_11_ak	akcustomint13	int	int	0	medium	sum,count,avg
m_11_ak	akcustomint14	int	int	0	medium	sum,count,avg
m_11_ak	akcustomint15	int	int	0	medium	sum,count,avg
m_11_ak	akcustomint16	int	int	0	medium	sum,count,avg
m_11_ak	akcustomint17	int	int	0	medium	sum,count,avg
m_11_ak	akcustomint18	int	int	0	medium	sum,count,avg
m_11_ak	akcustomint19	int	int	0	medium	sum,count,avg
m_11_ak	akcustomint20	int	int	0	medium	sum,count,avg
m_11_ak	akcustomdbl1	double	double	0	medium	avg
m_11_ak	akcustomdbl2	double	double	0	medium	avg
m_11_ak	akcustomdbl3	double	double	0	medium	avg
m_11_ak	akcustomdbl4	double	double	0	medium	avg
m_11_ak	akcustomdbl5	double	double	0	medium	avg
m_11_ak	akcustomdbl6	double	double	0	medium	avg
m_11_ak	akcustomdbl7	double	double	0	medium	avg
m_11_ak	akcustomdbl8	double	double	0	medium	avg
m_11_ak	akcustomdbl9	double	double	0	medium	avg
m_11_ak	akcustomdbl10	double	double	0	medium	avg
m_11_ak	akcustomdbl11	double	double	0	medium	avg
m_11_ak	akcustomdbl12	double	double	0	medium	avg
m_11_ak	akcustomdbl13	double	double	0	medium	avg
m_11_ak	akcustomdbl14	double	double	0	medium	avg
m_11_ak	akcustomdbl15	double	double	0	medium	avg
m_11_ak	akcustomdbl16	double	double	0	medium	avg
m_11_ak	akcustomdbl17	double	double	0	medium	avg
m_11_ak	akcustomdbl18	double	double	0	medium	avg
m_11_ak	akcustomdbl19	double	double	0	medium	avg
m_11_ak	akcustomdbl20	double	double	0	medium	avg
m_11_ak	akkurs	double	double	0	medium	avg
m_11_ak	akpetugas	bigint	bigint	0	medium	sum,count,avg
m_11_ak	akresep	double	double	0	medium	avg
m_11_ak	akracik	double	double	0	medium	avg
m_11_ak	akembalase	double	double	0	medium	avg
m_11_ak	akketerangan	int	int	0	medium	sum,count,avg
m_11_ak_detail	idakdetail	bigint	bigint	0	medium	sum,count,avg
m_11_ak_detail	idak	bigint	bigint	0	medium	sum,count,avg
m_11_ak_detail	idlayanan	bigint	bigint	0	medium	sum,count,avg
m_11_ak_detail	jml	double	double	0	medium	avg
m_11_ak_detail	nilaisatuan	double	double	0	medium	avg
m_11_ak_detail	harga	double	double	0	medium	avg
m_11_ak_detail	jmldiskon	double	double	0	medium	avg
m_11_ak_detail	jmlpajak1	double	double	0	medium	avg
m_11_ak_detail	jmlpajak2	double	double	0	medium	avg
m_11_ak_detail	urutan	int	int	0	medium	sum,count,avg
m_11_ak_detail	idkjdetail	bigint	bigint	0	medium	sum,count,avg
m_11_ak_detail	jmlrealisasi	double	double	0	medium	avg
m_11_ak_detail	iddokter	bigint	bigint	0	medium	sum,count,avg
m_11_ak_detail	customdbl1	double	double	0	medium	avg
m_11_ak_detail	customdbl2	double	double	0	medium	avg
m_11_ak_detail	customdbl3	double	double	0	medium	avg
m_11_ak_detail	customdbl4	double	double	0	medium	avg
m_11_ak_detail	customdbl5	double	double	0	medium	avg
m_11_ak_detail	customdbl6	double	double	0	medium	avg
m_11_ak_detail	customdbl7	double	double	0	medium	avg
m_11_ak_detail	customdbl8	double	double	0	medium	avg
m_11_ak_detail	customdbl9	double	double	0	medium	avg
m_11_ak_detail	customdbl10	double	double	0	medium	avg
m_11_ak_detail	customdbl11	double	double	0	medium	avg
m_11_ak_detail	customdbl12	double	double	0	medium	avg
m_11_ak_detail	customdbl13	double	double	0	medium	avg
m_11_ak_detail	customdbl14	double	double	0	medium	avg
m_11_ak_detail	customdbl15	double	double	0	medium	avg
m_11_ak_detail	customdbl16	double	double	0	medium	avg
m_11_ak_detail	customdbl17	double	double	0	medium	avg
m_11_ak_detail	customdbl18	double	double	0	medium	avg
m_11_ak_detail	customdbl19	double	double	0	medium	avg
m_11_ak_detail	customdbl20	double	double	0	medium	avg
m_11_ak_detail	kurs	double	double	0	medium	avg
m_11_ak_detail	idhppkhususmasuk	bigint	bigint	0	medium	sum,count,avg
m_11_ak_detail	hpp	double	double	0	medium	avg
m_11_ilo	iloid	bigint	bigint	0	medium	sum,count,avg
m_11_ilo	iloidkj	bigint	bigint	0	medium	sum,count,avg
m_11_ilo	iloklasifikasiluka	int	int	0	medium	sum,count,avg
m_11_ilo	ilopascabedah	int	int	0	medium	sum,count,avg
m_11_ilo	ilojmlrevisi	int	int	0	medium	sum,count,avg
m_11_ilo	iloinputuser	bigint	bigint unsigned	0	medium	sum,count,avg
m_11_ilo	ilomodifikasiuser	bigint	bigint unsigned	0	medium	sum,count,avg
m_11_ilo	ilopetugas	bigint	bigint	0	medium	sum,count,avg
m_11_isk	iskid	bigint	bigint	0	medium	sum,count,avg
m_11_isk	iskidkj	bigint	bigint	0	medium	sum,count,avg
m_11_isk	iskjenispemasangan	int	int	0	medium	sum,count,avg
m_11_isk	iskpemasanganharike	int	int	0	medium	sum,count,avg
m_11_isk	iskpenampunganurine	int	int	0	medium	sum,count,avg
m_11_isk	iskjmlrevisi	int	int	0	medium	sum,count,avg
m_11_isk	iskinputuser	bigint	bigint unsigned	0	medium	sum,count,avg
m_11_isk	iskmodifikasiuser	bigint	bigint unsigned	0	medium	sum,count,avg
m_11_isk	iskpetugas	bigint	bigint	0	medium	sum,count,avg
m_11_kj	kjid	bigint	bigint	0	medium	sum,count,avg
m_11_kj	kjkodepa	bigint	bigint	0	medium	sum,count,avg
m_11_kj	kjumur	int	int	0	medium	sum,count,avg
m_11_kj	kjjmlrevisi	int	int	0	medium	sum,count,avg
m_11_kj	kjinputuser	bigint	bigint unsigned	0	medium	sum,count,avg
m_11_kj	kjmodifikasiuser	bigint	bigint unsigned	0	medium	sum,count,avg
m_11_kj	kjcustomint1	int	int	0	medium	sum,count,avg
m_11_kj	kjcustomint2	int	int	0	medium	sum,count,avg
m_11_kj	kjcustomint3	int	int	0	medium	sum,count,avg
m_11_kj	kjcustomint4	int	int	0	medium	sum,count,avg
m_11_kj	kjcustomint5	int	int	0	medium	sum,count,avg
m_11_kj	kjcustomint6	int	int	0	medium	sum,count,avg
m_11_kj	kjcustomint7	int	int	0	medium	sum,count,avg
m_11_kj	kjcustomint8	int	int	0	medium	sum,count,avg
m_11_kj	kjcustomint9	int	int	0	medium	sum,count,avg
m_11_kj	kjcustomint10	int	int	0	medium	sum,count,avg
m_11_kj	kjcustomint11	int	int	0	medium	sum,count,avg
m_11_kj	kjcustomint12	int	int	0	medium	sum,count,avg
m_11_kj	kjcustomint13	int	int	0	medium	sum,count,avg
m_11_kj	kjcustomint14	int	int	0	medium	sum,count,avg
m_11_kj	kjcustomint15	int	int	0	medium	sum,count,avg
m_11_kj	kjcustomint16	int	int	0	medium	sum,count,avg
m_11_kj	kjcustomint17	int	int	0	medium	sum,count,avg
m_11_kj	kjcustomint18	int	int	0	medium	sum,count,avg
m_11_kj	kjcustomint19	int	int	0	medium	sum,count,avg
m_11_kj	kjcustomint20	int	int	0	medium	sum,count,avg
m_11_kj	kjcustomdbl1	double	double	0	medium	avg
m_11_kj	kjcustomdbl2	double	double	0	medium	avg
m_11_kj	kjcustomdbl3	double	double	0	medium	avg
m_11_kj	kjcustomdbl4	double	double	0	medium	avg
m_11_kj	kjcustomdbl5	double	double	0	medium	avg
m_11_kj	kjcustomdbl6	double	double	0	medium	avg
m_11_kj	kjcustomdbl7	double	double	0	medium	avg
m_11_kj	kjcustomdbl8	double	double	0	medium	avg
m_11_kj	kjcustomdbl9	double	double	0	medium	avg
m_11_kj	kjcustomdbl10	double	double	0	medium	avg
m_11_kj	kjcustomdbl11	double	double	0	medium	avg
m_11_kj	kjcustomdbl12	double	double	0	medium	avg
m_11_kj	kjcustomdbl13	double	double	0	medium	avg
m_11_kj	kjcustomdbl14	double	double	0	medium	avg
m_11_kj	kjcustomdbl15	double	double	0	medium	avg
m_11_kj	kjcustomdbl16	double	double	0	medium	avg
m_11_kj	kjcustomdbl17	double	double	0	medium	avg
m_11_kj	kjcustomdbl18	double	double	0	medium	avg
m_11_kj	kjcustomdbl19	double	double	0	medium	avg
m_11_kj	kjcustomdbl20	double	double	0	medium	avg
m_11_kj	kjstatuskamar	bigint	bigint	0	medium	sum,count,avg
m_11_kj	kjstatuspasien	int	int	0	medium	sum,count,avg
m_11_kj	kjpetugas	bigint	bigint	0	medium	sum,count,avg
m_11_kj	kjketerangan	int	int	0	medium	sum,count,avg
m_11_kj_history	kjidhistory	bigint	bigint	0	medium	sum,count,avg
m_11_kj_history	kjid	bigint	bigint	0	medium	sum,count,avg
m_11_kj_history	kjkodepa	bigint	bigint	0	medium	sum,count,avg
m_11_kj_history	kjumur	int	int	0	medium	sum,count,avg
m_11_kj_history	kjjmlrevisi	int	int	0	medium	sum,count,avg
m_11_kj_history	kjinputuser	bigint	bigint unsigned	0	medium	sum,count,avg
m_11_kj_history	kjmodifikasiuser	bigint	bigint unsigned	0	medium	sum,count,avg
m_11_kj_history	kjcustomint1	int	int	0	medium	sum,count,avg
m_11_kj_history	kjcustomint2	int	int	0	medium	sum,count,avg
m_11_kj_history	kjcustomint3	int	int	0	medium	sum,count,avg
m_11_kj_history	kjcustomint4	int	int	0	medium	sum,count,avg
m_11_kj_history	kjcustomint5	int	int	0	medium	sum,count,avg
m_11_kj_history	kjcustomint6	int	int	0	medium	sum,count,avg
m_11_kj_history	kjcustomint7	int	int	0	medium	sum,count,avg
m_11_kj_history	kjcustomint8	int	int	0	medium	sum,count,avg
m_11_kj_history	kjcustomint9	int	int	0	medium	sum,count,avg
m_11_kj_history	kjcustomint10	int	int	0	medium	sum,count,avg
m_11_kj_history	kjcustomint11	int	int	0	medium	sum,count,avg
m_11_kj_history	kjcustomint12	int	int	0	medium	sum,count,avg
m_11_kj_history	kjcustomint13	int	int	0	medium	sum,count,avg
m_11_kj_history	kjcustomint14	int	int	0	medium	sum,count,avg
m_11_kj_history	kjcustomint15	int	int	0	medium	sum,count,avg
m_11_kj_history	kjcustomint16	int	int	0	medium	sum,count,avg
m_11_kj_history	kjcustomint17	int	int	0	medium	sum,count,avg
m_11_kj_history	kjcustomint18	int	int	0	medium	sum,count,avg
m_11_kj_history	kjcustomint19	int	int	0	medium	sum,count,avg
m_11_kj_history	kjcustomint20	int	int	0	medium	sum,count,avg
m_11_kj_history	kjcustomdbl1	double	double	0	medium	avg
m_11_kj_history	kjcustomdbl2	double	double	0	medium	avg
m_11_kj_history	kjcustomdbl3	double	double	0	medium	avg
m_11_kj_history	kjcustomdbl4	double	double	0	medium	avg
m_11_kj_history	kjcustomdbl5	double	double	0	medium	avg
m_11_kj_history	kjcustomdbl6	double	double	0	medium	avg
m_11_kj_history	kjcustomdbl7	double	double	0	medium	avg
m_11_kj_history	kjcustomdbl8	double	double	0	medium	avg
m_11_kj_history	kjcustomdbl9	double	double	0	medium	avg
m_11_kj_history	kjcustomdbl10	double	double	0	medium	avg
m_11_kj_history	kjcustomdbl11	double	double	0	medium	avg
m_11_kj_history	kjcustomdbl12	double	double	0	medium	avg
m_11_kj_history	kjcustomdbl13	double	double	0	medium	avg
m_11_kj_history	kjcustomdbl14	double	double	0	medium	avg
m_11_kj_history	kjcustomdbl15	double	double	0	medium	avg
m_11_kj_history	kjcustomdbl16	double	double	0	medium	avg
m_11_kj_history	kjcustomdbl17	double	double	0	medium	avg
m_11_kj_history	kjcustomdbl18	double	double	0	medium	avg
m_11_kj_history	kjcustomdbl19	double	double	0	medium	avg
m_11_kj_history	kjcustomdbl20	double	double	0	medium	avg
m_11_km	kmid	bigint	bigint	0	medium	sum,count,avg
m_11_km	kmkodepa	bigint	bigint	0	medium	sum,count,avg
m_11_km	kmcustomer	bigint	bigint	0	medium	sum,count,avg
m_11_km	kmkurs	double	double	0	medium	avg
m_11_km	kmidkj	bigint	bigint	0	medium	sum,count,avg
m_11_km	kmjmlhari	int	int	0	medium	sum,count,avg
m_11_km	kmharga	double	double	0	medium	avg
m_11_km	kmjmlrevisi	int	int	0	medium	sum,count,avg
m_11_km	kminputuser	bigint	bigint unsigned	0	medium	sum,count,avg
m_11_km	kmmodifikasiuser	bigint	bigint unsigned	0	medium	sum,count,avg
m_11_km	kmcustomint1	int	int	0	medium	sum,count,avg
m_11_km	kmcustomint2	int	int	0	medium	sum,count,avg
m_11_km	kmcustomint3	int	int	0	medium	sum,count,avg
m_11_km	kmcustomint4	int	int	0	medium	sum,count,avg
m_11_km	kmcustomint5	int	int	0	medium	sum,count,avg
m_11_km	kmcustomint6	int	int	0	medium	sum,count,avg
m_11_km	kmcustomint7	int	int	0	medium	sum,count,avg
m_11_km	kmcustomint8	int	int	0	medium	sum,count,avg
m_11_km	kmcustomint9	int	int	0	medium	sum,count,avg
m_11_km	kmcustomint10	int	int	0	medium	sum,count,avg
m_11_km	kmcustomint11	int	int	0	medium	sum,count,avg
m_11_km	kmcustomint12	int	int	0	medium	sum,count,avg
m_11_km	kmcustomint13	int	int	0	medium	sum,count,avg
m_11_km	kmcustomint14	int	int	0	medium	sum,count,avg
m_11_km	kmcustomint15	int	int	0	medium	sum,count,avg
m_11_km	kmcustomint16	int	int	0	medium	sum,count,avg
m_11_km	kmcustomint17	int	int	0	medium	sum,count,avg
m_11_km	kmcustomint18	int	int	0	medium	sum,count,avg
m_11_km	kmcustomint19	int	int	0	medium	sum,count,avg
m_11_km	kmcustomint20	int	int	0	medium	sum,count,avg
m_11_km	kmcustomdbl1	double	double	0	medium	avg
m_11_km	kmcustomdbl2	double	double	0	medium	avg
m_11_km	kmcustomdbl3	double	double	0	medium	avg
m_11_km	kmcustomdbl4	double	double	0	medium	avg
m_11_km	kmcustomdbl5	double	double	0	medium	avg
m_11_km	kmcustomdbl6	double	double	0	medium	avg
m_11_km	kmcustomdbl7	double	double	0	medium	avg
m_11_km	kmcustomdbl8	double	double	0	medium	avg
m_11_km	kmcustomdbl9	double	double	0	medium	avg
m_11_km	kmcustomdbl10	double	double	0	medium	avg
m_11_km	kmcustomdbl11	double	double	0	medium	avg
m_11_km	kmcustomdbl12	double	double	0	medium	avg
m_11_km	kmcustomdbl13	double	double	0	medium	avg
m_11_km	kmcustomdbl14	double	double	0	medium	avg
m_11_km	kmcustomdbl15	double	double	0	medium	avg
m_11_km	kmcustomdbl16	double	double	0	medium	avg
m_11_km	kmcustomdbl17	double	double	0	medium	avg
m_11_km	kmcustomdbl18	double	double	0	medium	avg
m_11_km	kmcustomdbl19	double	double	0	medium	avg
m_11_km	kmcustomdbl20	double	double	0	medium	avg
m_11_km_history	kmidhistory	bigint	bigint	0	medium	sum,count,avg
m_11_km_history	kmid	bigint	bigint	0	medium	sum,count,avg
m_11_km_history	kmkodepa	bigint	bigint	0	medium	sum,count,avg
m_11_km_history	kmcustomer	bigint	bigint	0	medium	sum,count,avg
m_11_km_history	kmkurs	double	double	0	medium	avg
m_11_km_history	kmidkj	bigint	bigint	0	medium	sum,count,avg
m_11_km_history	kmjmlhari	int	int	0	medium	sum,count,avg
m_11_km_history	kmharga	double	double	0	medium	avg
m_11_km_history	kmjmlrevisi	int	int	0	medium	sum,count,avg
m_11_km_history	kminputuser	bigint	bigint unsigned	0	medium	sum,count,avg
m_11_km_history	kmmodifikasiuser	bigint	bigint unsigned	0	medium	sum,count,avg
m_11_km_history	kmcustomint1	int	int	0	medium	sum,count,avg
m_11_km_history	kmcustomint2	int	int	0	medium	sum,count,avg
m_11_km_history	kmcustomint3	int	int	0	medium	sum,count,avg
m_11_km_history	kmcustomint4	int	int	0	medium	sum,count,avg
m_11_km_history	kmcustomint5	int	int	0	medium	sum,count,avg
m_11_km_history	kmcustomint6	int	int	0	medium	sum,count,avg
m_11_km_history	kmcustomint7	int	int	0	medium	sum,count,avg
m_11_km_history	kmcustomint8	int	int	0	medium	sum,count,avg
m_11_km_history	kmcustomint9	int	int	0	medium	sum,count,avg
m_11_km_history	kmcustomint10	int	int	0	medium	sum,count,avg
m_11_km_history	kmcustomint11	int	int	0	medium	sum,count,avg
m_11_km_history	kmcustomint12	int	int	0	medium	sum,count,avg
m_11_km_history	kmcustomint13	int	int	0	medium	sum,count,avg
m_11_km_history	kmcustomint14	int	int	0	medium	sum,count,avg
m_11_km_history	kmcustomint15	int	int	0	medium	sum,count,avg
m_11_km_history	kmcustomint16	int	int	0	medium	sum,count,avg
m_11_km_history	kmcustomint17	int	int	0	medium	sum,count,avg
m_11_km_history	kmcustomint18	int	int	0	medium	sum,count,avg
m_11_km_history	kmcustomint19	int	int	0	medium	sum,count,avg
m_11_km_history	kmcustomint20	int	int	0	medium	sum,count,avg
m_11_km_history	kmcustomdbl1	double	double	0	medium	avg
m_11_km_history	kmcustomdbl2	double	double	0	medium	avg
m_11_km_history	kmcustomdbl3	double	double	0	medium	avg
m_11_km_history	kmcustomdbl4	double	double	0	medium	avg
m_11_km_history	kmcustomdbl5	double	double	0	medium	avg
m_11_km_history	kmcustomdbl6	double	double	0	medium	avg
m_11_km_history	kmcustomdbl7	double	double	0	medium	avg
m_11_km_history	kmcustomdbl8	double	double	0	medium	avg
m_11_km_history	kmcustomdbl9	double	double	0	medium	avg
m_11_km_history	kmcustomdbl10	double	double	0	medium	avg
m_11_km_history	kmcustomdbl11	double	double	0	medium	avg
m_11_km_history	kmcustomdbl12	double	double	0	medium	avg
m_11_km_history	kmcustomdbl13	double	double	0	medium	avg
m_11_km_history	kmcustomdbl14	double	double	0	medium	avg
m_11_km_history	kmcustomdbl15	double	double	0	medium	avg
m_11_km_history	kmcustomdbl16	double	double	0	medium	avg
m_11_km_history	kmcustomdbl17	double	double	0	medium	avg
m_11_km_history	kmcustomdbl18	double	double	0	medium	avg
m_11_km_history	kmcustomdbl19	double	double	0	medium	avg
m_11_km_history	kmcustomdbl20	double	double	0	medium	avg
m_11_kw	kwid	bigint	bigint	0	medium	sum,count,avg
m_11_kw	kwkodepa	bigint	bigint	0	medium	sum,count,avg
m_11_kw	kwcustomer	bigint	bigint	0	medium	sum,count,avg
m_11_kw	kwbagianpenjualan	bigint	bigint	0	medium	sum,count,avg
m_11_kw	kwbagianpenagihan	bigint	bigint	0	medium	sum,count,avg
m_11_kw	kwkurs	double	double	0	medium	avg
m_11_kw	kwjmltagih	double	double	0	medium	avg
m_11_kw	kwjmltagihvalas	double	double	0	medium	avg
m_11_kw	kwbayar	double	double	0	medium	avg
m_11_kw	kwbayarvalas	double	double	0	medium	avg
m_11_kw	kwselisihkurs	double	double	0	medium	avg
m_11_kw	kwdiskontermin	double	double	0	medium	avg
m_11_kw	kwdiskonterminvalas	double	double	0	medium	avg
m_11_kw	kwjmlrevisi	int	int	0	medium	sum,count,avg
m_11_kw	kwinputuser	bigint	bigint unsigned	0	medium	sum,count,avg
m_11_kw	kwmodifikasiuser	bigint	bigint unsigned	0	medium	sum,count,avg
m_11_kw	kwcustomint1	int	int	0	medium	sum,count,avg
m_11_kw	kwcustomint2	int	int	0	medium	sum,count,avg
m_11_kw	kwcustomint3	int	int	0	medium	sum,count,avg
m_11_kw	kwcustomdbl1	double	double	0	medium	avg
m_11_kw	kwcustomdbl2	double	double	0	medium	avg
m_11_kw	kwcustomdbl3	double	double	0	medium	avg
m_11_kw	kwpetugas	bigint	bigint	0	medium	sum,count,avg
m_11_kw_detail	idkwdetail	bigint	bigint	0	medium	sum,count,avg
m_11_kw_detail	idkw	bigint	bigint	0	medium	sum,count,avg
m_11_kw_detail	idtransaksi	bigint	bigint	0	medium	sum,count,avg
m_11_kw_detail	kurs	double	double	0	medium	avg
m_11_kw_detail	terbayar	double	double	0	medium	avg
m_11_kw_detail	rencana	double	double	0	medium	avg
m_11_kw_detail	sisa	double	double	0	medium	avg
m_11_kw_detail	jmlbayar	double	double	0	medium	avg
m_11_kw_detail	jmlbayarvalas	double	double	0	medium	avg
m_11_kw_detail	jmldiskontermin	double	double	0	medium	avg
m_11_kw_detail	jmldiskonterminvalas	double	double	0	medium	avg
m_11_kw_detail	jmlpb	double	double	0	medium	avg
m_11_kw_detail	jmlpbvalas	double	double	0	medium	avg
m_11_kw_detail	statuspb	double	double	0	medium	avg
m_11_kw_detail	urutan	int	int	0	medium	sum,count,avg
m_11_kw_detail	customdbl1	double	double	0	medium	avg
m_11_kw_detail	customdbl2	double	double	0	medium	avg
m_11_kw_detail	customdbl3	double	double	0	medium	avg
m_11_kw_pay	idkwcarabayar	bigint	bigint	0	medium	sum,count,avg
m_11_kw_pay	idkw	bigint	bigint	0	medium	sum,count,avg
m_11_kw_pay	kurs	double	double	0	medium	avg
m_11_kw_pay	jumlah	double	double	0	medium	avg
m_11_kw_pay	jumlahvalas	double	double	0	medium	avg
m_11_kw_pay	urutan	int	int	0	medium	sum,count,avg
m_11_lb	lbid	bigint	bigint	0	medium	sum,count,avg
m_11_lb	lbkodepa	bigint	bigint	0	medium	sum,count,avg
m_11_lb	lbcustomer	bigint	bigint	0	medium	sum,count,avg
m_11_lb	lbidkj	bigint	bigint	0	medium	sum,count,avg
m_11_lb	lbjmlrevisi	int	int	0	medium	sum,count,avg
m_11_lb	lbinputuser	bigint	bigint unsigned	0	medium	sum,count,avg
m_11_lb	lbmodifikasiuser	bigint	bigint unsigned	0	medium	sum,count,avg
m_11_lb	lbcustomint1	int	int	0	medium	sum,count,avg
m_11_lb	lbcustomint2	int	int	0	medium	sum,count,avg
m_11_lb	lbcustomint3	int	int	0	medium	sum,count,avg
m_11_lb	lbcustomint4	int	int	0	medium	sum,count,avg
m_11_lb	lbcustomint5	int	int	0	medium	sum,count,avg
m_11_lb	lbcustomint6	int	int	0	medium	sum,count,avg
m_11_lb	lbcustomint7	int	int	0	medium	sum,count,avg
m_11_lb	lbcustomint8	int	int	0	medium	sum,count,avg
m_11_lb	lbcustomint9	int	int	0	medium	sum,count,avg
m_11_lb	lbcustomint10	int	int	0	medium	sum,count,avg
m_11_lb	lbcustomint11	int	int	0	medium	sum,count,avg
m_11_lb	lbcustomint12	int	int	0	medium	sum,count,avg
m_11_lb	lbcustomint13	int	int	0	medium	sum,count,avg
m_11_lb	lbcustomint14	int	int	0	medium	sum,count,avg
m_11_lb	lbcustomint15	int	int	0	medium	sum,count,avg
m_11_lb	lbcustomint16	int	int	0	medium	sum,count,avg
m_11_lb	lbcustomint17	int	int	0	medium	sum,count,avg
m_11_lb	lbcustomint18	int	int	0	medium	sum,count,avg
m_11_lb	lbcustomint19	int	int	0	medium	sum,count,avg
m_11_lb	lbcustomint20	int	int	0	medium	sum,count,avg
m_11_lb	lbcustomdbl1	double	double	0	medium	avg
m_11_lb	lbcustomdbl2	double	double	0	medium	avg
m_11_lb	lbcustomdbl3	double	double	0	medium	avg
m_11_lb	lbcustomdbl4	double	double	0	medium	avg
m_11_lb	lbcustomdbl5	double	double	0	medium	avg
m_11_lb	lbcustomdbl6	double	double	0	medium	avg
m_11_lb	lbcustomdbl7	double	double	0	medium	avg
m_11_lb	lbcustomdbl8	double	double	0	medium	avg
m_11_lb	lbcustomdbl9	double	double	0	medium	avg
m_11_lb	lbcustomdbl10	double	double	0	medium	avg
m_11_lb	lbcustomdbl11	double	double	0	medium	avg
m_11_lb	lbcustomdbl12	double	double	0	medium	avg
m_11_lb	lbcustomdbl13	double	double	0	medium	avg
m_11_lb	lbcustomdbl14	double	double	0	medium	avg
m_11_lb	lbcustomdbl15	double	double	0	medium	avg
m_11_lb	lbcustomdbl16	double	double	0	medium	avg
m_11_lb	lbcustomdbl17	double	double	0	medium	avg
m_11_lb	lbcustomdbl18	double	double	0	medium	avg
m_11_lb	lbcustomdbl19	double	double	0	medium	avg
m_11_lb	lbcustomdbl20	double	double	0	medium	avg
m_11_lb	lbkurs	double	double	0	medium	avg
m_11_lb	lbpetugas	bigint	bigint	0	medium	sum,count,avg
m_11_lb	lbketerangan	int	int	0	medium	sum,count,avg
m_11_lb_detail	idlbdetail	bigint	bigint	0	medium	sum,count,avg
m_11_lb_detail	idlb	bigint	bigint	0	medium	sum,count,avg
m_11_lb_detail	idlayanan	bigint	bigint	0	medium	sum,count,avg
m_11_lb_detail	jml	double	double	0	medium	avg
m_11_lb_detail	nilaisatuan	double	double	0	medium	avg
m_11_lb_detail	harga	double	double	0	medium	avg
m_11_lb_detail	jmldiskon	double	double	0	medium	avg
m_11_lb_detail	jmlpajak1	double	double	0	medium	avg
m_11_lb_detail	jmlpajak2	double	double	0	medium	avg
m_11_lb_detail	urutan	int	int	0	medium	sum,count,avg
m_11_lb_detail	idkjdetail	bigint	bigint	0	medium	sum,count,avg
m_11_lb_detail	jmlrealisasi	double	double	0	medium	avg
m_11_lb_detail	iddokter	bigint	bigint	0	medium	sum,count,avg
m_11_lb_detail	customdbl1	double	double	0	medium	avg
m_11_lb_detail	customdbl2	double	double	0	medium	avg
m_11_lb_detail	customdbl3	double	double	0	medium	avg
m_11_lb_detail	customdbl4	double	double	0	medium	avg
m_11_lb_detail	customdbl5	double	double	0	medium	avg
m_11_lb_detail	customdbl6	double	double	0	medium	avg
m_11_lb_detail	customdbl7	double	double	0	medium	avg
m_11_lb_detail	customdbl8	double	double	0	medium	avg
m_11_lb_detail	customdbl9	double	double	0	medium	avg
m_11_lb_detail	customdbl10	double	double	0	medium	avg
m_11_lb_detail	customdbl11	double	double	0	medium	avg
m_11_lb_detail	customdbl12	double	double	0	medium	avg
m_11_lb_detail	customdbl13	double	double	0	medium	avg
m_11_lb_detail	customdbl14	double	double	0	medium	avg
m_11_lb_detail	customdbl15	double	double	0	medium	avg
m_11_lb_detail	customdbl16	double	double	0	medium	avg
m_11_lb_detail	customdbl17	double	double	0	medium	avg
m_11_lb_detail	customdbl18	double	double	0	medium	avg
m_11_lb_detail	customdbl19	double	double	0	medium	avg
m_11_lb_detail	customdbl20	double	double	0	medium	avg
m_11_lb_detail	kurs	double	double	0	medium	avg
m_11_lb_hasil	idlbhasil	bigint	bigint	0	medium	sum,count,avg
m_11_lb_hasil	idlb	bigint	bigint	0	medium	sum,count,avg
m_11_lb_hasil	idlayanan	bigint	bigint	0	medium	sum,count,avg
m_11_lb_hasil	hasil	double	double	0	medium	avg
m_11_lb_hasil	urutan	int	int	0	medium	sum,count,avg
m_11_lb_hasil	kelompok	int	int	0	medium	sum,count,avg
m_11_lu	luid	bigint	bigint	0	medium	sum,count,avg
m_11_lu	lukodepa	bigint	bigint	0	medium	sum,count,avg
m_11_lu	lucustomer	bigint	bigint	0	medium	sum,count,avg
m_11_lu	lukurs	double	double	0	medium	avg
m_11_lu	luidkj	bigint	bigint	0	medium	sum,count,avg
m_11_lu	lujmlrevisi	int	int	0	medium	sum,count,avg
m_11_lu	luinputuser	bigint	bigint unsigned	0	medium	sum,count,avg
m_11_lu	lumodifikasiuser	bigint	bigint unsigned	0	medium	sum,count,avg
m_11_lu	lucustomint1	int	int	0	medium	sum,count,avg
m_11_lu	lucustomint2	int	int	0	medium	sum,count,avg
m_11_lu	lucustomint3	int	int	0	medium	sum,count,avg
m_11_lu	lucustomint4	int	int	0	medium	sum,count,avg
m_11_lu	lucustomint5	int	int	0	medium	sum,count,avg
m_11_lu	lucustomint6	int	int	0	medium	sum,count,avg
m_11_lu	lucustomint7	int	int	0	medium	sum,count,avg
m_11_lu	lucustomint8	int	int	0	medium	sum,count,avg
m_11_lu	lucustomint9	int	int	0	medium	sum,count,avg
m_11_lu	lucustomint10	int	int	0	medium	sum,count,avg
m_11_lu	lucustomint11	int	int	0	medium	sum,count,avg
m_11_lu	lucustomint12	int	int	0	medium	sum,count,avg
m_11_lu	lucustomint13	int	int	0	medium	sum,count,avg
m_11_lu	lucustomint14	int	int	0	medium	sum,count,avg
m_11_lu	lucustomint15	int	int	0	medium	sum,count,avg
m_11_lu	lucustomint16	int	int	0	medium	sum,count,avg
m_11_lu	lucustomint17	int	int	0	medium	sum,count,avg
m_11_lu	lucustomint18	int	int	0	medium	sum,count,avg
m_11_lu	lucustomint19	int	int	0	medium	sum,count,avg
m_11_lu	lucustomint20	int	int	0	medium	sum,count,avg
m_11_lu	lucustomdbl1	double	double	0	medium	avg
m_11_lu	lucustomdbl2	double	double	0	medium	avg
m_11_lu	lucustomdbl3	double	double	0	medium	avg
m_11_lu	lucustomdbl4	double	double	0	medium	avg
m_11_lu	lucustomdbl5	double	double	0	medium	avg
m_11_lu	lucustomdbl6	double	double	0	medium	avg
m_11_lu	lucustomdbl7	double	double	0	medium	avg
m_11_lu	lucustomdbl8	double	double	0	medium	avg
m_11_lu	lucustomdbl9	double	double	0	medium	avg
m_11_lu	lucustomdbl10	double	double	0	medium	avg
m_11_lu	lucustomdbl11	double	double	0	medium	avg
m_11_lu	lucustomdbl12	double	double	0	medium	avg
m_11_lu	lucustomdbl13	double	double	0	medium	avg
m_11_lu	lucustomdbl14	double	double	0	medium	avg
m_11_lu	lucustomdbl15	double	double	0	medium	avg
m_11_lu	lucustomdbl16	double	double	0	medium	avg
m_11_lu	lucustomdbl17	double	double	0	medium	avg
m_11_lu	lucustomdbl18	double	double	0	medium	avg
m_11_lu	lucustomdbl19	double	double	0	medium	avg
m_11_lu	lucustomdbl20	double	double	0	medium	avg
m_11_lu	lujenisbilling	int	int	0	medium	sum,count,avg
m_11_lu	lupetugas	bigint	bigint	0	medium	sum,count,avg
m_11_lu_detail	idludetail	bigint	bigint	0	medium	sum,count,avg
m_11_lu_detail	idlu	bigint	bigint	0	medium	sum,count,avg
m_11_lu_detail	idlayanan	bigint	bigint	0	medium	sum,count,avg
m_11_lu_detail	jml	double	double	0	medium	avg
m_11_lu_detail	nilaisatuan	double	double	0	medium	avg
m_11_lu_detail	kurs	double	double	0	medium	avg
m_11_lu_detail	harga	double	double	0	medium	avg
m_11_lu_detail	jmldiskon	double	double	0	medium	avg
m_11_lu_detail	jmlpajak1	double	double	0	medium	avg
m_11_lu_detail	jmlpajak2	double	double	0	medium	avg
m_11_lu_detail	urutan	int	int	0	medium	sum,count,avg
m_11_lu_detail	idkjdetail	bigint	bigint	0	medium	sum,count,avg
m_11_lu_detail	jmlrealisasi	double	double	0	medium	avg
m_11_lu_detail	customdbl1	double	double	0	medium	avg
m_11_lu_detail	customdbl2	double	double	0	medium	avg
m_11_lu_detail	customdbl3	double	double	0	medium	avg
m_11_lu_detail	customdbl4	double	double	0	medium	avg
m_11_lu_detail	customdbl5	double	double	0	medium	avg
m_11_lu_detail	customdbl6	double	double	0	medium	avg
m_11_lu_detail	customdbl7	double	double	0	medium	avg
m_11_lu_detail	customdbl8	double	double	0	medium	avg
m_11_lu_detail	customdbl9	double	double	0	medium	avg
m_11_lu_detail	customdbl10	double	double	0	medium	avg
m_11_lu_detail	customdbl11	double	double	0	medium	avg
m_11_lu_detail	customdbl12	double	double	0	medium	avg
m_11_lu_detail	customdbl13	double	double	0	medium	avg
m_11_lu_detail	customdbl14	double	double	0	medium	avg
m_11_lu_detail	customdbl15	double	double	0	medium	avg
m_11_lu_detail	customdbl16	double	double	0	medium	avg
m_11_lu_detail	customdbl17	double	double	0	medium	avg
m_11_lu_detail	customdbl18	double	double	0	medium	avg
m_11_lu_detail	customdbl19	double	double	0	medium	avg
m_11_lu_detail	customdbl20	double	double	0	medium	avg
m_11_lu_detail_history	idhistorydetail	bigint	bigint	0	medium	sum,count,avg
m_11_lu_detail_history	idhistory	bigint	bigint	0	medium	sum,count,avg
m_11_lu_detail_history	idludetail	bigint	bigint	0	medium	sum,count,avg
m_11_lu_detail_history	idlu	bigint	bigint	0	medium	sum,count,avg
m_11_lu_detail_history	idlayanan	bigint	bigint	0	medium	sum,count,avg
m_11_lu_detail_history	jml	double	double	0	medium	avg
m_11_lu_detail_history	nilaisatuan	double	double	0	medium	avg
m_11_lu_detail_history	kurs	double	double	0	medium	avg
m_11_lu_detail_history	harga	double	double	0	medium	avg
m_11_lu_detail_history	jmldiskon	double	double	0	medium	avg
m_11_lu_detail_history	jmlpajak1	double	double	0	medium	avg
m_11_lu_detail_history	jmlpajak2	double	double	0	medium	avg
m_11_lu_detail_history	urutan	int	int	0	medium	sum,count,avg
m_11_lu_detail_history	idkjdetail	bigint	bigint	0	medium	sum,count,avg
m_11_lu_detail_history	jmlrealisasi	double	double	0	medium	avg
m_11_lu_detail_history	iddokter	bigint	bigint	0	medium	sum,count,avg
m_11_lu_detail_history	customdbl1	double	double	0	medium	avg
m_11_lu_detail_history	customdbl2	double	double	0	medium	avg
m_11_lu_detail_history	customdbl3	double	double	0	medium	avg
m_11_lu_detail_history	customdbl4	double	double	0	medium	avg
m_11_lu_detail_history	customdbl5	double	double	0	medium	avg
m_11_lu_detail_history	customdbl6	double	double	0	medium	avg
m_11_lu_detail_history	customdbl7	double	double	0	medium	avg
m_11_lu_detail_history	customdbl8	double	double	0	medium	avg
m_11_lu_detail_history	customdbl9	double	double	0	medium	avg
m_11_lu_detail_history	customdbl10	double	double	0	medium	avg
m_11_lu_detail_history	customdbl11	double	double	0	medium	avg
m_11_lu_detail_history	customdbl12	double	double	0	medium	avg
m_11_lu_detail_history	customdbl13	double	double	0	medium	avg
m_11_lu_detail_history	customdbl14	double	double	0	medium	avg
m_11_lu_detail_history	customdbl15	double	double	0	medium	avg
m_11_lu_detail_history	customdbl16	double	double	0	medium	avg
m_11_lu_detail_history	customdbl17	double	double	0	medium	avg
m_11_lu_detail_history	customdbl18	double	double	0	medium	avg
m_11_lu_detail_history	customdbl19	double	double	0	medium	avg
m_11_lu_detail_history	customdbl20	double	double	0	medium	avg
m_11_lu_history	luidhistory	bigint	bigint	0	medium	sum,count,avg
m_11_lu_history	luid	bigint	bigint	0	medium	sum,count,avg
m_11_lu_history	lukodepa	bigint	bigint	0	medium	sum,count,avg
m_11_lu_history	lucustomer	bigint	bigint	0	medium	sum,count,avg
m_11_lu_history	lukurs	double	double	0	medium	avg
m_11_lu_history	luidkj	bigint	bigint	0	medium	sum,count,avg
m_11_lu_history	lujmlrevisi	int	int	0	medium	sum,count,avg
m_11_lu_history	luinputuser	bigint	bigint unsigned	0	medium	sum,count,avg
m_11_lu_history	lumodifikasiuser	bigint	bigint unsigned	0	medium	sum,count,avg
m_11_lu_history	lucustomint1	int	int	0	medium	sum,count,avg
m_11_lu_history	lucustomint2	int	int	0	medium	sum,count,avg
m_11_lu_history	lucustomint3	int	int	0	medium	sum,count,avg
m_11_lu_history	lucustomint4	int	int	0	medium	sum,count,avg
m_11_lu_history	lucustomint5	int	int	0	medium	sum,count,avg
m_11_lu_history	lucustomint6	int	int	0	medium	sum,count,avg
m_11_lu_history	lucustomint7	int	int	0	medium	sum,count,avg
m_11_lu_history	lucustomint8	int	int	0	medium	sum,count,avg
m_11_lu_history	lucustomint9	int	int	0	medium	sum,count,avg
m_11_lu_history	lucustomint10	int	int	0	medium	sum,count,avg
m_11_lu_history	lucustomint11	int	int	0	medium	sum,count,avg
m_11_lu_history	lucustomint12	int	int	0	medium	sum,count,avg
m_11_lu_history	lucustomint13	int	int	0	medium	sum,count,avg
m_11_lu_history	lucustomint14	int	int	0	medium	sum,count,avg
m_11_lu_history	lucustomint15	int	int	0	medium	sum,count,avg
m_11_lu_history	lucustomint16	int	int	0	medium	sum,count,avg
m_11_lu_history	lucustomint17	int	int	0	medium	sum,count,avg
m_11_lu_history	lucustomint18	int	int	0	medium	sum,count,avg
m_11_lu_history	lucustomint19	int	int	0	medium	sum,count,avg
m_11_lu_history	lucustomint20	int	int	0	medium	sum,count,avg
m_11_lu_history	lucustomdbl1	double	double	0	medium	avg
m_11_lu_history	lucustomdbl2	double	double	0	medium	avg
m_11_lu_history	lucustomdbl3	double	double	0	medium	avg
m_11_lu_history	lucustomdbl4	double	double	0	medium	avg
m_11_lu_history	lucustomdbl5	double	double	0	medium	avg
m_11_lu_history	lucustomdbl6	double	double	0	medium	avg
m_11_lu_history	lucustomdbl7	double	double	0	medium	avg
m_11_lu_history	lucustomdbl8	double	double	0	medium	avg
m_11_lu_history	lucustomdbl9	double	double	0	medium	avg
m_11_lu_history	lucustomdbl10	double	double	0	medium	avg
m_11_lu_history	lucustomdbl11	double	double	0	medium	avg
m_11_lu_history	lucustomdbl12	double	double	0	medium	avg
m_11_lu_history	lucustomdbl13	double	double	0	medium	avg
m_11_lu_history	lucustomdbl14	double	double	0	medium	avg
m_11_lu_history	lucustomdbl15	double	double	0	medium	avg
m_11_lu_history	lucustomdbl16	double	double	0	medium	avg
m_11_lu_history	lucustomdbl17	double	double	0	medium	avg
m_11_lu_history	lucustomdbl18	double	double	0	medium	avg
m_11_lu_history	lucustomdbl19	double	double	0	medium	avg
m_11_lu_history	lucustomdbl20	double	double	0	medium	avg
m_11_pb	pvid	bigint	bigint	0	medium	sum,count,avg
m_11_pb	pvkodepa	bigint	bigint	0	medium	sum,count,avg
m_11_pb	pvcustomer	bigint	bigint	0	medium	sum,count,avg
m_11_pb	pvbagianpenjualan	bigint	bigint	0	medium	sum,count,avg
m_11_pb	pvbagianterima	bigint	bigint	0	medium	sum,count,avg
m_11_pb	pvkurs	double	double	0	medium	avg
m_11_pb	pvbayar	double	double	0	medium	avg
m_11_pb	pvbayarvalas	double	double	0	medium	avg
m_11_pb	pvselisihkurs	double	double	0	medium	avg
m_11_pb	pvdiskontermin	double	double	0	medium	avg
m_11_pb	pvdiskonterminvalas	double	double	0	medium	avg
m_11_pb	pvidic	bigint	bigint	0	medium	sum,count,avg
m_11_pb	pvjmlrevisi	int	int	0	medium	sum,count,avg
m_11_pb	pvinputuser	bigint	bigint unsigned	0	medium	sum,count,avg
m_11_pb	pvmodifikasiuser	bigint	bigint unsigned	0	medium	sum,count,avg
m_11_pb	pvcustomint1	int	int	0	medium	sum,count,avg
m_11_pb	pvcustomint2	int	int	0	medium	sum,count,avg
m_11_pb	pvcustomint3	int	int	0	medium	sum,count,avg
m_11_pb	pvcustomdbl1	double	double	0	medium	avg
m_11_pb	pvcustomdbl2	double	double	0	medium	avg
m_11_pb	pvcustomdbl3	double	double	0	medium	avg
m_11_pb	pvpetugas	bigint	bigint	0	medium	sum,count,avg
m_11_pb_	pbid	bigint	bigint	0	medium	sum,count,avg
m_11_pb_	pbkodepa	bigint	bigint	0	medium	sum,count,avg
m_11_pb_	pbkontak	bigint	bigint	0	medium	sum,count,avg
m_11_pb_	pbbagianterima	bigint	bigint	0	medium	sum,count,avg
m_11_pb_	pbkurs	double	double	0	medium	avg
m_11_pb_	pbjumlah	double	double	0	medium	avg
m_11_pb_	pbjumlahvalas	double	double	0	medium	avg
m_11_pb_	pbjumlahbayar	double	double	0	medium	avg
m_11_pb_	pbjumlahbayarvalas	double	double	0	medium	avg
m_11_pb_	pbjmlrevisi	int	int	0	medium	sum,count,avg
m_11_pb_	pbinputuser	bigint	bigint	0	medium	sum,count,avg
m_11_pb_	pbmodifikasiuser	bigint	bigint	0	medium	sum,count,avg
m_11_pb_	pbisclose	int	int	0	medium	sum,count,avg
m_11_pb_	pbcustomint1	int	int	0	medium	sum,count,avg
m_11_pb_	pbcustomint2	int	int	0	medium	sum,count,avg
m_11_pb_	pbcustomint3	int	int	0	medium	sum,count,avg
m_11_pb_	pbcustomdbl1	double	double	0	medium	avg
m_11_pb_	pbcustomdbl2	double	double	0	medium	avg
m_11_pb_	pbcustomdbl3	double	double	0	medium	avg
m_11_pb_	pbidkj	bigint	bigint	0	medium	sum,count,avg
m_11_pb_	pbkasir	bigint	bigint	0	medium	sum,count,avg
m_11_pb_detail	idpvdetail	bigint	bigint	0	medium	sum,count,avg
m_11_pb_detail	idpv	bigint	bigint	0	medium	sum,count,avg
m_11_pb_detail	idtransaksi	bigint	bigint	0	medium	sum,count,avg
m_11_pb_detail	kurs	double	double	0	medium	avg
m_11_pb_detail	terbayar	double	double	0	medium	avg
m_11_pb_detail	rencana	double	double	0	medium	avg
m_11_pb_detail	sisa	double	double	0	medium	avg
m_11_pb_detail	jmlbayar	double	double	0	medium	avg
m_11_pb_detail	jmlbayarvalas	double	double	0	medium	avg
m_11_pb_detail	jmldiskontermin	double	double	0	medium	avg
m_11_pb_detail	jmldiskonterminvalas	double	double	0	medium	avg
m_11_pb_detail	idicdetail	bigint	bigint	0	medium	sum,count,avg
m_11_pb_detail	urutan	int	int	0	medium	sum,count,avg
m_11_pb_detail	customdbl1	double	double	0	medium	avg
m_11_pb_detail	customdbl2	double	double	0	medium	avg
m_11_pb_detail	customdbl3	double	double	0	medium	avg
m_11_pb_pay	idpbcarabayar	bigint	bigint	0	medium	sum,count,avg
m_11_pb_pay	idpb	bigint	bigint	0	medium	sum,count,avg
m_11_pb_pay	kurs	double	double	0	medium	avg
m_11_pb_pay	jumlah	double	double	0	medium	avg
m_11_pb_pay	jumlahvalas	double	double	0	medium	avg
m_11_pb_pay	urutan	int	int	0	medium	sum,count,avg
m_11_pt	ptid	bigint	bigint	0	medium	sum,count,avg
m_11_pt	ptidkj	bigint	bigint	0	medium	sum,count,avg
m_11_pt	ptjenispemasangan	int	int	0	medium	sum,count,avg
m_11_pt	ptpemasanganharike	int	int	0	medium	sum,count,avg
m_11_pt	ptjeniscairan	int	int	0	medium	sum,count,avg
m_11_pt	ptjenisjarum	int	int	0	medium	sum,count,avg
m_11_pt	ptjmlrevisi	int	int	0	medium	sum,count,avg
m_11_pt	ptinputuser	bigint	bigint unsigned	0	medium	sum,count,avg
m_11_pt	ptmodifikasiuser	bigint	bigint unsigned	0	medium	sum,count,avg
m_11_pt	ptpetugas	bigint	bigint	0	medium	sum,count,avg
m_11_rk	rkid	bigint	bigint	0	medium	sum,count,avg
m_11_rk	rkkodepa	bigint	bigint	0	medium	sum,count,avg
m_11_rk	rkkontak	bigint	bigint	0	medium	sum,count,avg
m_11_rk	rkbagianterima	bigint	bigint	0	medium	sum,count,avg
m_11_rk	rkkurs	double	double	0	medium	avg
m_11_rk	rkjumlah	double	double	0	medium	avg
m_11_rk	rkjumlahvalas	double	double	0	medium	avg
m_11_rk	rkjumlahbayar	double	double	0	medium	avg
m_11_rk	rkjumlahbayarvalas	double	double	0	medium	avg
m_11_rk	rkjmlrevisi	int	int	0	medium	sum,count,avg
m_11_rk	rkinputuser	bigint	bigint	0	medium	sum,count,avg
m_11_rk	rkmodifikasiuser	bigint	bigint	0	medium	sum,count,avg
m_11_rk	rkisclose	int	int	0	medium	sum,count,avg
m_11_rk	rkcustomint1	int	int	0	medium	sum,count,avg
m_11_rk	rkcustomint2	int	int	0	medium	sum,count,avg
m_11_rk	rkcustomint3	int	int	0	medium	sum,count,avg
m_11_rk	rkcustomdbl1	double	double	0	medium	avg
m_11_rk	rkcustomdbl2	double	double	0	medium	avg
m_11_rk	rkcustomdbl3	double	double	0	medium	avg
m_11_rk	rkidkj	bigint	bigint	0	medium	sum,count,avg
m_11_rk	rkkategori	int	int	0	medium	sum,count,avg
m_11_rk_pay	idrkcarabayar	bigint	bigint	0	medium	sum,count,avg
m_11_rk_pay	idrk	bigint	bigint	0	medium	sum,count,avg
m_11_rk_pay	kurs	double	double	0	medium	avg
m_11_rk_pay	jumlah	double	double	0	medium	avg
m_11_rk_pay	jumlahvalas	double	double	0	medium	avg
m_11_rk_pay	urutan	int	int	0	medium	sum,count,avg
m_11_rm	rmid	bigint	bigint	0	medium	sum,count,avg
m_11_rm	rmidkj	bigint	bigint	0	medium	sum,count,avg
m_11_rm	rmkasus	int	int	0	medium	sum,count,avg
m_11_rm	rmtindaklanjut	int	int	0	medium	sum,count,avg
m_11_rm	rmkrs	int	int	0	medium	sum,count,avg
m_11_rm	rmcarakrs	int	int	0	medium	sum,count,avg
m_11_rm	rmjmlrevisi	int	int	0	medium	sum,count,avg
m_11_rm	rminputuser	bigint	bigint unsigned	0	medium	sum,count,avg
m_11_rm	rmmodifikasiuser	bigint	bigint unsigned	0	medium	sum,count,avg
m_11_rm	rmjmlrawat	int	int	0	medium	sum,count,avg
m_11_rm	rmstatusimunisasi	int	int	0	medium	sum,count,avg
m_11_rm	rmumur	int	int	0	medium	sum,count,avg
m_11_rm	rmrujukan	int	int	0	medium	sum,count,avg
m_11_rm	rmrujukandetail	int	int	0	medium	sum,count,avg
m_11_rm	rmhamilke	int	int	0	medium	sum,count,avg
m_11_rm	rmpersalinan	int	int	0	medium	sum,count,avg
m_11_rm	rmkeadaanbayi	int	int	0	medium	sum,count,avg
m_11_rm	rmpanjang	double	double(10,0)	0	medium	avg
m_11_rm	rmberat	double	double(10,0)	0	medium	avg
m_11_rm	rmdokumen	int	int	0	medium	sum,count,avg
m_11_rm	rmpetugas	bigint	bigint	0	medium	sum,count,avg
m_11_rm	rmalasan	int	int	0	medium	sum,count,avg
m_11_rm	rmrawat18	int	int	0	medium	sum,count,avg
m_11_rm	rmok18	int	int	0	medium	sum,count,avg
m_11_ro	roid	bigint	bigint	0	medium	sum,count,avg
m_11_ro	rokodepa	bigint	bigint	0	medium	sum,count,avg
m_11_ro	rocustomer	bigint	bigint	0	medium	sum,count,avg
m_11_ro	roidkj	bigint	bigint	0	medium	sum,count,avg
m_11_ro	rojmlrevisi	int	int	0	medium	sum,count,avg
m_11_ro	roinputuser	bigint	bigint unsigned	0	medium	sum,count,avg
m_11_ro	romodifikasiuser	bigint	bigint unsigned	0	medium	sum,count,avg
m_11_ro	rocustomint1	int	int	0	medium	sum,count,avg
m_11_ro	rocustomint2	int	int	0	medium	sum,count,avg
m_11_ro	rocustomint3	int	int	0	medium	sum,count,avg
m_11_ro	rocustomint4	int	int	0	medium	sum,count,avg
m_11_ro	rocustomint5	int	int	0	medium	sum,count,avg
m_11_ro	rocustomint6	int	int	0	medium	sum,count,avg
m_11_ro	rocustomint7	int	int	0	medium	sum,count,avg
m_11_ro	rocustomint8	int	int	0	medium	sum,count,avg
m_11_ro	rocustomint9	int	int	0	medium	sum,count,avg
m_11_ro	rocustomint10	int	int	0	medium	sum,count,avg
m_11_ro	rocustomint11	int	int	0	medium	sum,count,avg
m_11_ro	rocustomint12	int	int	0	medium	sum,count,avg
m_11_ro	rocustomint13	int	int	0	medium	sum,count,avg
m_11_ro	rocustomint14	int	int	0	medium	sum,count,avg
m_11_ro	rocustomint15	int	int	0	medium	sum,count,avg
m_11_ro	rocustomint16	int	int	0	medium	sum,count,avg
m_11_ro	rocustomint17	int	int	0	medium	sum,count,avg
m_11_ro	rocustomint18	int	int	0	medium	sum,count,avg
m_11_ro	rocustomint19	int	int	0	medium	sum,count,avg
m_11_ro	rocustomint20	int	int	0	medium	sum,count,avg
m_11_ro	rocustomdbl1	double	double	0	medium	avg
m_11_ro	rocustomdbl2	double	double	0	medium	avg
m_11_ro	rocustomdbl3	double	double	0	medium	avg
m_11_ro	rocustomdbl4	double	double	0	medium	avg
m_11_ro	rocustomdbl5	double	double	0	medium	avg
m_11_ro	rocustomdbl6	double	double	0	medium	avg
m_11_ro	rocustomdbl7	double	double	0	medium	avg
m_11_ro	rocustomdbl8	double	double	0	medium	avg
m_11_ro	rocustomdbl9	double	double	0	medium	avg
m_11_ro	rocustomdbl10	double	double	0	medium	avg
m_11_ro	rocustomdbl11	double	double	0	medium	avg
m_11_ro	rocustomdbl12	double	double	0	medium	avg
m_11_ro	rocustomdbl13	double	double	0	medium	avg
m_11_ro	rocustomdbl14	double	double	0	medium	avg
m_11_ro	rocustomdbl15	double	double	0	medium	avg
m_11_ro	rocustomdbl16	double	double	0	medium	avg
m_11_ro	rocustomdbl17	double	double	0	medium	avg
m_11_ro	rocustomdbl18	double	double	0	medium	avg
m_11_ro	rocustomdbl19	double	double	0	medium	avg
m_11_ro	rocustomdbl20	double	double	0	medium	avg
m_11_ro	rokurs	double	double	0	medium	avg
m_11_ro	ropetugas	bigint	bigint	0	medium	sum,count,avg
m_11_ro_detail	idrodetail	bigint	bigint	0	medium	sum,count,avg
m_11_ro_detail	idro	bigint	bigint	0	medium	sum,count,avg
m_11_ro_detail	idlayanan	bigint	bigint	0	medium	sum,count,avg
m_11_ro_detail	jml	double	double	0	medium	avg
m_11_ro_detail	nilaisatuan	double	double	0	medium	avg
m_11_ro_detail	harga	double	double	0	medium	avg
m_11_ro_detail	jmldiskon	double	double	0	medium	avg
m_11_ro_detail	jmlpajak1	double	double	0	medium	avg
m_11_ro_detail	jmlpajak2	double	double	0	medium	avg
m_11_ro_detail	urutan	int	int	0	medium	sum,count,avg
m_11_ro_detail	idkjdetail	bigint	bigint	0	medium	sum,count,avg
m_11_ro_detail	jmlrealisasi	double	double	0	medium	avg
m_11_ro_detail	iddokter	bigint	bigint	0	medium	sum,count,avg
m_11_ro_detail	customdbl1	double	double	0	medium	avg
m_11_ro_detail	customdbl2	double	double	0	medium	avg
m_11_ro_detail	customdbl3	double	double	0	medium	avg
m_11_ro_detail	customdbl4	double	double	0	medium	avg
m_11_ro_detail	customdbl5	double	double	0	medium	avg
m_11_ro_detail	customdbl6	double	double	0	medium	avg
m_11_ro_detail	customdbl7	double	double	0	medium	avg
m_11_ro_detail	customdbl8	double	double	0	medium	avg
m_11_ro_detail	customdbl9	double	double	0	medium	avg
m_11_ro_detail	customdbl10	double	double	0	medium	avg
m_11_ro_detail	customdbl11	double	double	0	medium	avg
m_11_ro_detail	customdbl12	double	double	0	medium	avg
m_11_ro_detail	customdbl13	double	double	0	medium	avg
m_11_ro_detail	customdbl14	double	double	0	medium	avg
m_11_ro_detail	customdbl15	double	double	0	medium	avg
m_11_ro_detail	customdbl16	double	double	0	medium	avg
m_11_ro_detail	customdbl17	double	double	0	medium	avg
m_11_ro_detail	customdbl18	double	double	0	medium	avg
m_11_ro_detail	customdbl19	double	double	0	medium	avg
m_11_ro_detail	customdbl20	double	double	0	medium	avg
m_11_ro_detail	kurs	double	double	0	medium	avg
m_11_ro_detail	idhppkhususkeluar	bigint	bigint	0	medium	sum,count,avg
m_11_ro_detail	hpp	double	double	0	medium	avg
m_11_sk	skid	bigint	bigint	0	medium	sum,count,avg
m_11_sk	skidkj	bigint	bigint	0	medium	sum,count,avg
m_11_sk	skjmlrevisi	int	int	0	medium	sum,count,avg
m_11_sk	skinputuser	bigint	bigint unsigned	0	medium	sum,count,avg
m_11_sk	skmodifikasiuser	bigint	bigint unsigned	0	medium	sum,count,avg
m_11_sk	skpetugas	bigint	bigint	0	medium	sum,count,avg
m_11_ud	udid	bigint	bigint	0	medium	sum,count,avg
m_11_ud	udidkj	bigint	bigint	0	medium	sum,count,avg
m_11_ud	udkejadiandi	int	int	0	medium	sum,count,avg
m_11_ud	udterjadipadaharike	int	int	0	medium	sum,count,avg
m_11_ud	udkemerahan	int	int	0	medium	sum,count,avg
m_11_ud	udkuman	int	int	0	medium	sum,count,avg
m_11_ud	udjmlrevisi	int	int	0	medium	sum,count,avg
m_11_ud	udinputuser	bigint	bigint unsigned	0	medium	sum,count,avg
m_11_ud	udmodifikasiuser	bigint	bigint unsigned	0	medium	sum,count,avg
m_11_ud	udpetugas	bigint	bigint	0	medium	sum,count,avg
m_12_ai	aiid	int	int	0	medium	sum,count,avg
m_12_ai	aikodepa	bigint	bigint	0	medium	sum,count,avg
m_12_ai	aikontak	bigint	bigint	0	medium	sum,count,avg
m_12_ai	aijmlrevisi	int	int	0	medium	sum,count,avg
m_12_ai	aiisclose	int	int	0	medium	sum,count,avg
m_12_ai	aiinputuser	bigint	bigint	0	medium	sum,count,avg
m_12_ai	aimodifikasiuser	bigint	bigint	0	medium	sum,count,avg
m_12_ai	aicustomint1	int	int	0	medium	sum,count,avg
m_12_ai	aicustomint2	int	int	0	medium	sum,count,avg
m_12_ai	aicustomint3	int	int	0	medium	sum,count,avg
m_12_ai	aicustomdbl1	double	double	0	medium	avg
m_12_ai	aicustomdbl2	double	double	0	medium	avg
m_12_ai	aicustomdbl3	double	double	0	medium	avg
m_12_ai_additional	idadditional	bigint	bigint	0	medium	sum,count,avg
m_12_ai_additional	idai	bigint	bigint	0	medium	sum,count,avg
m_12_ai_additional	idaidetail	bigint	bigint	0	medium	sum,count,avg
m_12_ai_additional	idbarang	bigint	bigint	0	medium	sum,count,avg
m_12_ai_additional	jml	double	double	0	medium	avg
m_12_ai_additional	urutan	bigint	bigint	0	medium	sum,count,avg
m_12_ai_additional	customint1	int	int	0	medium	sum,count,avg
m_12_ai_additional	customint2	int	int	0	medium	sum,count,avg
m_12_ai_additional	customint3	int	int	0	medium	sum,count,avg
m_12_ai_additional	customdbl1	double	double	0	medium	avg
m_12_ai_additional	customdbl2	double	double	0	medium	avg
m_12_ai_additional	customdbl3	double	double	0	medium	avg
m_12_ai_detail	idaidetail	bigint	bigint	0	medium	sum,count,avg
m_12_ai_detail	idai	bigint	bigint	0	medium	sum,count,avg
m_12_ai_detail	idbarang	bigint	bigint	0	medium	sum,count,avg
m_12_ai_detail	jml1	double	double	0	medium	avg
m_12_ai_detail	jml2	double	double	0	medium	avg
m_12_ai_detail	urutan	bigint	bigint	0	medium	sum,count,avg
m_12_ai_detail	customint1	int	int	0	medium	sum,count,avg
m_12_ai_detail	customint2	int	int	0	medium	sum,count,avg
m_12_ai_detail	customint3	int	int	0	medium	sum,count,avg
m_12_ai_detail	customdbl1	double	double	0	medium	avg
m_12_ai_detail	customdbl2	double	double	0	medium	avg
m_12_ai_detail	customdbl3	double	double	0	medium	avg
m_12_area	ainputuser	int	int	0	medium	sum,count,avg
m_12_area	amodifikasiuser	int	int	0	medium	sum,count,avg
m_12_area	acustomint1	int	int	0	medium	sum,count,avg
m_12_area	acustomint2	int	int	0	medium	sum,count,avg
m_12_area	acustomint3	int	int	0	medium	sum,count,avg
m_12_area	acustomdbl1	double	double	0	medium	avg
m_12_area	acustomdbl2	double	double	0	medium	avg
m_12_area	acustomdbl3	double	double	0	medium	avg
m_12_area_category	acinputuser	bigint	bigint	0	medium	sum,count,avg
m_12_area_category	acmodifikasiuser	bigint	bigint	0	medium	sum,count,avg
m_12_area_category	accustomint1	int	int	0	medium	sum,count,avg
m_12_area_category	accustomint2	int	int	0	medium	sum,count,avg
m_12_area_category	accustomint3	int	int	0	medium	sum,count,avg
m_12_area_category	accustomdbl1	double	double	0	medium	avg
m_12_area_category	accustomdbl2	double	double	0	medium	avg
m_12_area_category	accustomdbl3	double	double	0	medium	avg
m_12_area_category_history	acidhistory	bigint	bigint	0	medium	sum,count,avg
m_12_area_category_history	acinputuser	bigint	bigint	0	medium	sum,count,avg
m_12_area_category_history	acmodifikasiuser	bigint	bigint	0	medium	sum,count,avg
m_12_area_category_history	accustomint1	int	int	0	medium	sum,count,avg
m_12_area_category_history	accustomint2	int	int	0	medium	sum,count,avg
m_12_area_category_history	accustomint3	int	int	0	medium	sum,count,avg
m_12_area_category_history	accustomdbl1	double	double	0	medium	avg
m_12_area_category_history	accustomdbl2	double	double	0	medium	avg
m_12_area_category_history	accustomdbl3	double	double	0	medium	avg
m_12_area_history	aidhistory	bigint	bigint	0	medium	sum,count,avg
m_12_area_history	ainputuser	bigint	bigint	0	medium	sum,count,avg
m_12_area_history	amodifikasiuser	bigint	bigint	0	medium	sum,count,avg
m_12_area_history	acustomint1	int	int	0	medium	sum,count,avg
m_12_area_history	acustomint2	int	int	0	medium	sum,count,avg
m_12_area_history	acustomint3	int	int	0	medium	sum,count,avg
m_12_area_history	acustomdbl1	double	double	0	medium	avg
m_12_area_history	acustomdbl2	double	double	0	medium	avg
m_12_area_history	acustomdbl3	double	double	0	medium	avg
m_12_bi	biid	int	int	0	medium	sum,count,avg
m_12_bi	bikodepa	bigint	bigint	0	medium	sum,count,avg
m_12_bi	bikontak	bigint	bigint	0	medium	sum,count,avg
m_12_bi	bijmlrevisi	int	int	0	medium	sum,count,avg
m_12_bi	biisclose	int	int	0	medium	sum,count,avg
m_12_bi	biinputuser	bigint	bigint	0	medium	sum,count,avg
m_12_bi	bimodifikasiuser	bigint	bigint	0	medium	sum,count,avg
m_12_bi	bicustomint1	int	int	0	medium	sum,count,avg
m_12_bi	bicustomint2	int	int	0	medium	sum,count,avg
m_12_bi	bicustomint3	int	int	0	medium	sum,count,avg
m_12_bi	bicustomdbl1	double	double	0	medium	avg
m_12_bi	bicustomdbl2	double	double	0	medium	avg
m_12_bi	bicustomdbl3	double	double	0	medium	avg
m_12_bi_bonus	idbonus	bigint	bigint	0	medium	sum,count,avg
m_12_bi_bonus	idbi	bigint	bigint	0	medium	sum,count,avg
m_12_bi_bonus	idbidetail	bigint	bigint	0	medium	sum,count,avg
m_12_bi_bonus	idbarang	bigint	bigint	0	medium	sum,count,avg
m_12_bi_bonus	jml	double	double	0	medium	avg
m_12_bi_bonus	urutan	bigint	bigint	0	medium	sum,count,avg
m_12_bi_bonus	customint1	int	int	0	medium	sum,count,avg
m_12_bi_bonus	customint2	int	int	0	medium	sum,count,avg
m_12_bi_bonus	customint3	int	int	0	medium	sum,count,avg
m_12_bi_bonus	customdbl1	double	double	0	medium	avg
m_12_bi_bonus	customdbl2	double	double	0	medium	avg
m_12_bi_bonus	customdbl3	double	double	0	medium	avg
m_12_bi_bonus_history	idhistorybonus	bigint	bigint	0	medium	sum,count,avg
m_12_bi_bonus_history	idhistory	bigint	bigint	0	medium	sum,count,avg
m_12_bi_bonus_history	idbonus	bigint	bigint	0	medium	sum,count,avg
m_12_bi_bonus_history	idbi	bigint	bigint	0	medium	sum,count,avg
m_12_bi_bonus_history	idbidetail	bigint	bigint	0	medium	sum,count,avg
m_12_bi_bonus_history	idbarang	bigint	bigint	0	medium	sum,count,avg
m_12_bi_bonus_history	jml	double	double	0	medium	avg
m_12_bi_bonus_history	urutan	bigint	bigint	0	medium	sum,count,avg
m_12_bi_bonus_history	customint1	int	int	0	medium	sum,count,avg
m_12_bi_bonus_history	customint2	int	int	0	medium	sum,count,avg
m_12_bi_bonus_history	customint3	int	int	0	medium	sum,count,avg
m_12_bi_bonus_history	customdbl1	double	double	0	medium	avg
m_12_bi_bonus_history	customdbl2	double	double	0	medium	avg
m_12_bi_bonus_history	customdbl3	double	double	0	medium	avg
m_12_bi_detail	idbidetail	bigint	bigint	0	medium	sum,count,avg
m_12_bi_detail	idbi	bigint	bigint	0	medium	sum,count,avg
m_12_bi_detail	idbarang	bigint	bigint	0	medium	sum,count,avg
m_12_bi_detail	jml1	double	double	0	medium	avg
m_12_bi_detail	jml2	double	double	0	medium	avg
m_12_bi_detail	urutan	bigint	bigint	0	medium	sum,count,avg
m_12_bi_detail	customint1	int	int	0	medium	sum,count,avg
m_12_bi_detail	customint2	int	int	0	medium	sum,count,avg
m_12_bi_detail	customint3	int	int	0	medium	sum,count,avg
m_12_bi_detail	customdbl1	double	double	0	medium	avg
m_12_bi_detail	customdbl2	double	double	0	medium	avg
m_12_bi_detail	customdbl3	double	double	0	medium	avg
m_12_bi_detail_history	idhistorydetail	bigint	bigint	0	medium	sum,count,avg
m_12_bi_detail_history	idhistory	bigint	bigint	0	medium	sum,count,avg
m_12_bi_detail_history	idbidetail	bigint	bigint	0	medium	sum,count,avg
m_12_bi_detail_history	idbi	bigint	bigint	0	medium	sum,count,avg
m_12_bi_detail_history	idbarang	bigint	bigint	0	medium	sum,count,avg
m_12_bi_detail_history	jml1	double	double	0	medium	avg
m_12_bi_detail_history	jml2	double	double	0	medium	avg
m_12_bi_detail_history	urutan	bigint	bigint	0	medium	sum,count,avg
m_12_bi_detail_history	customint1	int	int	0	medium	sum,count,avg
m_12_bi_detail_history	customint2	int	int	0	medium	sum,count,avg
m_12_bi_detail_history	customint3	int	int	0	medium	sum,count,avg
m_12_bi_detail_history	customdbl1	double	double	0	medium	avg
m_12_bi_detail_history	customdbl2	double	double	0	medium	avg
m_12_bi_detail_history	customdbl3	double	double	0	medium	avg
m_12_bi_history	biidhistory	bigint	bigint	0	medium	sum,count,avg
m_12_bi_history	biid	int	int	0	medium	sum,count,avg
m_12_bi_history	bikodepa	bigint	bigint	0	medium	sum,count,avg
m_12_bi_history	bikontak	bigint	bigint	0	medium	sum,count,avg
m_12_bi_history	bijmlrevisi	int	int	0	medium	sum,count,avg
m_12_bi_history	biisclose	int	int	0	medium	sum,count,avg
m_12_bi_history	biinputuser	bigint	bigint	0	medium	sum,count,avg
m_12_bi_history	bimodifikasiuser	bigint	bigint	0	medium	sum,count,avg
m_12_bi_history	bicustomint1	int	int	0	medium	sum,count,avg
m_12_bi_history	bicustomint2	int	int	0	medium	sum,count,avg
m_12_bi_history	bicustomint3	int	int	0	medium	sum,count,avg
m_12_bi_history	bicustomdbl1	double	double	0	medium	avg
m_12_bi_history	bicustomdbl2	double	double	0	medium	avg
m_12_bi_history	bicustomdbl3	double	double	0	medium	avg
m_12_cpa	cpaid	bigint	bigint	0	medium	sum,count,avg
m_12_cpa	cpakodepa	bigint	bigint	0	medium	sum,count,avg
m_12_cpa	cpakontak	bigint	bigint	0	medium	sum,count,avg
m_12_cpa	cpajmlrevisi	int	int	0	medium	sum,count,avg
m_12_cpa	cpaisclose	int	int	0	medium	sum,count,avg
m_12_cpa	cpainputuser	bigint	bigint	0	medium	sum,count,avg
m_12_cpa	cpamodifikasiuser	bigint	bigint	0	medium	sum,count,avg
m_12_cpa	cpacustomint1	int	int	0	medium	sum,count,avg
m_12_cpa	cpacustomint2	int	int	0	medium	sum,count,avg
m_12_cpa	cpacustomint3	int	int	0	medium	sum,count,avg
m_12_cpa	cpacustomdbl1	double	double	0	medium	avg
m_12_cpa	cpacustomdbl2	double	double	0	medium	avg
m_12_cpa	cpacustomdbl3	double	double	0	medium	avg
m_12_cpa_detail	idcpadetail	bigint	bigint	0	medium	sum,count,avg
m_12_cpa_detail	idcpa	bigint	bigint	0	medium	sum,count,avg
m_12_cpa_detail	kontak	bigint	bigint	0	medium	sum,count,avg
m_12_cpa_detail	poinlama	double	double	0	medium	avg
m_12_cpa_detail	poinmasuk	double	double	0	medium	avg
m_12_cpa_detail	poinkeluar	double	double	0	medium	avg
m_12_cpa_detail	poinbaru	double	double	0	medium	avg
m_12_cpa_detail	urutan	int	int	0	medium	sum,count,avg
m_12_cpa_detail	isclose	int	int	0	medium	sum,count,avg
m_12_cpa_detail	customdbl1	double	double	0	medium	avg
m_12_cpa_detail	customdbl2	double	double	0	medium	avg
m_12_cpa_detail	customdbl3	double	double	0	medium	avg
m_12_cpa_detail_history	idhistorydetail	bigint	bigint	0	medium	sum,count,avg
m_12_cpa_detail_history	idhistory	bigint	bigint	0	medium	sum,count,avg
m_12_cpa_detail_history	idcpadetail	bigint	bigint	0	medium	sum,count,avg
m_12_cpa_detail_history	idcpa	bigint	bigint	0	medium	sum,count,avg
m_12_cpa_detail_history	kontak	bigint	bigint	0	medium	sum,count,avg
m_12_cpa_detail_history	poinlama	double	double	0	medium	avg
m_12_cpa_detail_history	poinmasuk	double	double	0	medium	avg
m_12_cpa_detail_history	poinkeluar	double	double	0	medium	avg
m_12_cpa_detail_history	poinbaru	double	double	0	medium	avg
m_12_cpa_detail_history	urutan	int	int	0	medium	sum,count,avg
m_12_cpa_detail_history	isclose	int	int	0	medium	sum,count,avg
m_12_cpa_detail_history	customdbl1	double	double	0	medium	avg
m_12_cpa_detail_history	customdbl2	double	double	0	medium	avg
m_12_cpa_detail_history	customdbl3	double	double	0	medium	avg
m_12_cpa_history	cpaidhistory	bigint	bigint	0	medium	sum,count,avg
m_12_cpa_history	cpaid	bigint	bigint	0	medium	sum,count,avg
m_12_cpa_history	cpakodepa	bigint	bigint	0	medium	sum,count,avg
m_12_cpa_history	cpakontak	bigint	bigint	0	medium	sum,count,avg
m_12_cpa_history	cpajmlrevisi	int	int	0	medium	sum,count,avg
m_12_cpa_history	cpaisclose	int	int	0	medium	sum,count,avg
m_12_cpa_history	cpainputuser	bigint	bigint	0	medium	sum,count,avg
m_12_cpa_history	cpamodifikasiuser	bigint	bigint	0	medium	sum,count,avg
m_12_cpa_history	cpacustomint1	int	int	0	medium	sum,count,avg
m_12_cpa_history	cpacustomint2	int	int	0	medium	sum,count,avg
m_12_cpa_history	cpacustomint3	int	int	0	medium	sum,count,avg
m_12_cpa_history	cpacustomdbl1	double	double	0	medium	avg
m_12_cpa_history	cpacustomdbl2	double	double	0	medium	avg
m_12_cpa_history	cpacustomdbl3	double	double	0	medium	avg
m_12_di	diid	int	int	0	medium	sum,count,avg
m_12_di	dikodepa	bigint	bigint	0	medium	sum,count,avg
m_12_di	dikontak	bigint	bigint	0	medium	sum,count,avg
m_12_di	dijmlrevisi	int	int	0	medium	sum,count,avg
m_12_di	diisclose	int	int	0	medium	sum,count,avg
m_12_di	diinputuser	bigint	bigint	0	medium	sum,count,avg
m_12_di	dimodifikasiuser	bigint	bigint	0	medium	sum,count,avg
m_12_di	dicustomint1	int	int	0	medium	sum,count,avg
m_12_di	dicustomint2	int	int	0	medium	sum,count,avg
m_12_di	dicustomint3	int	int	0	medium	sum,count,avg
m_12_di	dicustomdbl1	double	double	0	medium	avg
m_12_di	dicustomdbl2	double	double	0	medium	avg
m_12_di	dicustomdbl3	double	double	0	medium	avg
m_12_di_detail	iddidetail	bigint	bigint	0	medium	sum,count,avg
m_12_di_detail	iddi	bigint	bigint	0	medium	sum,count,avg
m_12_di_detail	idbarang	bigint	bigint	0	medium	sum,count,avg
m_12_di_detail	jml1	double	double	0	medium	avg
m_12_di_detail	jml2	double	double	0	medium	avg
m_12_di_detail	kriteria	int	int	0	medium	sum,count,avg
m_12_di_detail	urutan	bigint	bigint	0	medium	sum,count,avg
m_12_di_detail	customint1	int	int	0	medium	sum,count,avg
m_12_di_detail	customint2	int	int	0	medium	sum,count,avg
m_12_di_detail	customint3	int	int	0	medium	sum,count,avg
m_12_di_detail	customdbl1	double	double	0	medium	avg
m_12_di_detail	customdbl2	double	double	0	medium	avg
m_12_di_detail	customdbl3	double	double	0	medium	avg
m_12_di_detail_history	idhistorydetail	bigint	bigint	0	medium	sum,count,avg
m_12_di_detail_history	idhistory	bigint	bigint	0	medium	sum,count,avg
m_12_di_detail_history	iddidetail	bigint	bigint	0	medium	sum,count,avg
m_12_di_detail_history	iddi	bigint	bigint	0	medium	sum,count,avg
m_12_di_detail_history	idbarang	bigint	bigint	0	medium	sum,count,avg
m_12_di_detail_history	jml1	double	double	0	medium	avg
m_12_di_detail_history	jml2	double	double	0	medium	avg
m_12_di_detail_history	kriteria	int	int	0	medium	sum,count,avg
m_12_di_detail_history	urutan	bigint	bigint	0	medium	sum,count,avg
m_12_di_detail_history	customint1	int	int	0	medium	sum,count,avg
m_12_di_detail_history	customint2	int	int	0	medium	sum,count,avg
m_12_di_detail_history	customint3	int	int	0	medium	sum,count,avg
m_12_di_detail_history	customdbl1	double	double	0	medium	avg
m_12_di_detail_history	customdbl2	double	double	0	medium	avg
m_12_di_detail_history	customdbl3	double	double	0	medium	avg
m_12_di_history	diidhistory	bigint	bigint	0	medium	sum,count,avg
m_12_di_history	diid	int	int	0	medium	sum,count,avg
m_12_di_history	dikodepa	bigint	bigint	0	medium	sum,count,avg
m_12_di_history	dikontak	bigint	bigint	0	medium	sum,count,avg
m_12_di_history	dijmlrevisi	int	int	0	medium	sum,count,avg
m_12_di_history	diisclose	int	int	0	medium	sum,count,avg
m_12_di_history	diinputuser	bigint	bigint	0	medium	sum,count,avg
m_12_di_history	dimodifikasiuser	bigint	bigint	0	medium	sum,count,avg
m_12_di_history	dicustomint1	int	int	0	medium	sum,count,avg
m_12_di_history	dicustomint2	int	int	0	medium	sum,count,avg
m_12_di_history	dicustomint3	int	int	0	medium	sum,count,avg
m_12_di_history	dicustomdbl1	double	double	0	medium	avg
m_12_di_history	dicustomdbl2	double	double	0	medium	avg
m_12_di_history	dicustomdbl3	double	double	0	medium	avg
m_12_lp	lpid	bigint	bigint	0	medium	sum,count,avg
m_12_lp	lpkodepa	bigint	bigint	0	medium	sum,count,avg
m_12_lp	lpbagianlp	bigint	bigint	0	medium	sum,count,avg
m_12_lp	lpkurs	double	double	0	medium	avg
m_12_lp	lpjmlrevisi	int	int	0	medium	sum,count,avg
m_12_lp	lpinputuser	bigint	bigint unsigned	0	medium	sum,count,avg
m_12_lp	lpmodifikasiuser	bigint	bigint unsigned	0	medium	sum,count,avg
m_12_lp	lpidppa	int	int	0	medium	sum,count,avg
m_12_lp	lpcustomint1	int	int	0	medium	sum,count,avg
m_12_lp	lpcustomint2	int	int	0	medium	sum,count,avg
m_12_lp	lpcustomint3	int	int	0	medium	sum,count,avg
m_12_lp	lpcustomdbl1	double	double	0	medium	avg
m_12_lp	lpcustomdbl2	double	double	0	medium	avg
m_12_lp	lpcustomdbl3	double	double	0	medium	avg
m_12_lp_detail	idlpdetail	bigint	bigint	0	medium	sum,count,avg
m_12_lp_detail	idlp	bigint	bigint	0	medium	sum,count,avg
m_12_lp_detail	idbarang	bigint	bigint	0	medium	sum,count,avg
m_12_lp_detail	kurs	double	double	0	medium	avg
m_12_lp_detail	hargabeli	double	double	0	medium	avg
m_12_lp_detail	margin1	double	double	0	medium	avg
m_12_lp_detail	margin2	double	double	0	medium	avg
m_12_lp_detail	margin3	double	double	0	medium	avg
m_12_lp_detail	margin4	double	double	0	medium	avg
m_12_lp_detail	margin5	double	double	0	medium	avg
m_12_lp_detail	hargajual1lama	double	double	0	medium	avg
m_12_lp_detail	hargajual2lama	double	double	0	medium	avg
m_12_lp_detail	hargajual3lama	double	double	0	medium	avg
m_12_lp_detail	hargajual4lama	double	double	0	medium	avg
m_12_lp_detail	hargajual5lama	double	double	0	medium	avg
m_12_lp_detail	hargajual1	double	double	0	medium	avg
m_12_lp_detail	hargajual2	double	double	0	medium	avg
m_12_lp_detail	hargajual3	double	double	0	medium	avg
m_12_lp_detail	hargajual4	double	double	0	medium	avg
m_12_lp_detail	hargajual5	double	double	0	medium	avg
m_12_lp_detail	stokminimallama	double	double	0	medium	avg
m_12_lp_detail	stokmaksimallama	double	double	0	medium	avg
m_12_lp_detail	stokreorderlama	double	double	0	medium	avg
m_12_lp_detail	stokminorderlama	double	double	0	medium	avg
m_12_lp_detail	stokminimal	double	double	0	medium	avg
m_12_lp_detail	stokmaksimal	double	double	0	medium	avg
m_12_lp_detail	stokreorder	double	double	0	medium	avg
m_12_lp_detail	stokminorder	double	double	0	medium	avg
m_12_lp_detail	urutan	int	int	0	medium	sum,count,avg
m_12_lp_detail	statusberlaku	int	int	0	medium	sum,count,avg
m_12_lp_detail	idppadetail	int	int	0	medium	sum,count,avg
m_12_lp_detail	customdbl1	double	double	0	medium	avg
m_12_lp_detail	customdbl2	double	double	0	medium	avg
m_12_lp_detail	customdbl3	double	double	0	medium	avg
m_12_lp_detail_history	idhistorydetail	int	int	0	medium	sum,count,avg
m_12_lp_detail_history	idhistory	int	int	0	medium	sum,count,avg
m_12_lp_detail_history	idpadetail	bigint	bigint	0	medium	sum,count,avg
m_12_lp_detail_history	idpa	bigint	bigint	0	medium	sum,count,avg
m_12_lp_detail_history	idbarang	bigint	bigint	0	medium	sum,count,avg
m_12_lp_detail_history	nilaisatuan	double	double	0	medium	avg
m_12_lp_detail_history	kurs	double	double	0	medium	avg
m_12_lp_detail_history	hargajual1lama	double	double	0	medium	avg
m_12_lp_detail_history	hargajual2lama	double	double	0	medium	avg
m_12_lp_detail_history	hargajual3lama	double	double	0	medium	avg
m_12_lp_detail_history	hargajual4lama	double	double	0	medium	avg
m_12_lp_detail_history	hargajual5lama	double	double	0	medium	avg
m_12_lp_detail_history	hargajual1	double	double	0	medium	avg
m_12_lp_detail_history	hargajual2	double	double	0	medium	avg
m_12_lp_detail_history	hargajual3	double	double	0	medium	avg
m_12_lp_detail_history	hargajual4	double	double	0	medium	avg
m_12_lp_detail_history	hargajual5	double	double	0	medium	avg
m_12_lp_detail_history	urutan	int	int	0	medium	sum,count,avg
m_12_lp_detail_history	statusberlaku	int	int	0	medium	sum,count,avg
m_12_lp_detail_history	customdbl1	double	double	0	medium	avg
m_12_lp_detail_history	customdbl2	double	double	0	medium	avg
m_12_lp_detail_history	customdbl3	double	double	0	medium	avg
m_12_lp_history	paidhistory	int	int	0	medium	sum,count,avg
m_12_lp_history	paid	bigint	bigint	0	medium	sum,count,avg
m_12_lp_history	pakodepa	bigint	bigint	0	medium	sum,count,avg
m_12_lp_history	pabagianpa	bigint	bigint	0	medium	sum,count,avg
m_12_lp_history	pakurs	double	double	0	medium	avg
m_12_lp_history	pajmlrevisi	int	int	0	medium	sum,count,avg
m_12_lp_history	painputuser	bigint	bigint unsigned	0	medium	sum,count,avg
m_12_lp_history	pamodifikasiuser	bigint	bigint unsigned	0	medium	sum,count,avg
m_12_lp_history	pacustomint1	int	int	0	medium	sum,count,avg
m_12_lp_history	pacustomint2	int	int	0	medium	sum,count,avg
m_12_lp_history	pacustomint3	int	int	0	medium	sum,count,avg
m_12_lp_history	pacustomdbl1	double	double	0	medium	avg
m_12_lp_history	pacustomdbl2	double	double	0	medium	avg
m_12_lp_history	pacustomdbl3	double	double	0	medium	avg
m_12_pos_additional_item	aiid	bigint	bigint	0	medium	sum,count,avg
m_12_pos_additional_item	aiidbarang	bigint	bigint	0	medium	sum,count,avg
m_12_pos_additional_item	aijml1	double	double	0	medium	avg
m_12_pos_additional_item	aijml2	double	double	0	medium	avg
m_12_pos_additional_item	aicustomint1	int	int	0	medium	sum,count,avg
m_12_pos_additional_item	aicustomint2	int	int	0	medium	sum,count,avg
m_12_pos_additional_item	aicustomint3	int	int	0	medium	sum,count,avg
m_12_pos_additional_item	aicustomdbl1	double	double	0	medium	avg
m_12_pos_additional_item	aicustomdbl2	double	double	0	medium	avg
m_12_pos_additional_item	aicustomdbl3	double	double	0	medium	avg
m_12_pos_additional_item_detail	idaidetail	bigint	bigint	0	medium	sum,count,avg
m_12_pos_additional_item_detail	idai	bigint	bigint	0	medium	sum,count,avg
m_12_pos_additional_item_detail	idbarang	bigint	bigint	0	medium	sum,count,avg
m_12_pos_additional_item_detail	jml	double	double	0	medium	avg
m_12_pos_additional_item_detail	customint1	int	int	0	medium	sum,count,avg
m_12_pos_additional_item_detail	customint2	int	int	0	medium	sum,count,avg
m_12_pos_additional_item_detail	customint3	int	int	0	medium	sum,count,avg
m_12_pos_additional_item_detail	customdbl1	double	double	0	medium	avg
m_12_pos_additional_item_detail	customdbl2	double	double	0	medium	avg
m_12_pos_additional_item_detail	customdbl3	double	double	0	medium	avg
m_12_pos_bonus_item	biid	bigint	bigint	0	medium	sum,count,avg
m_12_pos_bonus_item	biidbarang	bigint	bigint	0	medium	sum,count,avg
m_12_pos_bonus_item	bijml1	double	double	0	medium	avg
m_12_pos_bonus_item	bijml2	double	double	0	medium	avg
m_12_pos_bonus_item	bicustomint1	int	int	0	medium	sum,count,avg
m_12_pos_bonus_item	bicustomint2	int	int	0	medium	sum,count,avg
m_12_pos_bonus_item	bicustomint3	int	int	0	medium	sum,count,avg
m_12_pos_bonus_item	bicustomdbl1	double	double	0	medium	avg
m_12_pos_bonus_item	bicustomdbl2	double	double	0	medium	avg
m_12_pos_bonus_item	bicustomdbl3	double	double	0	medium	avg
m_12_pos_bonus_item_detail	idbidetail	bigint	bigint	0	medium	sum,count,avg
m_12_pos_bonus_item_detail	idbi	bigint	bigint	0	medium	sum,count,avg
m_12_pos_bonus_item_detail	idbarang	bigint	bigint	0	medium	sum,count,avg
m_12_pos_bonus_item_detail	jml	double	double	0	medium	avg
m_12_pos_bonus_item_detail	customint1	int	int	0	medium	sum,count,avg
m_12_pos_bonus_item_detail	customint2	int	int	0	medium	sum,count,avg
m_12_pos_bonus_item_detail	customint3	int	int	0	medium	sum,count,avg
m_12_pos_bonus_item_detail	customdbl1	double	double	0	medium	avg
m_12_pos_bonus_item_detail	customdbl2	double	double	0	medium	avg
m_12_pos_bonus_item_detail	customdbl3	double	double	0	medium	avg
m_12_pos_bonus_trans	biid	bigint	bigint	0	medium	sum,count,avg
m_12_pos_bonus_trans	biidbarang	bigint	bigint	0	medium	sum,count,avg
m_12_pos_bonus_trans	bijml1	double	double	0	medium	avg
m_12_pos_bonus_trans	bijml2	double	double	0	medium	avg
m_12_pos_bonus_trans	bicustomint1	int	int	0	medium	sum,count,avg
m_12_pos_bonus_trans	bicustomint2	int	int	0	medium	sum,count,avg
m_12_pos_bonus_trans	bicustomint3	int	int	0	medium	sum,count,avg
m_12_pos_bonus_trans	bicustomdbl1	double	double	0	medium	avg
m_12_pos_bonus_trans	bicustomdbl2	double	double	0	medium	avg
m_12_pos_bonus_trans	bicustomdbl3	double	double	0	medium	avg
m_12_pos_bonus_trans_detail	idbidetail	bigint	bigint	0	medium	sum,count,avg
m_12_pos_bonus_trans_detail	idbi	bigint	bigint	0	medium	sum,count,avg
m_12_pos_bonus_trans_detail	idbarang	bigint	bigint	0	medium	sum,count,avg
m_12_pos_bonus_trans_detail	jml	double	double	0	medium	avg
m_12_pos_bonus_trans_detail	customint1	int	int	0	medium	sum,count,avg
m_12_pos_bonus_trans_detail	customint2	int	int	0	medium	sum,count,avg
m_12_pos_bonus_trans_detail	customint3	int	int	0	medium	sum,count,avg
m_12_pos_bonus_trans_detail	customdbl1	double	double	0	medium	avg
m_12_pos_bonus_trans_detail	customdbl2	double	double	0	medium	avg
m_12_pos_bonus_trans_detail	customdbl3	double	double	0	medium	avg
m_12_pos_bonus_trans_special_item	idbiitem	int	int	0	medium	sum,count,avg
m_12_pos_bonus_trans_special_item	idbi	int	int	0	medium	sum,count,avg
m_12_pos_bonus_trans_special_item	idbarang	int	int	0	medium	sum,count,avg
m_12_pos_bonus_trans_special_item	customint1	int	int	0	medium	sum,count,avg
m_12_pos_bonus_trans_special_item	customint2	int	int	0	medium	sum,count,avg
m_12_pos_bonus_trans_special_item	customint3	int	int	0	medium	sum,count,avg
m_12_pos_bonus_trans_special_item	customdbl1	double	double	0	medium	avg
m_12_pos_bonus_trans_special_item	customdbl2	double	double	0	medium	avg
m_12_pos_bonus_trans_special_item	customdbl3	double	double	0	medium	avg
m_12_pos_category_history	pcidhistory	bigint	bigint	0	medium	sum,count,avg
m_12_pos_category_history	pcinputuser	bigint	bigint	0	medium	sum,count,avg
m_12_pos_category_history	pcmodifikasiuser	bigint	bigint	0	medium	sum,count,avg
m_12_pos_category_history	pccustomint1	int	int	0	medium	sum,count,avg
m_12_pos_category_history	pccustomint2	int	int	0	medium	sum,count,avg
m_12_pos_category_history	pccustomint3	int	int	0	medium	sum,count,avg
m_12_pos_category_history	pccustomdbl1	double	double	0	medium	avg
m_12_pos_category_history	pccustomdbl2	double	double	0	medium	avg
m_12_pos_category_history	pccustomdbl3	double	double	0	medium	avg
m_12_pos_discount_category_customer	dccjml1	double	double	0	medium	avg
m_12_pos_discount_category_customer	dccjml2	double	double	0	medium	avg
m_12_pos_discount_category_customer	dcckriteria	int	int	0	medium	sum,count,avg
m_12_pos_discount_category_customer	dcccustomint1	int	int	0	medium	sum,count,avg
m_12_pos_discount_category_customer	dcccustomint2	int	int	0	medium	sum,count,avg
m_12_pos_discount_category_customer	dcccustomint3	int	int	0	medium	sum,count,avg
m_12_pos_discount_category_customer	dcccustomdbl1	double	double	0	medium	avg
m_12_pos_discount_category_customer	dcccustomdbl2	double	double	0	medium	avg
m_12_pos_discount_category_customer	dcccustomdbl3	double	double	0	medium	avg
m_12_pos_discount_category_item	dcijml1	double	double	0	medium	avg
m_12_pos_discount_category_item	dcijml2	double	double	0	medium	avg
m_12_pos_discount_category_item	dcikriteria	int	int	0	medium	sum,count,avg
m_12_pos_discount_category_item	dcicustomint1	int	int	0	medium	sum,count,avg
m_12_pos_discount_category_item	dcicustomint2	int	int	0	medium	sum,count,avg
m_12_pos_discount_category_item	dcicustomint3	int	int	0	medium	sum,count,avg
m_12_pos_discount_category_item	dcicustomdbl1	double	double	0	medium	avg
m_12_pos_discount_category_item	dcicustomdbl2	double	double	0	medium	avg
m_12_pos_discount_category_item	dcicustomdbl3	double	double	0	medium	avg
m_12_pos_discount_item	diidbarang	bigint	bigint	0	medium	sum,count,avg
m_12_pos_discount_item	dijml1	double	double	0	medium	avg
m_12_pos_discount_item	dijml2	double	double	0	medium	avg
m_12_pos_discount_item	dikriteria	int	int	0	medium	sum,count,avg
m_12_pos_discount_item	dicustomint1	int	int	0	medium	sum,count,avg
m_12_pos_discount_item	dicustomint2	int	int	0	medium	sum,count,avg
m_12_pos_discount_item	dicustomint3	int	int	0	medium	sum,count,avg
m_12_pos_discount_item	dicustomdbl1	double	double	0	medium	avg
m_12_pos_discount_item	dicustomdbl2	double	double	0	medium	avg
m_12_pos_discount_item	dicustomdbl3	double	double	0	medium	avg
m_12_pos_hardware	phuserid	bigint	bigint	0	medium	sum,count,avg
m_12_pos_hardware	phidreport	int	int	0	medium	sum,count,avg
m_12_pos_hardware	phcetak	int	int	0	medium	sum,count,avg
m_12_pos_hardware	phcetakbarang	int	int	0	medium	sum,count,avg
m_12_pos_hardware	phfeed	int	int	0	medium	sum,count,avg
m_12_pos_hardware	phcashdrawer	int	int	0	medium	sum,count,avg
m_12_pos_hardware	phpoledisplay	int	int	0	medium	sum,count,avg
m_12_pos_hardware	phpolebaudrate	double	double	0	medium	avg
m_12_pos_hardware	phpoleparity	int	int	0	medium	sum,count,avg
m_12_pos_hardware	phpoledatabit	double	double	0	medium	avg
m_12_pos_hardware	phpolestopbit	double	double	0	medium	avg
m_12_pos_hardware	phcustomint1	int	int	0	medium	sum,count,avg
m_12_pos_hardware	phcustomint2	int	int	0	medium	sum,count,avg
m_12_pos_hardware	phcustomint3	int	int	0	medium	sum,count,avg
m_12_pos_hardware	phcustomdbl1	double	double	0	medium	avg
m_12_pos_hardware	phcustomdbl2	double	double	0	medium	avg
m_12_pos_hardware	phcustomdbl3	double	double	0	medium	avg
m_12_pos_point_category_item	pcijml1	double	double	0	medium	avg
m_12_pos_point_category_item	pcijml2	double	double	0	medium	avg
m_12_pos_point_category_item	pcijmlpoint	double	double	0	medium	avg
m_12_pos_point_category_item	pcicustomint1	int	int	0	medium	sum,count,avg
m_12_pos_point_category_item	pcicustomint2	int	int	0	medium	sum,count,avg
m_12_pos_point_category_item	pcicustomint3	int	int	0	medium	sum,count,avg
m_12_pos_point_category_item	pcicustomdbl1	double	double	0	medium	avg
m_12_pos_point_category_item	pcicustomdbl2	double	double	0	medium	avg
m_12_pos_point_category_item	pcicustomdbl3	double	double	0	medium	avg
m_12_pos_point_item	piidbarang	bigint	bigint	0	medium	sum,count,avg
m_12_pos_point_item	pijml1	double	double	0	medium	avg
m_12_pos_point_item	pijml2	double	double	0	medium	avg
m_12_pos_point_item	pijmlpoint	double	double	0	medium	avg
m_12_pos_point_item	picustomint1	int	int	0	medium	sum,count,avg
m_12_pos_point_item	picustomint2	int	int	0	medium	sum,count,avg
m_12_pos_point_item	picustomint3	int	int	0	medium	sum,count,avg
m_12_pos_point_item	picustomdbl1	double	double	0	medium	avg
m_12_pos_point_item	picustomdbl2	double	double	0	medium	avg
m_12_pos_point_item	picustomdbl3	double	double	0	medium	avg
m_12_pos_point_transaction	ptjml1	double	double	0	medium	avg
m_12_pos_point_transaction	ptjml2	double	double	0	medium	avg
m_12_pos_point_transaction	ptjmlpoint	double	double	0	medium	avg
m_12_pos_point_transaction	ptcustomint1	int	int	0	medium	sum,count,avg
m_12_pos_point_transaction	ptcustomint2	int	int	0	medium	sum,count,avg
m_12_pos_point_transaction	ptcustomint3	int	int	0	medium	sum,count,avg
m_12_pos_point_transaction	ptcustomdbl1	double	double	0	medium	avg
m_12_pos_point_transaction	ptcustomdbl2	double	double	0	medium	avg
m_12_pos_point_transaction	ptcustomdbl3	double	double	0	medium	avg
m_12_pos_promo	kode	bigint	bigint	0	medium	sum,count,avg
m_12_pos_special_price	biid	bigint	bigint	0	medium	sum,count,avg
m_12_pos_special_price	biidbarang	bigint	bigint	0	medium	sum,count,avg
m_12_pos_special_price	bijml1	double	double	0	medium	avg
m_12_pos_special_price	bijml2	double	double	0	medium	avg
m_12_pos_special_price	bicustomint1	int	int	0	medium	sum,count,avg
m_12_pos_special_price	bicustomint2	int	int	0	medium	sum,count,avg
m_12_pos_special_price	bicustomint3	int	int	0	medium	sum,count,avg
m_12_pos_special_price	bicustomdbl1	double	double	0	medium	avg
m_12_pos_special_price	bicustomdbl2	double	double	0	medium	avg
m_12_pos_special_price	bicustomdbl3	double	double	0	medium	avg
m_12_pos_special_price_detail	idbidetail	bigint	bigint	0	medium	sum,count,avg
m_12_pos_special_price_detail	idbi	bigint	bigint	0	medium	sum,count,avg
m_12_pos_special_price_detail	idbarang	bigint	bigint	0	medium	sum,count,avg
m_12_pos_special_price_detail	harga	double	double	0	medium	avg
m_12_pos_special_price_detail	customint1	int	int	0	medium	sum,count,avg
m_12_pos_special_price_detail	customint2	int	int	0	medium	sum,count,avg
m_12_pos_special_price_detail	customint3	int	int	0	medium	sum,count,avg
m_12_pos_special_price_detail	customdbl1	double	double	0	medium	avg
m_12_pos_special_price_detail	customdbl2	double	double	0	medium	avg
m_12_pos_special_price_detail	customdbl3	double	double	0	medium	avg
m_12_pos_special_price_special_item	idbiitem	int	int	0	medium	sum,count,avg
m_12_pos_special_price_special_item	idbi	int	int	0	medium	sum,count,avg
m_12_pos_special_price_special_item	idbarang	int	int	0	medium	sum,count,avg
m_12_pos_special_price_special_item	customint1	int	int	0	medium	sum,count,avg
m_12_pos_special_price_special_item	customint2	int	int	0	medium	sum,count,avg
m_12_pos_special_price_special_item	customint3	int	int	0	medium	sum,count,avg
m_12_pos_special_price_special_item	customdbl1	double	double	0	medium	avg
m_12_pos_special_price_special_item	customdbl2	double	double	0	medium	avg
m_12_pos_special_price_special_item	customdbl3	double	double	0	medium	avg
m_12_pos_substitution_item	siid	bigint	bigint	0	medium	sum,count,avg
m_12_pos_substitution_item	siidbarang	bigint	bigint	0	medium	sum,count,avg
m_12_pos_substitution_item	sijml1	double	double	0	medium	avg
m_12_pos_substitution_item	sijml2	double	double	0	medium	avg
m_12_pos_substitution_item	sicustomint1	int	int	0	medium	sum,count,avg
m_12_pos_substitution_item	sicustomint2	int	int	0	medium	sum,count,avg
m_12_pos_substitution_item	sicustomint3	int	int	0	medium	sum,count,avg
m_12_pos_substitution_item	sicustomdbl1	double	double	0	medium	avg
m_12_pos_substitution_item	sicustomdbl2	double	double	0	medium	avg
m_12_pos_substitution_item	sicustomdbl3	double	double	0	medium	avg
m_12_pos_substitution_item_detail	idsidetail	bigint	bigint	0	medium	sum,count,avg
m_12_pos_substitution_item_detail	idsi	bigint	bigint	0	medium	sum,count,avg
m_12_pos_substitution_item_detail	idbarang	bigint	bigint	0	medium	sum,count,avg
m_12_pos_substitution_item_detail	jml	double	double	0	medium	avg
m_12_pos_substitution_item_detail	customint1	int	int	0	medium	sum,count,avg
m_12_pos_substitution_item_detail	customint2	int	int	0	medium	sum,count,avg
m_12_pos_substitution_item_detail	customint3	int	int	0	medium	sum,count,avg
m_12_pos_substitution_item_detail	customdbl1	double	double	0	medium	avg
m_12_pos_substitution_item_detail	customdbl2	double	double	0	medium	avg
m_12_pos_substitution_item_detail	customdbl3	double	double	0	medium	avg
m_12_pos_type_class_product_history	idhistory	bigint	bigint	0	medium	sum,count,avg
m_12_pos_type_history	ptidhistory	bigint	bigint	0	medium	sum,count,avg
m_12_pos_type_history	ptinputuser	bigint	bigint	0	medium	sum,count,avg
m_12_pos_type_history	ptmodifikasiuser	bigint	bigint	0	medium	sum,count,avg
m_12_pos_type_history	ptcustomint1	int	int	0	medium	sum,count,avg
m_12_pos_type_history	ptcustomint2	int	int	0	medium	sum,count,avg
m_12_pos_type_history	ptcustomint3	int	int	0	medium	sum,count,avg
m_12_pos_type_history	ptcustomdbl1	double	double	0	medium	avg
m_12_pos_type_history	ptcustomdbl2	double	double	0	medium	avg
m_12_pos_type_history	ptcustomdbl3	double	double	0	medium	avg
m_12_pos_voucher_in	viid	bigint	bigint	0	medium	sum,count,avg
m_12_pos_voucher_in	vijml	double	double	0	medium	avg
m_12_pos_voucher_in	vijmlvalas	double	double	0	medium	avg
m_12_pos_voucher_in	vijmlbayar	double	double	0	medium	avg
m_12_pos_voucher_in	vijmlbayarvalas	double	double	0	medium	avg
m_12_pos_voucher_in	vicustomdbl1	double	double	0	medium	avg
m_12_pos_voucher_in	vicustomdbl2	double	double	0	medium	avg
m_12_pos_voucher_in	vicustomdbl3	double	double	0	medium	avg
m_12_pos_voucher_out	void	bigint	bigint	0	medium	sum,count,avg
m_12_pos_voucher_out	voidvi	bigint	bigint	0	medium	sum,count,avg
m_12_pos_voucher_out	voidtransaksi	bigint	bigint	0	medium	sum,count,avg
m_12_pos_voucher_out	vojmlbayar	double	double	0	medium	avg
m_12_pos_voucher_out	vojmlbayarvalas	double	double	0	medium	avg
m_12_ppa	ppaid	bigint	bigint	0	medium	sum,count,avg
m_12_ppa	ppakodepa	bigint	bigint	0	medium	sum,count,avg
m_12_ppa	ppabagianppa	bigint	bigint	0	medium	sum,count,avg
m_12_ppa	ppakurs	double	double	0	medium	avg
m_12_ppa	ppajmlrevisi	int	int	0	medium	sum,count,avg
m_12_ppa	ppainputuser	bigint	bigint unsigned	0	medium	sum,count,avg
m_12_ppa	ppamodifikasiuser	bigint	bigint unsigned	0	medium	sum,count,avg
m_12_ppa	ppacustomint1	int	int	0	medium	sum,count,avg
m_12_ppa	ppacustomint2	int	int	0	medium	sum,count,avg
m_12_ppa	ppacustomint3	int	int	0	medium	sum,count,avg
m_12_ppa	ppacustomdbl1	double	double	0	medium	avg
m_12_ppa	ppacustomdbl2	double	double	0	medium	avg
m_12_ppa	ppacustomdbl3	double	double	0	medium	avg
m_12_ppa_detail	idppadetail	bigint	bigint	0	medium	sum,count,avg
m_12_ppa_detail	idppa	bigint	bigint	0	medium	sum,count,avg
m_12_ppa_detail	idbarang	bigint	bigint	0	medium	sum,count,avg
m_12_ppa_detail	kurs	double	double	0	medium	avg
m_12_ppa_detail	hargabeli	double	double	0	medium	avg
m_12_ppa_detail	margin1	double	double	0	medium	avg
m_12_ppa_detail	margin2	double	double	0	medium	avg
m_12_ppa_detail	margin3	double	double	0	medium	avg
m_12_ppa_detail	margin4	double	double	0	medium	avg
m_12_ppa_detail	margin5	double	double	0	medium	avg
m_12_ppa_detail	hargajual1lama	double	double	0	medium	avg
m_12_ppa_detail	hargajual2lama	double	double	0	medium	avg
m_12_ppa_detail	hargajual3lama	double	double	0	medium	avg
m_12_ppa_detail	hargajual4lama	double	double	0	medium	avg
m_12_ppa_detail	hargajual5lama	double	double	0	medium	avg
m_12_ppa_detail	hargajual1	double	double	0	medium	avg
m_12_ppa_detail	hargajual2	double	double	0	medium	avg
m_12_ppa_detail	hargajual3	double	double	0	medium	avg
m_12_ppa_detail	hargajual4	double	double	0	medium	avg
m_12_ppa_detail	hargajual5	double	double	0	medium	avg
m_12_ppa_detail	stokminimallama	double	double	0	medium	avg
m_12_ppa_detail	stokmaksimallama	double	double	0	medium	avg
m_12_ppa_detail	stokreorderlama	double	double	0	medium	avg
m_12_ppa_detail	stokminorderlama	double	double	0	medium	avg
m_12_ppa_detail	stokminimal	double	double	0	medium	avg
m_12_ppa_detail	stokmaksimal	double	double	0	medium	avg
m_12_ppa_detail	stokreorder	double	double	0	medium	avg
m_12_ppa_detail	stokminorder	double	double	0	medium	avg
m_12_ppa_detail	urutan	int	int	0	medium	sum,count,avg
m_12_ppa_detail	statusberlaku	int	int	0	medium	sum,count,avg
m_12_ppa_detail	customdbl1	double	double	0	medium	avg
m_12_ppa_detail	customdbl2	double	double	0	medium	avg
m_12_ppa_detail	customdbl3	double	double	0	medium	avg
m_12_ppa_detail_history	idhistorydetail	int	int	0	medium	sum,count,avg
m_12_ppa_detail_history	idhistory	int	int	0	medium	sum,count,avg
m_12_ppa_detail_history	idpadetail	bigint	bigint	0	medium	sum,count,avg
m_12_ppa_detail_history	idpa	bigint	bigint	0	medium	sum,count,avg
m_12_ppa_detail_history	idbarang	bigint	bigint	0	medium	sum,count,avg
m_12_ppa_detail_history	nilaisatuan	double	double	0	medium	avg
m_12_ppa_detail_history	kurs	double	double	0	medium	avg
m_12_ppa_detail_history	hargajual1lama	double	double	0	medium	avg
m_12_ppa_detail_history	hargajual2lama	double	double	0	medium	avg
m_12_ppa_detail_history	hargajual3lama	double	double	0	medium	avg
m_12_ppa_detail_history	hargajual4lama	double	double	0	medium	avg
m_12_ppa_detail_history	hargajual5lama	double	double	0	medium	avg
m_12_ppa_detail_history	hargajual1	double	double	0	medium	avg
m_12_ppa_detail_history	hargajual2	double	double	0	medium	avg
m_12_ppa_detail_history	hargajual3	double	double	0	medium	avg
m_12_ppa_detail_history	hargajual4	double	double	0	medium	avg
m_12_ppa_detail_history	hargajual5	double	double	0	medium	avg
m_12_ppa_detail_history	urutan	int	int	0	medium	sum,count,avg
m_12_ppa_detail_history	statusberlaku	int	int	0	medium	sum,count,avg
m_12_ppa_detail_history	customdbl1	double	double	0	medium	avg
m_12_ppa_detail_history	customdbl2	double	double	0	medium	avg
m_12_ppa_detail_history	customdbl3	double	double	0	medium	avg
m_12_ppa_history	paidhistory	int	int	0	medium	sum,count,avg
m_12_ppa_history	paid	bigint	bigint	0	medium	sum,count,avg
m_12_ppa_history	pakodepa	bigint	bigint	0	medium	sum,count,avg
m_12_ppa_history	pabagianpa	bigint	bigint	0	medium	sum,count,avg
m_12_ppa_history	pakurs	double	double	0	medium	avg
m_12_ppa_history	pajmlrevisi	int	int	0	medium	sum,count,avg
m_12_ppa_history	painputuser	bigint	bigint unsigned	0	medium	sum,count,avg
m_12_ppa_history	pamodifikasiuser	bigint	bigint unsigned	0	medium	sum,count,avg
m_12_ppa_history	pacustomint1	int	int	0	medium	sum,count,avg
m_12_ppa_history	pacustomint2	int	int	0	medium	sum,count,avg
m_12_ppa_history	pacustomint3	int	int	0	medium	sum,count,avg
m_12_ppa_history	pacustomdbl1	double	double	0	medium	avg
m_12_ppa_history	pacustomdbl2	double	double	0	medium	avg
m_12_ppa_history	pacustomdbl3	double	double	0	medium	avg
m_12_ppv	ppvid	bigint	bigint	0	medium	sum,count,avg
m_12_ppv	ppvkodepa	bigint	bigint	0	medium	sum,count,avg
m_12_ppv	ppvcustomer	bigint	bigint	0	medium	sum,count,avg
m_12_ppv	ppvbagianpenjualan	bigint	bigint	0	medium	sum,count,avg
m_12_ppv	ppvbagianterima	bigint	bigint	0	medium	sum,count,avg
m_12_ppv	ppvkurs	double	double	0	medium	avg
m_12_ppv	ppvbayar	double	double	0	medium	avg
m_12_ppv	ppvbayarvalas	double	double	0	medium	avg
m_12_ppv	ppvselisihkurs	double	double	0	medium	avg
m_12_ppv	ppvdiskon	double	double	0	medium	avg
m_12_ppv	ppvdiskonvalas	double	double	0	medium	avg
m_12_ppv	ppvdenda	double	double	0	medium	avg
m_12_ppv	ppvdendavalas	double	double	0	medium	avg
m_12_ppv	ppvjmlrevisi	int	int	0	medium	sum,count,avg
m_12_ppv	ppvinputuser	bigint	bigint unsigned	0	medium	sum,count,avg
m_12_ppv	ppvmodifikasiuser	bigint	bigint unsigned	0	medium	sum,count,avg
m_12_ppv	ppvcustomint1	int	int	0	medium	sum,count,avg
m_12_ppv	ppvcustomint2	int	int	0	medium	sum,count,avg
m_12_ppv	ppvcustomint3	int	int	0	medium	sum,count,avg
m_12_ppv	ppvcustomdbl1	double	double	0	medium	avg
m_12_ppv	ppvcustomdbl2	double	double	0	medium	avg
m_12_ppv	ppvcustomdbl3	double	double	0	medium	avg
m_12_ppv_detail	idppvdetail	bigint	bigint	0	medium	sum,count,avg
m_12_ppv_detail	idppv	bigint	bigint	0	medium	sum,count,avg
m_12_ppv_detail	idtransaksi	bigint	bigint	0	medium	sum,count,avg
m_12_ppv_detail	kurs	double	double	0	medium	avg
m_12_ppv_detail	terbayar	double	double	0	medium	avg
m_12_ppv_detail	rencana	double	double	0	medium	avg
m_12_ppv_detail	sisa	double	double	0	medium	avg
m_12_ppv_detail	jmlbayar	double	double	0	medium	avg
m_12_ppv_detail	jmlbayarvalas	double	double	0	medium	avg
m_12_ppv_detail	jmldiskon	double	double	0	medium	avg
m_12_ppv_detail	jmldiskonvalas	double	double	0	medium	avg
m_12_ppv_detail	urutan	int	int	0	medium	sum,count,avg
m_12_ppv_detail	customdbl1	double	double	0	medium	avg
m_12_ppv_detail	customdbl2	double	double	0	medium	avg
m_12_ppv_detail	customdbl3	double	double	0	medium	avg
m_12_ppv_pay	idppvcarabayar	bigint	bigint	0	medium	sum,count,avg
m_12_ppv_pay	idppv	bigint	bigint	0	medium	sum,count,avg
m_12_ppv_pay	kurs	double	double	0	medium	avg
m_12_ppv_pay	jumlah	double	double	0	medium	avg
m_12_ppv_pay	jumlahvalas	double	double	0	medium	avg
m_12_ppv_pay	urutan	int	int	0	medium	sum,count,avg
m_12_sbi	sbiid	int	int	0	medium	sum,count,avg
m_12_sbi	sbikodepa	bigint	bigint	0	medium	sum,count,avg
m_12_sbi	sbikontak	bigint	bigint	0	medium	sum,count,avg
m_12_sbi	sbijmlrevisi	int	int	0	medium	sum,count,avg
m_12_sbi	sbiisclose	int	int	0	medium	sum,count,avg
m_12_sbi	sbiinputuser	bigint	bigint	0	medium	sum,count,avg
m_12_sbi	sbimodifikasiuser	bigint	bigint	0	medium	sum,count,avg
m_12_sbi	sbicustomint1	int	int	0	medium	sum,count,avg
m_12_sbi	sbicustomint2	int	int	0	medium	sum,count,avg
m_12_sbi	sbicustomint3	int	int	0	medium	sum,count,avg
m_12_sbi	sbicustomdbl1	double	double	0	medium	avg
m_12_sbi	sbicustomdbl2	double	double	0	medium	avg
m_12_sbi	sbicustomdbl3	double	double	0	medium	avg
m_12_sbi_detail	idsbidetail	bigint	bigint	0	medium	sum,count,avg
m_12_sbi_detail	idsbi	bigint	bigint	0	medium	sum,count,avg
m_12_sbi_detail	idbarang	bigint	bigint	0	medium	sum,count,avg
m_12_sbi_detail	jml1	double	double	0	medium	avg
m_12_sbi_detail	jml2	double	double	0	medium	avg
m_12_sbi_detail	urutan	bigint	bigint	0	medium	sum,count,avg
m_12_sbi_detail	customint1	int	int	0	medium	sum,count,avg
m_12_sbi_detail	customint2	int	int	0	medium	sum,count,avg
m_12_sbi_detail	customint3	int	int	0	medium	sum,count,avg
m_12_sbi_detail	customdbl1	double	double	0	medium	avg
m_12_sbi_detail	customdbl2	double	double	0	medium	avg
m_12_sbi_detail	customdbl3	double	double	0	medium	avg
m_12_sbi_substitution	idsubstitution	bigint	bigint	0	medium	sum,count,avg
m_12_sbi_substitution	idsbi	bigint	bigint	0	medium	sum,count,avg
m_12_sbi_substitution	idsbidetail	bigint	bigint	0	medium	sum,count,avg
m_12_sbi_substitution	idbarang	bigint	bigint	0	medium	sum,count,avg
m_12_sbi_substitution	jml	double	double	0	medium	avg
m_12_sbi_substitution	urutan	bigint	bigint	0	medium	sum,count,avg
m_12_sbi_substitution	customint1	int	int	0	medium	sum,count,avg
m_12_sbi_substitution	customint2	int	int	0	medium	sum,count,avg
m_12_sbi_substitution	customint3	int	int	0	medium	sum,count,avg
m_12_sbi_substitution	customdbl1	double	double	0	medium	avg
m_12_sbi_substitution	customdbl2	double	double	0	medium	avg
m_12_sbi_substitution	customdbl3	double	double	0	medium	avg
m_12_st	stid	int	int	0	medium	sum,count,avg
m_12_st	stkodepa	bigint	bigint	0	medium	sum,count,avg
m_12_st	stkontak	bigint	bigint	0	medium	sum,count,avg
m_12_st	stjmlrevisi	int	int	0	medium	sum,count,avg
m_12_st	stisclose	int	int	0	medium	sum,count,avg
m_12_st	stinputuser	bigint	bigint	0	medium	sum,count,avg
m_12_st	stmodifikasiuser	bigint	bigint	0	medium	sum,count,avg
m_12_st	stcustomint1	int	int	0	medium	sum,count,avg
m_12_st	stcustomint2	int	int	0	medium	sum,count,avg
m_12_st	stcustomint3	int	int	0	medium	sum,count,avg
m_12_st	stcustomdbl1	double	double	0	medium	avg
m_12_st	stcustomdbl2	double	double	0	medium	avg
m_12_st	stcustomdbl3	double	double	0	medium	avg
m_12_st_detail	idstdetail	bigint	bigint	0	medium	sum,count,avg
m_12_st_detail	idst	bigint	bigint	0	medium	sum,count,avg
m_12_st_detail	idbarang	bigint	bigint	0	medium	sum,count,avg
m_12_st_detail	jml1	double	double	0	medium	avg
m_12_st_detail	jml2	double	double	0	medium	avg
m_12_st_detail	urutan	bigint	bigint	0	medium	sum,count,avg
m_12_st_detail	customint1	int	int	0	medium	sum,count,avg
m_12_st_detail	customint2	int	int	0	medium	sum,count,avg
m_12_st_detail	customint3	int	int	0	medium	sum,count,avg
m_12_st_detail	customdbl1	double	double	0	medium	avg
m_12_st_detail	customdbl2	double	double	0	medium	avg
m_12_st_detail	customdbl3	double	double	0	medium	avg
m_12_st_detail_history	idhistorydetail	bigint	bigint	0	medium	sum,count,avg
m_12_st_detail_history	idhistory	bigint	bigint	0	medium	sum,count,avg
m_12_st_detail_history	iddidetail	bigint	bigint	0	medium	sum,count,avg
m_12_st_detail_history	iddi	bigint	bigint	0	medium	sum,count,avg
m_12_st_detail_history	idbarang	bigint	bigint	0	medium	sum,count,avg
m_12_st_detail_history	jml1	double	double	0	medium	avg
m_12_st_detail_history	jml2	double	double	0	medium	avg
m_12_st_detail_history	kriteria	int	int	0	medium	sum,count,avg
m_12_st_detail_history	urutan	bigint	bigint	0	medium	sum,count,avg
m_12_st_detail_history	customint1	int	int	0	medium	sum,count,avg
m_12_st_detail_history	customint2	int	int	0	medium	sum,count,avg
m_12_st_detail_history	customint3	int	int	0	medium	sum,count,avg
m_12_st_detail_history	customdbl1	double	double	0	medium	avg
m_12_st_detail_history	customdbl2	double	double	0	medium	avg
m_12_st_detail_history	customdbl3	double	double	0	medium	avg
m_12_st_history	diidhistory	bigint	bigint	0	medium	sum,count,avg
m_12_st_history	diid	int	int	0	medium	sum,count,avg
m_12_st_history	dikodepa	bigint	bigint	0	medium	sum,count,avg
m_12_st_history	dikontak	bigint	bigint	0	medium	sum,count,avg
m_12_st_history	dijmlrevisi	int	int	0	medium	sum,count,avg
m_12_st_history	diisclose	int	int	0	medium	sum,count,avg
m_12_st_history	diinputuser	bigint	bigint	0	medium	sum,count,avg
m_12_st_history	dimodifikasiuser	bigint	bigint	0	medium	sum,count,avg
m_12_st_history	dicustomint1	int	int	0	medium	sum,count,avg
m_12_st_history	dicustomint2	int	int	0	medium	sum,count,avg
m_12_st_history	dicustomint3	int	int	0	medium	sum,count,avg
m_12_st_history	dicustomdbl1	double	double	0	medium	avg
m_12_st_history	dicustomdbl2	double	double	0	medium	avg
m_12_st_history	dicustomdbl3	double	double	0	medium	avg
m_coba	no	int	int	0	medium	sum,count,avg
meetingagendarelevant	AgendaRelevantId	int	int	0	medium	sum,count,avg
meetingagendarelevant	AgendaId	int	int	0	medium	sum,count,avg
meetingagendarelevant	ContactId	int	int	0	medium	sum,count,avg
meetingagendatypes	AgendaTypeId	int	int	0	medium	sum,count,avg
meetingdecisionrelevant	DecisionRelevantId	int	int	0	medium	sum,count,avg
meetingdecisionrelevant	DecisionId	int	int	0	medium	sum,count,avg
meetingdecisionrelevant	ContactId	int	int	0	medium	sum,count,avg
meetingdecisions	DecisionId	int	int	0	medium	sum,count,avg
meetingdecisions	MeetingId	int	int	0	medium	sum,count,avg
meetingdecisions	AgendaId	int	int	0	medium	sum,count,avg
meetingdecisions	DecisionNumber	int	int	0	medium	sum,count,avg
meetingdecisions	ResponsibleContactId	int	int	0	medium	sum,count,avg
meetingdecisions	ResolutionStatus	int	int	0	medium	sum,count,avg
meetinglocations	LocationId	int	int	0	medium	sum,count,avg
meetinglocations	Latitude	decimal	decimal(14,6)	0	medium	avg
meetinglocations	Longitude	decimal	decimal(14,6)	0	medium	avg
meetings	MeetingId	int	int	0	medium	sum,count,avg
meetings	MeetingTypeId	int	int	0	medium	sum,count,avg
meetings	LocationId	int	int	0	medium	sum,count,avg
meetings	UnitId	int	int	0	medium	sum,count,avg
meetings	OrganizerContactId	int	int	0	medium	sum,count,avg
meetings	ReporterContactId	int	int	0	medium	sum,count,avg
meetings	InsertUserId	int	int	0	medium	sum,count,avg
meetings	UpdateUserId	int	int	0	medium	sum,count,avg
meetingtypes	MeetingTypeId	int	int	0	medium	sum,count,avg
quotes	id	int	int unsigned	0	medium	sum,count,avg
rk_tmp	rkid	bigint	bigint	0	medium	sum,count,avg
rk_tmp	rkkodepa	bigint	bigint	0	medium	sum,count,avg
rk_tmp	rkkontak	bigint	bigint	0	medium	sum,count,avg
rk_tmp	rkbagianterima	bigint	bigint	0	medium	sum,count,avg
rk_tmp	rkkurs	double	double	0	medium	avg
rk_tmp	rkjumlah	double	double	0	medium	avg
rk_tmp	rkjumlahvalas	double	double	0	medium	avg
rk_tmp	rkjumlahbayar	double	double	0	medium	avg
rk_tmp	rkjumlahbayarvalas	double	double	0	medium	avg
rk_tmp	rkjmlrevisi	int	int	0	medium	sum,count,avg
rk_tmp	rkinputuser	bigint	bigint	0	medium	sum,count,avg
rk_tmp	rkmodifikasiuser	bigint	bigint	0	medium	sum,count,avg
rk_tmp	rkisclose	int	int	0	medium	sum,count,avg
rk_tmp	rkcustomint1	int	int	0	medium	sum,count,avg
rk_tmp	rkcustomint2	int	int	0	medium	sum,count,avg
rk_tmp	rkcustomint3	int	int	0	medium	sum,count,avg
rk_tmp	rkcustomdbl1	double	double	0	medium	avg
rk_tmp	rkcustomdbl2	double	double	0	medium	avg
rk_tmp	rkcustomdbl3	double	double	0	medium	avg
rk_tmp	rkidkj	bigint	bigint	0	medium	sum,count,avg
rk_tmp	rkkategori	int	int	0	medium	sum,count,avg
ro_tmp	roid	bigint	bigint	0	medium	sum,count,avg
ro_tmp	rokodepa	bigint	bigint	0	medium	sum,count,avg
ro_tmp	rocustomer	bigint	bigint	0	medium	sum,count,avg
ro_tmp	roidkj	bigint	bigint	0	medium	sum,count,avg
ro_tmp	rojmlrevisi	int	int	0	medium	sum,count,avg
ro_tmp	roinputuser	bigint	bigint unsigned	0	medium	sum,count,avg
ro_tmp	romodifikasiuser	bigint	bigint unsigned	0	medium	sum,count,avg
ro_tmp	rocustomint1	int	int	0	medium	sum,count,avg
ro_tmp	rocustomint2	int	int	0	medium	sum,count,avg
ro_tmp	rocustomint3	int	int	0	medium	sum,count,avg
ro_tmp	rocustomint4	int	int	0	medium	sum,count,avg
ro_tmp	rocustomint5	int	int	0	medium	sum,count,avg
ro_tmp	rocustomint6	int	int	0	medium	sum,count,avg
ro_tmp	rocustomint7	int	int	0	medium	sum,count,avg
ro_tmp	rocustomint8	int	int	0	medium	sum,count,avg
ro_tmp	rocustomint9	int	int	0	medium	sum,count,avg
ro_tmp	rocustomint10	int	int	0	medium	sum,count,avg
ro_tmp	rocustomint11	int	int	0	medium	sum,count,avg
ro_tmp	rocustomint12	int	int	0	medium	sum,count,avg
ro_tmp	rocustomint13	int	int	0	medium	sum,count,avg
ro_tmp	rocustomint14	int	int	0	medium	sum,count,avg
ro_tmp	rocustomint15	int	int	0	medium	sum,count,avg
ro_tmp	rocustomint16	int	int	0	medium	sum,count,avg
ro_tmp	rocustomint17	int	int	0	medium	sum,count,avg
ro_tmp	rocustomint18	int	int	0	medium	sum,count,avg
ro_tmp	rocustomint19	int	int	0	medium	sum,count,avg
ro_tmp	rocustomint20	int	int	0	medium	sum,count,avg
ro_tmp	rocustomdbl1	double	double	0	medium	avg
ro_tmp	rocustomdbl2	double	double	0	medium	avg
ro_tmp	rocustomdbl3	double	double	0	medium	avg
ro_tmp	rocustomdbl4	double	double	0	medium	avg
ro_tmp	rocustomdbl5	double	double	0	medium	avg
ro_tmp	rocustomdbl6	double	double	0	medium	avg
ro_tmp	rocustomdbl7	double	double	0	medium	avg
ro_tmp	rocustomdbl8	double	double	0	medium	avg
ro_tmp	rocustomdbl9	double	double	0	medium	avg
ro_tmp	rocustomdbl10	double	double	0	medium	avg
ro_tmp	rocustomdbl11	double	double	0	medium	avg
ro_tmp	rocustomdbl12	double	double	0	medium	avg
ro_tmp	rocustomdbl13	double	double	0	medium	avg
ro_tmp	rocustomdbl14	double	double	0	medium	avg
ro_tmp	rocustomdbl15	double	double	0	medium	avg
ro_tmp	rocustomdbl16	double	double	0	medium	avg
ro_tmp	rocustomdbl17	double	double	0	medium	avg
ro_tmp	rocustomdbl18	double	double	0	medium	avg
ro_tmp	rocustomdbl19	double	double	0	medium	avg
ro_tmp	rocustomdbl20	double	double	0	medium	avg
ro_tmp	rokurs	double	double	0	medium	avg
ro_tmp	ropetugas	bigint	bigint	0	medium	sum,count,avg
temp_barang	hpp	double	double	0	medium	avg
temp_barang	hargajual	double	double	0	medium	avg
term_hierarchy_backup	tid	int	int	0	medium	sum,count,avg
term_hierarchy_backup	trow	int	int	0	medium	sum,count,avg
test	bid	bigint	bigint	0	medium	sum,count,avg
test	bjenisdetail	int	int	0	medium	sum,count,avg
test	bnilaisatuan	double	double	0	medium	avg
test	bnilaisatuandefault	double	double	0	medium	avg
test	bsubitemdari	bigint	bigint	0	medium	sum,count,avg
test	bsuplier	bigint	bigint unsigned	0	medium	sum,count,avg
test	bstokminimal	double	double	0	medium	avg
test	bstokmaksimal	double	double	0	medium	avg
test	breorder	double	double	0	medium	avg
test	bjmlorderbeli	double	double	0	medium	avg
test	bjmlorderjual	double	double	0	medium	avg
test	bhargabeli	double	double	0	medium	avg
test	bhppaverage	double	double	0	medium	avg
test	bhargajual1	double	double	0	medium	avg
test	bhargajual2	double	double	0	medium	avg
test	bhargajual3	double	double	0	medium	avg
test	bhargajual4	double	double	0	medium	avg
test	bhargajual5	double	double	0	medium	avg
test	bstok	double	double	0	medium	avg
test	bkomisi	double	double	0	medium	avg
test	bmarginminimal	double	double	0	medium	avg
test	bapanjang	double	double	0	medium	avg
test	balebar	double	double	0	medium	avg
test	batinggi	double	double	0	medium	avg
test	bavolume	double	double	0	medium	avg
test	baberat	double	double	0	medium	avg
test	bpengganti	bigint	bigint	0	medium	sum,count,avg
test	burutan	bigint	bigint	0	medium	sum,count,avg
test	bcustom11	int	int	0	medium	sum,count,avg
test	bcustom12	int	int	0	medium	sum,count,avg
test	bcustom13	int	int	0	medium	sum,count,avg
test	bcustom14	double	double	0	medium	avg
test	bcustom15	double	double	0	medium	avg
test	binputuser	bigint	bigint	0	medium	sum,count,avg
test	bmodifikasiuser	bigint	bigint	0	medium	sum,count,avg
0_updatehpp	qty	double	double(255,0)	4030	high	sum,avg
0_saldoawal	qty	double	double	1284	high	sum,avg
m0_hppaverage	saldojml	double	double	747	high	sum,avg,min,max
m0_hppaverage	saldohpp	double	double	747	high	sum,avg,min,max
m0_hppaverage	saldonilai	double	double	747	high	sum,avg,min,max
m1_item_transaction	saldojml	double	double	730	high	sum,avg,min,max
m1_item_transaction	saldohpp	double	double	730	high	sum,avg,min,max
m1_item_transaction	saldonilai	double	double	730	high	sum,avg,min,max
0_so_update	qty	double	double	415	high	sum,avg
m1_coa	csaldoawal	double	double	409	high	sum,avg,min,max
m1_coa	csaldoberjalan	double	double	409	high	sum,avg,min,max
m1_coa_copy1	csaldoawal	double	double	246	high	sum,avg,min,max
m1_coa_copy1	csaldoberjalan	double	double	246	high	sum,avg,min,max
m1_item_transaction_history	saldojml	double	double	207	high	sum,avg,min,max
m1_item_transaction_history	saldohpp	double	double	207	high	sum,avg,min,max
m1_item_transaction_history	saldonilai	double	double	207	high	sum,avg,min,max
m4_po	pototal	double	double	146	high	sum,avg,min,max
m4_po	pototalpajak1detail	double	double	146	high	sum,avg,min,max
m4_po	pototalpajak2detail	double	double	146	high	sum,avg,min,max
m4_po	pototaltransaksi	double	double	146	high	sum,avg,min,max
m5_ic_detail_history	totaltransaksi	double	double	139	high	sum,avg,min,max
m4_grn_history	grntotal	double	double	118	high	sum,avg,min,max
m4_grn_history	grntotalpajak1detail	double	double	118	high	sum,avg,min,max
m4_grn_history	grntotalpajak2detail	double	double	118	high	sum,avg,min,max
m4_grn_history	grntotaltransaksi	double	double	118	high	sum,avg,min,max
m4_vp_detail_history	totaltransaksi	double	double	115	high	sum,avg,min,max
m4_po_history	pototal	double	double	114	high	sum,avg,min,max
m4_po_history	pototalpajak1detail	double	double	114	high	sum,avg,min,max
m4_po_history	pototalpajak2detail	double	double	114	high	sum,avg,min,max
m4_po_history	pototaltransaksi	double	double	114	high	sum,avg,min,max
m5_si_detail	hargapricelist	double	double	109	high	sum,avg,min,max
m4_vp_detail	totaltransaksi	double	double	97	high	sum,avg,min,max
m4_grn	grntotal	double	double	96	high	sum,avg,min,max
m4_grn	grntotalpajak1detail	double	double	96	high	sum,avg,min,max
m4_grn	grntotalpajak2detail	double	double	96	high	sum,avg,min,max
m4_grn	grntotaltransaksi	double	double	96	high	sum,avg,min,max
m5_si_history	sitotal	double	double	83	high	sum,avg,min,max
m5_si_history	sitotalpajak1detail	double	double	83	high	sum,avg,min,max
m5_si_history	sitotalpajak2detail	double	double	83	high	sum,avg,min,max
m5_si_history	sitotaltransaksi	double	double	83	high	sum,avg,min,max
m5_si	sitotal	double	double	81	high	sum,avg,min,max
m5_si	sitotalpajak1detail	double	double	81	high	sum,avg,min,max
m5_si	sitotalpajak2detail	double	double	81	high	sum,avg,min,max
m5_si	sitotaltransaksi	double	double	81	high	sum,avg,min,max
m4_pr	prtotal	double	double	80	high	sum,avg,min,max
m4_pr	prtotalpajak1detail	double	double	80	high	sum,avg,min,max
m4_pr	prtotalpajak2detail	double	double	80	high	sum,avg,min,max
m4_pr	prtotaltransaksi	double	double	80	high	sum,avg,min,max
m4_pr_history	prtotal	double	double	76	high	sum,avg,min,max
m4_pr_history	prtotalpajak1detail	double	double	76	high	sum,avg,min,max
m4_pr_history	prtotalpajak2detail	double	double	76	high	sum,avg,min,max
m4_pr_history	prtotaltransaksi	double	double	76	high	sum,avg,min,max
m5_pv_detail	totaltransaksi	double	double	76	high	sum,avg,min,max
m5_si_detail_history	hargapricelist	double	double	73	high	sum,avg,min,max
m4_vpp_detail_history	totaltransaksi	double	double	67	high	sum,avg,min,max
m5_ic_detail	totaltransaksi	double	double	67	high	sum,avg,min,max
m4_ri	ritotal	double	double	63	high	sum,avg,min,max
m4_ri	ritotalpajak1detail	double	double	63	high	sum,avg,min,max
m4_ri	ritotalpajak2detail	double	double	63	high	sum,avg,min,max
m4_ri	ritotaltransaksi	double	double	63	high	sum,avg,min,max
m4_ri_history	ritotal	double	double	61	high	sum,avg,min,max
m4_ri_history	ritotalpajak1detail	double	double	61	high	sum,avg,min,max
m4_ri_history	ritotalpajak2detail	double	double	61	high	sum,avg,min,max
m4_ri_history	ritotaltransaksi	double	double	61	high	sum,avg,min,max
m5_so	sototal	double	double	54	high	sum,avg,min,max
m5_so	sototalpajak1detail	double	double	54	high	sum,avg,min,max
m5_so	sototalpajak2detail	double	double	54	high	sum,avg,min,max
m5_so	sototaltransaksi	double	double	54	high	sum,avg,min,max
m5_ic_history	ictotalap	double	double	52	high	sum,avg,min,max
m5_ic_history	ictotalapvalas	double	double	52	high	sum,avg,min,max
m5_ic_history	ictotalar	double	double	52	high	sum,avg,min,max
m5_ic_history	ictotalarvalas	double	double	52	high	sum,avg,min,max
m5_pv_detail_history	totaltransaksi	double	double	51	high	sum,avg,min,max
m4_vpp_detail	totaltransaksi	double	double	48	high	sum,avg,min,max
m5_so_history	sototal	double	double	45	high	sum,avg,min,max
m5_so_history	sototalpajak1detail	double	double	45	high	sum,avg,min,max
m5_so_history	sototalpajak2detail	double	double	45	high	sum,avg,min,max
m5_so_history	sototaltransaksi	double	double	45	high	sum,avg,min,max
m6_pdr_history	pdrtotalhargain	double	double	45	high	sum,avg,min,max
m6_pdr_history	pdrtotalhargaout	double	double	45	high	sum,avg,min,max
m6_pdr_history	pdrtotalhppin	double	double	45	high	sum,avg,min,max
m6_pdr_history	pdrtotalhppout	double	double	45	high	sum,avg,min,max
m5_sq	sqtotal	double	double	44	high	sum,avg,min,max
m5_sq	sqtotalpajak1detail	double	double	44	high	sum,avg,min,max
m5_sq	sqtotalpajak2detail	double	double	44	high	sum,avg,min,max
m5_sq	sqtotaltransaksi	double	double	44	high	sum,avg,min,max
m6_bom_history	bomtotalhargain	double	double	43	high	sum,avg,min,max
m6_bom_history	bomtotalhargaout	double	double	43	high	sum,avg,min,max
m6_bom_history	bomtotalhppin	double	double	43	high	sum,avg,min,max
m6_bom_history	bomtotalhppout	double	double	43	high	sum,avg,min,max
m0_labarugi	lrvalue	int	int	42	high	sum,avg,min,max
m1_contact_history	ktotalpiutang	double	double	41	high	sum,avg,min,max
m1_contact_history	ktotalhutang	double	double	41	high	sum,avg,min,max
m5_do	dototal	double	double	39	high	sum,avg,min,max
m5_do	dototalpajak1detail	double	double	39	high	sum,avg,min,max
m5_do	dototalpajak2detail	double	double	39	high	sum,avg,min,max
m5_do	dototaltransaksi	double	double	39	high	sum,avg,min,max
m4_vp	vptotalap	double	double	38	high	sum,avg,min,max
m4_vp	vptotalapvalas	double	double	38	high	sum,avg,min,max
m4_vp	vptotalar	double	double	38	high	sum,avg,min,max
m4_vp	vptotalarvalas	double	double	38	high	sum,avg,min,max
m4_vp_history	vptotalap	double	double	36	high	sum,avg,min,max
m4_vp_history	vptotalapvalas	double	double	36	high	sum,avg,min,max
m4_vp_history	vptotalar	double	double	36	high	sum,avg,min,max
m4_vp_history	vptotalarvalas	double	double	36	high	sum,avg,min,max
m6_pd_history	pdtotalhargain	double	double	34	high	sum,avg,min,max
m6_pd_history	pdtotalhargaout	double	double	34	high	sum,avg,min,max
m6_pd_history	pdtotalhppin	double	double	34	high	sum,avg,min,max
m6_pd_history	pdtotalhppout	double	double	34	high	sum,avg,min,max
m5_sq_history	sqtotal	double	double	33	high	sum,avg,min,max
m5_sq_history	sqtotalpajak1detail	double	double	33	high	sum,avg,min,max
m5_sq_history	sqtotalpajak2detail	double	double	33	high	sum,avg,min,max
m5_sq_history	sqtotaltransaksi	double	double	33	high	sum,avg,min,max
m4_vpp_history	vpptotalap	double	double	31	high	sum,avg,min,max
m4_vpp_history	vpptotalapvalas	double	double	31	high	sum,avg,min,max
m4_vpp_history	vpptotalar	double	double	31	high	sum,avg,min,max
m4_vpp_history	vpptotalarvalas	double	double	31	high	sum,avg,min,max
m5_do_history	dototal	double	double	30	high	sum,avg,min,max
m5_do_history	dototalpajak1detail	double	double	30	high	sum,avg,min,max
m5_do_history	dototalpajak2detail	double	double	30	high	sum,avg,min,max
m5_do_history	dototaltransaksi	double	double	30	high	sum,avg,min,max
m4_ri_pay_history	totaltransaksi	double	double	29	high	sum,avg,min,max
m5_pi_history	pitotal	double	double	28	high	sum,avg,min,max
m5_pi_history	pitotalpajak1detail	double	double	28	high	sum,avg,min,max
m5_pi_history	pitotalpajak2detail	double	double	28	high	sum,avg,min,max
m5_pi_history	pitotaltransaksi	double	double	28	high	sum,avg,min,max
m6_wo_history	wototalhargain	double	double	28	high	sum,avg,min,max
m6_wo_history	wototalhargaout	double	double	28	high	sum,avg,min,max
m6_wo_history	wototalhppin	double	double	28	high	sum,avg,min,max
m6_wo_history	wototalhppout	double	double	28	high	sum,avg,min,max
m1_contact	ktotalpiutang	double	double	23	high	sum,avg,min,max
m1_contact	ktotalhutang	double	double	23	high	sum,avg,min,max
m4_ri_pay	totaltransaksi	double	double	22	high	sum,avg,min,max
m5_pv	pvtotalap	double	double	22	high	sum,avg,min,max
m5_pv	pvtotalapvalas	double	double	22	high	sum,avg,min,max
m5_pv	pvtotalar	double	double	22	high	sum,avg,min,max
m5_pv	pvtotalarvalas	double	double	22	high	sum,avg,min,max
m6_pd	pdtotalhargain	double	double	22	high	sum,avg,min,max
m6_pd	pdtotalhargaout	double	double	22	high	sum,avg,min,max
m6_pd	pdtotalhppin	double	double	22	high	sum,avg,min,max
m6_pd	pdtotalhppout	double	double	22	high	sum,avg,min,max
m8_indicator	ivalue1	double	double	22	high	sum,avg,min,max
m8_indicator	ivalue2	double	double	22	high	sum,avg,min,max
m8_indicator	ivalue3	double	double	22	high	sum,avg,min,max
m4_vpp	vpptotalap	double	double	21	high	sum,avg,min,max
m4_vpp	vpptotalapvalas	double	double	21	high	sum,avg,min,max
m4_vpp	vpptotalar	double	double	21	high	sum,avg,min,max
m4_vpp	vpptotalarvalas	double	double	21	high	sum,avg,min,max
m5_ic	ictotalap	double	double	21	high	sum,avg,min,max
m5_ic	ictotalapvalas	double	double	21	high	sum,avg,min,max
m5_ic	ictotalar	double	double	21	high	sum,avg,min,max
m5_ic	ictotalarvalas	double	double	21	high	sum,avg,min,max
m4_prt	prttotal	double	double	20	high	sum,avg,min,max
m4_prt	prttotalpajak1detail	double	double	20	high	sum,avg,min,max
m4_prt	prttotalpajak2detail	double	double	20	high	sum,avg,min,max
m4_prt	prttotaltransaksi	double	double	20	high	sum,avg,min,max
m5_pi	pitotal	double	double	20	high	sum,avg,min,max
m5_pi	pitotalpajak1detail	double	double	20	high	sum,avg,min,max
m5_pi	pitotalpajak2detail	double	double	20	high	sum,avg,min,max
m5_pi	pitotaltransaksi	double	double	20	high	sum,avg,min,max
m5_pv_history	pvtotalap	double	double	19	high	sum,avg,min,max
m5_pv_history	pvtotalapvalas	double	double	19	high	sum,avg,min,max
m5_pv_history	pvtotalar	double	double	19	high	sum,avg,min,max
m5_pv_history	pvtotalarvalas	double	double	19	high	sum,avg,min,max
m5_sr_detail	hargapricelist	double	double	19	high	sum,avg,min,max
m6_mrs_history	mrstotalhargain	double	double	19	high	sum,avg,min,max
m6_mrs_history	mrstotalhargaout	double	double	19	high	sum,avg,min,max
m6_mrs_history	mrstotalhppin	double	double	19	high	sum,avg,min,max
m6_mrs_history	mrstotalhppout	double	double	19	high	sum,avg,min,max
m5_sr	srtotal	double	double	18	high	sum,avg,min,max
m5_sr	srtotalpajak1detail	double	double	18	high	sum,avg,min,max
m5_sr	srtotalpajak2detail	double	double	18	high	sum,avg,min,max
m5_sr	srtotaltransaksi	double	double	18	high	sum,avg,min,max
m4_rq	rqtotal	double	double	17	high	sum,avg,min,max
m4_rq	rqtotalpajak1detail	double	double	17	high	sum,avg,min,max
m4_rq	rqtotalpajak2detail	double	double	17	high	sum,avg,min,max
m4_rq	rqtotaltransaksi	double	double	17	high	sum,avg,min,max
m6_wo	wototalhargain	double	double	16	high	sum,avg,min,max
m6_wo	wototalhargaout	double	double	16	high	sum,avg,min,max
m6_wo	wototalhppin	double	double	16	high	sum,avg,min,max
m6_wo	wototalhppout	double	double	16	high	sum,avg,min,max
m1_coa_history	csaldoawal	double	double	14	high	sum,avg,min,max
m1_coa_history	csaldoberjalan	double	double	14	high	sum,avg,min,max
m4_rq_history	rqtotal	double	double	14	high	sum,avg,min,max
m4_rq_history	rqtotalpajak1detail	double	double	14	high	sum,avg,min,max
m4_rq_history	rqtotalpajak2detail	double	double	14	high	sum,avg,min,max
m4_rq_history	rqtotaltransaksi	double	double	14	high	sum,avg,min,max
m5_dr	drtotal	double	double	14	high	sum,avg,min,max
m5_dr	drtotalpajak1detail	double	double	14	high	sum,avg,min,max
m5_dr	drtotalpajak2detail	double	double	14	high	sum,avg,min,max
m5_dr	drtotaltransaksi	double	double	14	high	sum,avg,min,max
m6_mrs	mrstotalhargain	double	double	14	high	sum,avg,min,max
m6_mrs	mrstotalhargaout	double	double	14	high	sum,avg,min,max
m6_mrs	mrstotalhppin	double	double	14	high	sum,avg,min,max
m6_mrs	mrstotalhppout	double	double	14	high	sum,avg,min,max
m6_bom	bomtotalhargain	double	double	12	high	sum,avg,min,max
m6_bom	bomtotalhargaout	double	double	12	high	sum,avg,min,max
m6_bom	bomtotalhppin	double	double	12	high	sum,avg,min,max
m6_bom	bomtotalhppout	double	double	12	high	sum,avg,min,max
m6_pdr	pdrtotalhargain	double	double	11	high	sum,avg,min,max
m6_pdr	pdrtotalhargaout	double	double	11	high	sum,avg,min,max
m6_pdr	pdrtotalhppin	double	double	11	high	sum,avg,min,max
m6_pdr	pdrtotalhppout	double	double	11	high	sum,avg,min,max
m5_pl	pltotal	double	double	10	high	sum,avg,min,max
m5_pl	pltotalpajak1detail	double	double	10	high	sum,avg,min,max
m5_pl	pltotalpajak2detail	double	double	10	high	sum,avg,min,max
m5_pl	pltotaltransaksi	double	double	10	high	sum,avg,min,max
m5_dr_history	drtotal	double	double	9	high	sum,avg,min,max
m5_dr_history	drtotalpajak1detail	double	double	9	high	sum,avg,min,max
m5_dr_history	drtotalpajak2detail	double	double	9	high	sum,avg,min,max
m5_dr_history	drtotaltransaksi	double	double	9	high	sum,avg,min,max
m5_sr_detail_history	hargapricelist	double	double	9	high	sum,avg,min,max
m5_sr_history	srtotal	double	double	9	high	sum,avg,min,max
m5_sr_history	srtotalpajak1detail	double	double	9	high	sum,avg,min,max
m5_sr_history	srtotalpajak2detail	double	double	9	high	sum,avg,min,max
m5_sr_history	srtotaltransaksi	double	double	9	high	sum,avg,min,max
m4_prt_history	prttotal	double	double	8	high	sum,avg,min,max
m4_prt_history	prttotalpajak1detail	double	double	8	high	sum,avg,min,max
m4_prt_history	prttotalpajak2detail	double	double	8	high	sum,avg,min,max
m4_prt_history	prttotaltransaksi	double	double	8	high	sum,avg,min,max
m6_mrn_history	mrntotalhargain	double	double	8	high	sum,avg,min,max
m6_mrn_history	mrntotalhargaout	double	double	8	high	sum,avg,min,max
m6_mrn_history	mrntotalhppin	double	double	8	high	sum,avg,min,max
m6_mrn_history	mrntotalhppout	double	double	8	high	sum,avg,min,max
m5_si_detail_failed	hargapricelist	double	double	7	high	sum,avg,min,max
m5_si_failed	sitotal	double	double	6	high	sum,avg,min,max
m5_si_failed	sitotalpajak1detail	double	double	6	high	sum,avg,min,max
m5_si_failed	sitotalpajak2detail	double	double	6	high	sum,avg,min,max
m5_si_failed	sitotaltransaksi	double	double	6	high	sum,avg,min,max
m5_pl_history	pltotal	double	double	5	high	sum,avg,min,max
m5_pl_history	pltotalpajak1detail	double	double	5	high	sum,avg,min,max
m5_pl_history	pltotalpajak2detail	double	double	5	high	sum,avg,min,max
m5_pl_history	pltotaltransaksi	double	double	5	high	sum,avg,min,max
m6_mrn	mrntotalhargain	double	double	4	high	sum,avg,min,max
m6_mrn	mrntotalhargaout	double	double	4	high	sum,avg,min,max
m6_mrn	mrntotalhppin	double	double	4	high	sum,avg,min,max
m6_mrn	mrntotalhppout	double	double	4	high	sum,avg,min,max
ak_tmp	aktotaltransaksi	double	double	0	high	sum,avg,min,max
ak_tmp	aktotalobat	double	double	0	high	sum,avg,min,max
lb_tmp	lbtotaltransaksi	double	double	0	high	sum,avg,min,max
lu_tmp	lutotaltransaksi	double	double	0	high	sum,avg,min,max
m0_hppsaldo	saldojml	double	double	0	high	sum,avg,min,max
m0_hppsaldo	saldohpp	double	double	0	high	sum,avg,min,max
m0_hppsaldo	saldonilai	double	double	0	high	sum,avg,min,max
m0_si	sitotal	double	double	0	high	sum,avg,min,max
m0_si	sitotalpajak1detail	double	double	0	high	sum,avg,min,max
m0_si	sitotalpajak2detail	double	double	0	high	sum,avg,min,max
m0_si	sitotaltransaksi	double	double	0	high	sum,avg,min,max
m0_si_detail	hargapricelist	double	double	0	high	sum,avg,min,max
m13_py_detail	totaltagihan	double	double	0	high	sum,avg,min,max
m1_contact_copy	ktotalpiutang	double	double	0	high	sum,avg,min,max
m1_contact_copy	ktotalhutang	double	double	0	high	sum,avg,min,max
m2r_anggaran	nmsaldo	double	double	0	high	sum,avg,min,max
m2r_ap_card	apsaldoawal	double	double	0	high	sum,avg,min,max
m2r_ap_card	apsaldoakhir	double	double	0	high	sum,avg,min,max
m2r_ap_card	apissaldoakhir	int	int	0	high	sum,avg,min,max
m2r_ap_card_detail	apsaldoawal	double	double	0	high	sum,avg,min,max
m2r_ap_card_detail	apsaldoakhir	double	double	0	high	sum,avg,min,max
m2r_ap_card_detail	apissaldoakhir	int	int	0	high	sum,avg,min,max
m2r_ap_voucher	aptotal	double	double	0	high	sum,avg,min,max
m2r_ap_voucher	apissaldoakhir	int	int	0	high	sum,avg,min,max
m2r_ap_voucher_aging	aptotal	double	double	0	high	sum,avg,min,max
m2r_ap_voucher_aging	apissaldoakhir	int	int	0	high	sum,avg,min,max
m2r_ap_voucher_aging_detail	aptotal	double	double	0	high	sum,avg,min,max
m2r_ap_voucher_aging_detail	apissaldoakhir	int	int	0	high	sum,avg,min,max
m2r_ap_voucher_detail	aptotal	double	double	0	high	sum,avg,min,max
m2r_ap_voucher_detail	apissaldoakhir	int	int	0	high	sum,avg,min,max
m2r_appostage_card	apsaldoawal	double	double	0	high	sum,avg,min,max
m2r_appostage_card	apsaldoakhir	double	double	0	high	sum,avg,min,max
m2r_appostage_card	apissaldoakhir	int	int	0	high	sum,avg,min,max
m2r_appostage_voucher	aptotal	double	double	0	high	sum,avg,min,max
m2r_appostage_voucher	apissaldoakhir	int	int	0	high	sum,avg,min,max
m2r_ar_card	arsaldoawal	double	double	0	high	sum,avg,min,max
m2r_ar_card	arsaldoakhir	double	double	0	high	sum,avg,min,max
m2r_ar_card	arissaldoakhir	int	int	0	high	sum,avg,min,max
m2r_ar_card_detail	arsaldoawal	double	double	0	high	sum,avg,min,max
m2r_ar_card_detail	arsaldoakhir	double	double	0	high	sum,avg,min,max
m2r_ar_card_detail	arissaldoakhir	int	int	0	high	sum,avg,min,max
m2r_ar_voucher	artotal	double	double	0	high	sum,avg,min,max
m2r_ar_voucher	arissaldoakhir	int	int	0	high	sum,avg,min,max
m2r_ar_voucher_aging	artotal	double	double	0	high	sum,avg,min,max
m2r_ar_voucher_aging	arissaldoakhir	int	int	0	high	sum,avg,min,max
m2r_ar_voucher_aging_detail	artotal	double	double	0	high	sum,avg,min,max
m2r_ar_voucher_aging_detail	arissaldoakhir	int	int	0	high	sum,avg,min,max
m2r_ar_voucher_detail	artotal	double	double	0	high	sum,avg,min,max
m2r_ar_voucher_detail	arissaldoakhir	int	int	0	high	sum,avg,min,max
m2r_arpostage_card	arsaldoawal	double	double	0	high	sum,avg,min,max
m2r_arpostage_card	arsaldoakhir	double	double	0	high	sum,avg,min,max
m2r_arpostage_card	arissaldoakhir	int	int	0	high	sum,avg,min,max
m2r_arpostage_voucher	artotal	double	double	0	high	sum,avg,min,max
m2r_arpostage_voucher	arissaldoakhir	int	int	0	high	sum,avg,min,max
m2r_aruskas	pksaldo	double	double	0	high	sum,avg,min,max
m2r_aruskas	pksaldolalu	double	double	0	high	sum,avg,min,max
m2r_aruskas	pksaldovariasi	double	double	0	high	sum,avg,min,max
m2r_aruskas	pksaldoaruskas	double	double	0	high	sum,avg,min,max
m2r_aruskas	pksaldoawalkas	double	double	0	high	sum,avg,min,max
m2r_bb_divisi	qty1	double	double	0	high	sum,avg
m2r_bb_divisi	qty2	double	double	0	high	sum,avg
m2r_bb_divisi	qty3	double	double	0	high	sum,avg
m2r_bb_divisi	qty4	double	double	0	high	sum,avg
m2r_bb_divisi	qty5	double	double	0	high	sum,avg
m2r_bb_divisi	qty6	double	double	0	high	sum,avg
m2r_bb_divisi	qty7	double	double	0	high	sum,avg
m2r_bp_card	bpsaldoawal	double	double	0	high	sum,avg,min,max
m2r_bp_card	bpsaldoakhir	double	double	0	high	sum,avg,min,max
m2r_bp_card	bpissaldoakhir	int	int	0	high	sum,avg,min,max
m2r_bukubesar_akunlawan	kbhsaldoawal	double	double	0	high	sum,avg,min,max
m2r_bukubesar_akunlawan	kbhsaldomutasi	double	double	0	high	sum,avg,min,max
m2r_bukubesar_akunlawan	kbhsaldoakhir	double	double	0	high	sum,avg,min,max
m2r_cekfifo	saldojml	double	double	0	high	sum,avg,min,max
m2r_cekfifo	saldohpp	double	double	0	high	sum,avg,min,max
m2r_cekfifo	saldonilai	double	double	0	high	sum,avg,min,max
m2r_cekfifo	saldojmlfix	double	double	0	high	sum,avg,min,max
m2r_customer_point	cpsaldoawal	double	double	0	high	sum,avg,min,max
m2r_customer_point	cpsaldo	double	double	0	high	sum,avg,min,max
m2r_general_ledger	glsaldo	double	double	0	high	sum,avg,min,max
m2r_general_ledger_detail	bpsaldoawal	double	double	0	high	sum,avg,min,max
m2r_general_ledger_detail	bpsaldoakhir	double	double	0	high	sum,avg,min,max
m2r_general_ledger_detail	bpissaldoakhir	int	int	0	high	sum,avg,min,max
m2r_giro_voucher	glissaldoakhir	int	int	0	high	sum,avg,min,max
m2r_giro_voucher_aging	glissaldoakhir	int	int	0	high	sum,avg,min,max
m2r_inventory_aging	kssaldojml	double	double	0	high	sum,avg,min,max
m2r_inventory_aging	kssaldohpp	double	double	0	high	sum,avg,min,max
m2r_inventory_aging	kssaldonilai	double	double	0	high	sum,avg,min,max
m2r_ip_card	arsaldoawal	double	double	0	high	sum,avg,min,max
m2r_ip_card	arsaldoakhir	double	double	0	high	sum,avg,min,max
m2r_ip_card	arissaldoakhir	int	int	0	high	sum,avg,min,max
m2r_ip_voucher	artotal	double	double	0	high	sum,avg,min,max
m2r_ip_voucher	arissaldoakhir	int	int	0	high	sum,avg,min,max
m2r_kartu_stok	kssaldojml	double	double	0	high	sum,avg,min,max
m2r_kartu_stok	kssaldohpp	double	double	0	high	sum,avg,min,max
m2r_kartu_stok	kssaldonilai	double	double	0	high	sum,avg,min,max
m2r_kasbank_harian	kbhsaldoawal	double	double	0	high	sum,avg,min,max
m2r_kasbank_harian	kbhsaldomutasi	double	double	0	high	sum,avg,min,max
m2r_kasbank_harian	kbhsaldoakhir	double	double	0	high	sum,avg,min,max
m2r_komisi_limo	totaltransaksi	double	double	0	high	sum,avg,min,max
m2r_komisi_limo	saldo	double	double	0	high	sum,avg,min,max
m2r_komisi_limo	saldo1	double	double	0	high	sum,avg,min,max
m2r_komisi_limo	saldo2	double	double	0	high	sum,avg,min,max
m2r_laba_pertahun	pksaldo	double	double	0	high	sum,avg,min,max
m2r_laba_pertahun	pksaldolalu	double	double	0	high	sum,avg,min,max
m2r_laba_pertahun	pksaldovariasi	double	double	0	high	sum,avg,min,max
m2r_laba_pertahun	pksaldo1	double	double	0	high	sum,avg,min,max
m2r_laba_pertahun	pksaldo2	double	double	0	high	sum,avg,min,max
m2r_laba_pertahun	pksaldo3	double	double	0	high	sum,avg,min,max
m2r_laba_pertahun	pksaldo4	double	double	0	high	sum,avg,min,max
m2r_laba_pertahun	pksaldo5	double	double	0	high	sum,avg,min,max
m2r_laba_pertahun	pksaldo6	double	double	0	high	sum,avg,min,max
m2r_laba_pertahun	pksaldo7	double	double	0	high	sum,avg,min,max
m2r_laba_pertahun	pksaldo8	double	double	0	high	sum,avg,min,max
m2r_laba_pertahun	pksaldo9	double	double	0	high	sum,avg,min,max
m2r_laba_pertahun	pksaldo10	double	double	0	high	sum,avg,min,max
m2r_laba_pertahun	pksaldo11	double	double	0	high	sum,avg,min,max
m2r_laba_pertahun	pksaldo12	double	double	0	high	sum,avg,min,max
m2r_laporan_harian	lhtotal	double	double	0	high	sum,avg,min,max
m2r_laporan_penjualan	totaltransaksi	double	double	0	high	sum,avg,min,max
m2r_laporan_penjualan	totalpenjualan	double	double(50,0)	0	high	sum,avg,min,max
m2r_mutasi_keuangan	mksaldo	double	double	0	high	sum,avg,min,max
m2r_mutasi_stok	mssaldo	double	double	0	high	sum,avg,min,max
m2r_mutasi_stok_detail	mssaldo	double	double	0	high	sum,avg,min,max
m2r_mutasi_stok_rekap	saldoawal	double	double	0	high	sum,avg,min,max
m2r_mutasi_stok_rekap	saldoakhir	double	double	0	high	sum,avg,min,max
m2r_mutasi_stok_sumber	mssaldoawal	double	double	0	high	sum,avg,min,max
m2r_mutasi_stok_sumber	mssaldoakhir	double	double	0	high	sum,avg,min,max
m2r_neraca_mutasi	nmsaldoawal	double	double	0	high	sum,avg,min,max
m2r_neraca_mutasi	nmsaldoakhir	double	double	0	high	sum,avg,min,max
m2r_neraca_mutasi_detail	nmsaldoawal	double	double	0	high	sum,avg,min,max
m2r_neraca_mutasi_detail	nmsaldoakhir	double	double	0	high	sum,avg,min,max
m2r_penjualan	total	double	double	0	high	sum,avg,min,max
m2r_penjualan	sitotalpajak1detail	double	double	0	high	sum,avg,min,max
m2r_penjualan	sitotalpajak2detail	double	double	0	high	sum,avg,min,max
m2r_penjualan	sitotaltransaksi	double	double	0	high	sum,avg,min,max
m2r_penjualan_barang_pertgl	totaltransaksi	double	double(100,0)	0	high	sum,avg,min,max
m2r_penjualan_per4bulan	total	double	double	0	high	sum,avg,min,max
m2r_penjualan_per4bulan	sitotalpajak1detail	double	double	0	high	sum,avg,min,max
m2r_penjualan_per4bulan	sitotalpajak2detail	double	double	0	high	sum,avg,min,max
m2r_penjualan_per4bulan	sitotaltransaksi	double	double	0	high	sum,avg,min,max
m2r_penjualan_per4bulan	qtybulan1	double	double	0	high	sum,avg
m2r_penjualan_per4bulan	qtybulan2	double	double	0	high	sum,avg
m2r_penjualan_per4bulan	qtybulan3	double	double	0	high	sum,avg
m2r_penjualan_per4bulan	qtybulan4	double	double	0	high	sum,avg
m2r_penjualan_perhari_1	totaltransaksi	double	double	0	high	sum,avg,min,max
m2r_perhitungan_insentive	totaltransaksi	double	double	0	high	sum,avg,min,max
m2r_perincian_biaya	pksaldo	double	double	0	high	sum,avg,min,max
m2r_perincian_biaya	pksaldolalu	double	double	0	high	sum,avg,min,max
m2r_perincian_biaya	pksaldovariasi	double	double	0	high	sum,avg,min,max
m2r_perincian_biaya	pksaldovariasipersen	double	double	0	high	sum,avg,min,max
m2r_perincian_biaya	pksaldoawalbulan	double	double	0	high	sum,avg,min,max
m2r_perincian_biaya	pksaldoratarata	double	double	0	high	sum,avg,min,max
m2r_persediaan	psaldoawal	double	double	0	high	sum,avg,min,max
m2r_persediaan	psaldoakhir	double	double	0	high	sum,avg,min,max
m2r_persediaan_detail	pdsaldoawal	double	double	0	high	sum,avg,min,max
m2r_posisi_keuangan	pksaldo	double	double	0	high	sum,avg,min,max
m2r_posisi_keuangan	pksaldolalu	double	double	0	high	sum,avg,min,max
m2r_posisi_keuangan	pksaldovariasi	double	double	0	high	sum,avg,min,max
m2r_posisi_keuangan_detail	pksaldo	double	double	0	high	sum,avg,min,max
m2r_posisi_keuangan_detail	pksaldolalu	double	double	0	high	sum,avg,min,max
m2r_posisi_keuangan_detail	pksaldovariasi	double	double	0	high	sum,avg,min,max
m2r_posisi_keuangan_pertahun	pksaldo	double	double	0	high	sum,avg,min,max
m2r_posisi_keuangan_pertahun	pksaldolalu	double	double	0	high	sum,avg,min,max
m2r_posisi_keuangan_pertahun	pksaldovariasi	double	double	0	high	sum,avg,min,max
m2r_posisi_keuangan_pertahun	pksaldo1	double	double	0	high	sum,avg,min,max
m2r_posisi_keuangan_pertahun	pksaldo2	double	double	0	high	sum,avg,min,max
m2r_posisi_keuangan_pertahun	pksaldo3	double	double	0	high	sum,avg,min,max
m2r_posisi_keuangan_pertahun	pksaldo4	double	double	0	high	sum,avg,min,max
m2r_posisi_keuangan_pertahun	pksaldo5	double	double	0	high	sum,avg,min,max
m2r_posisi_keuangan_pertahun	pksaldo6	double	double	0	high	sum,avg,min,max
m2r_posisi_keuangan_pertahun	pksaldo7	double	double	0	high	sum,avg,min,max
m2r_posisi_keuangan_pertahun	pksaldo8	double	double	0	high	sum,avg,min,max
m2r_posisi_keuangan_pertahun	pksaldo9	double	double	0	high	sum,avg,min,max
m2r_posisi_keuangan_pertahun	pksaldo10	double	double	0	high	sum,avg,min,max
m2r_posisi_keuangan_pertahun	pksaldo11	double	double	0	high	sum,avg,min,max
m2r_posisi_keuangan_pertahun	pksaldo12	double	double	0	high	sum,avg,min,max
m2r_posisi_keuangan_t	asaldo	double	double	0	high	sum,avg,min,max
m2r_posisi_keuangan_t	asaldolalu	double	double	0	high	sum,avg,min,max
m2r_posisi_keuangan_t	asaldovariasi	double	double	0	high	sum,avg,min,max
m2r_posisi_keuangan_t	psaldo	double	double	0	high	sum,avg,min,max
m2r_posisi_keuangan_t	psaldolalu	double	double	0	high	sum,avg,min,max
m2r_posisi_keuangan_t	psaldovariasi	double	double	0	high	sum,avg,min,max
m2r_posisi_keuangan_t_detail	asaldo	double	double	0	high	sum,avg,min,max
m2r_posisi_keuangan_t_detail	asaldolalu	double	double	0	high	sum,avg,min,max
m2r_posisi_keuangan_t_detail	asaldovariasi	double	double	0	high	sum,avg,min,max
m2r_posisi_keuangan_t_detail	psaldo	double	double	0	high	sum,avg,min,max
m2r_posisi_keuangan_t_detail	psaldolalu	double	double	0	high	sum,avg,min,max
m2r_posisi_keuangan_t_detail	psaldovariasi	double	double	0	high	sum,avg,min,max
m2r_posisi_keuangan_tahun	pksaldo12	double	double	0	high	sum,avg,min,max
m2r_posisi_keuangan_tahun	pksaldo11	double	double	0	high	sum,avg,min,max
m2r_posisi_keuangan_tahun	pksaldovariasi	double	double	0	high	sum,avg,min,max
m2r_posisi_keuangan_tahun	pksaldo10	double	double	0	high	sum,avg,min,max
m2r_posisi_keuangan_tahun	pksaldo9	double	double	0	high	sum,avg,min,max
m2r_posisi_keuangan_tahun	pksaldo8	double	double	0	high	sum,avg,min,max
m2r_posisi_keuangan_tahun	pksaldo7	double	double	0	high	sum,avg,min,max
m2r_posisi_keuangan_tahun	pksaldo6	double	double	0	high	sum,avg,min,max
m2r_posisi_keuangan_tahun	pksaldo5	double	double	0	high	sum,avg,min,max
m2r_posisi_keuangan_tahun	pksaldo4	double	double	0	high	sum,avg,min,max
m2r_posisi_keuangan_tahun	pksaldo3	double	double	0	high	sum,avg,min,max
m2r_posisi_keuangan_tahun	pksaldo2	double	double	0	high	sum,avg,min,max
m2r_posisi_keuangan_tahun	pksaldo1	double	double	0	high	sum,avg,min,max
m2r_rekap_barang_konsinyasi	rbksaldoawal	double	double	0	high	sum,avg,min,max
m2r_rekap_barang_konsinyasi	rbksaldoakhir	double	double	0	high	sum,avg,min,max
m2r_rekap_barang_konsinyasi	rbktotalpenjualan	double	double	0	high	sum,avg,min,max
m2r_saldoawal_hutang	total	double	double	0	high	sum,avg,min,max
m2r_saldoawal_hutang	diskonnominal	double	double	0	high	sum,avg,min,max
m2r_saldoawal_hutang	biayalainnominal	double	double	0	high	sum,avg,min,max
m2r_saldoawal_hutang	totaltransaksi	double	double	0	high	sum,avg,min,max
m2r_saldoawal_hutang	saldoawal	double	double(1,0)	0	high	sum,avg,min,max
m2r_stok	total	double	double	0	high	sum,avg,min,max
m2r_stok_opname	saldoawal	double	double	0	high	sum,avg,min,max
m2r_stok_opname	total	double	double	0	high	sum,avg,min,max
m2r_top_10_best_seller_per_store	total	double	double	0	high	sum,avg,min,max
m2r_umpembelian_card	apsaldoawal	double	double	0	high	sum,avg,min,max
m2r_umpembelian_card	apsaldoakhir	double	double	0	high	sum,avg,min,max
m2r_umpembelian_card	apissaldoakhir	int	int	0	high	sum,avg,min,max
m2r_umpembelian_voucher	aptotal	double	double	0	high	sum,avg,min,max
m2r_umpembelian_voucher	apissaldoakhir	int	int	0	high	sum,avg,min,max
m2r_umpenjualan_card	arsaldoawal	double	double	0	high	sum,avg,min,max
m2r_umpenjualan_card	arsaldoakhir	double	double	0	high	sum,avg,min,max
m2r_umpenjualan_card	arissaldoakhir	int	int	0	high	sum,avg,min,max
m2r_umpenjualan_voucher	artotal	double	double	0	high	sum,avg,min,max
m2r_umpenjualan_voucher	arissaldoakhir	int	int	0	high	sum,avg,min,max
m3_dc	dchmtotal	double	double	0	high	sum,avg,min,max
m3_dc_history	dchmtotal	double	double	0	high	sum,avg,min,max
m4_cs	cstotal	double	double	0	high	sum,avg,min,max
m4_cs	cstotalpajak1detail	double	double	0	high	sum,avg,min,max
m4_cs	cstotalpajak2detail	double	double	0	high	sum,avg,min,max
m4_cs	cstotaltransaksi	double	double	0	high	sum,avg,min,max
m4_dnr	dnrtotal	double	double	0	high	sum,avg,min,max
m4_dnr	dnrtotalpajak1detail	double	double	0	high	sum,avg,min,max
m4_dnr	dnrtotalpajak2detail	double	double	0	high	sum,avg,min,max
m4_dnr	dnrtotaltransaksi	double	double	0	high	sum,avg,min,max
m4_dnr_history	dnrtotal	double	double	0	high	sum,avg,min,max
m4_dnr_history	dnrtotalpajak1detail	double	double	0	high	sum,avg,min,max
m4_dnr_history	dnrtotalpajak2detail	double	double	0	high	sum,avg,min,max
m4_dnr_history	dnrtotaltransaksi	double	double	0	high	sum,avg,min,max
m4_grn_cost	idgrncost	bigint	bigint	0	high	sum,avg,min,max
m4_grn_cost	idprcost	bigint	bigint	0	high	sum,avg,min,max
m4_grn_cost	idcscost	bigint	bigint	0	high	sum,avg,min,max
m4_grn_cost	idrqcost	bigint	bigint	0	high	sum,avg,min,max
m4_grn_cost	idbscost	bigint	bigint	0	high	sum,avg,min,max
m4_grn_cost	idpocost	bigint	bigint	0	high	sum,avg,min,max
m4_grn_cost	idipccost	bigint	bigint	0	high	sum,avg,min,max
m4_grn_cost_history	idhistorycost	bigint	bigint	0	high	sum,avg,min,max
m4_grn_cost_history	idgrncost	bigint	bigint	0	high	sum,avg,min,max
m4_grn_cost_history	idprcost	bigint	bigint	0	high	sum,avg,min,max
m4_grn_cost_history	idcscost	bigint	bigint	0	high	sum,avg,min,max
m4_grn_cost_history	idrqcost	bigint	bigint	0	high	sum,avg,min,max
m4_grn_cost_history	idbscost	bigint	bigint	0	high	sum,avg,min,max
m4_grn_cost_history	idpocost	bigint	bigint	0	high	sum,avg,min,max
m4_grn_cost_history	idipccost	bigint	bigint	0	high	sum,avg,min,max
m4_ipc	ipctotal	double	double	0	high	sum,avg,min,max
m4_ipc	ipctotalpajak1detail	double	double	0	high	sum,avg,min,max
m4_ipc	ipctotalpajak2detail	double	double	0	high	sum,avg,min,max
m4_ipc	ipctotaltransaksi	double	double	0	high	sum,avg,min,max
m4_po_cost	idpocost	bigint	bigint	0	high	sum,avg,min,max
m4_po_cost	idprcost	bigint	bigint	0	high	sum,avg,min,max
m4_po_cost	idcscost	bigint	bigint	0	high	sum,avg,min,max
m4_po_cost	idrqcost	bigint	bigint	0	high	sum,avg,min,max
m4_po_cost	idbscost	bigint	bigint	0	high	sum,avg,min,max
m4_po_cost_history	idhistorycost	bigint	bigint	0	high	sum,avg,min,max
m4_po_cost_history	idpocost	bigint	bigint	0	high	sum,avg,min,max
m4_po_cost_history	idprcost	bigint	bigint	0	high	sum,avg,min,max
m4_po_cost_history	idcscost	bigint	bigint	0	high	sum,avg,min,max
m4_po_cost_history	idrqcost	bigint	bigint	0	high	sum,avg,min,max
m4_po_cost_history	idbscost	bigint	bigint	0	high	sum,avg,min,max
m4_ri_cost	idricost	bigint	bigint	0	high	sum,avg,min,max
m4_ri_cost	idprcost	bigint	bigint	0	high	sum,avg,min,max
m4_ri_cost	idcscost	bigint	bigint	0	high	sum,avg,min,max
m4_ri_cost	idrqcost	bigint	bigint	0	high	sum,avg,min,max
m4_ri_cost	idbscost	bigint	bigint	0	high	sum,avg,min,max
m4_ri_cost	idpocost	bigint	bigint	0	high	sum,avg,min,max
m4_ri_cost	idipccost	bigint	bigint	0	high	sum,avg,min,max
m4_ri_cost	idgrncost	bigint	bigint	0	high	sum,avg,min,max
m4_ri_cost_history	idhistorycost	bigint	bigint	0	high	sum,avg,min,max
m4_ri_cost_history	idricost	bigint	bigint	0	high	sum,avg,min,max
m4_ri_cost_history	idprcost	bigint	bigint	0	high	sum,avg,min,max
m4_ri_cost_history	idcscost	bigint	bigint	0	high	sum,avg,min,max
m4_ri_cost_history	idrqcost	bigint	bigint	0	high	sum,avg,min,max
m4_ri_cost_history	idbscost	bigint	bigint	0	high	sum,avg,min,max
m4_ri_cost_history	idpocost	bigint	bigint	0	high	sum,avg,min,max
m4_ri_cost_history	idipccost	bigint	bigint	0	high	sum,avg,min,max
m4_ri_cost_history	idgrncost	bigint	bigint	0	high	sum,avg,min,max
m5_cl	cltotal	double	double	0	high	sum,avg,min,max
m5_cl	cltotalpajak1detail	double	double	0	high	sum,avg,min,max
m5_cl	cltotalpajak2detail	double	double	0	high	sum,avg,min,max
m5_cl	cltotaltransaksi	double	double	0	high	sum,avg,min,max
m5_cl_history	cltotal	double	double	0	high	sum,avg,min,max
m5_cl_history	cltotalpajak1detail	double	double	0	high	sum,avg,min,max
m5_cl_history	cltotalpajak2detail	double	double	0	high	sum,avg,min,max
m5_cl_history	cltotaltransaksi	double	double	0	high	sum,avg,min,max
m5_rnr	rnrtotal	double	double	0	high	sum,avg,min,max
m5_rnr	rnrtotalpajak1detail	double	double	0	high	sum,avg,min,max
m5_rnr	rnrtotalpajak2detail	double	double	0	high	sum,avg,min,max
m5_rnr	rnrtotaltransaksi	double	double	0	high	sum,avg,min,max
m5_rnr_detail	hargapricelist	double	double	0	high	sum,avg,min,max
m5_rnr_detail_history	hargapricelist	double	double	0	high	sum,avg,min,max
m5_rnr_history	rnrtotal	double	double	0	high	sum,avg,min,max
m5_rnr_history	rnrtotalpajak1detail	double	double	0	high	sum,avg,min,max
m5_rnr_history	rnrtotalpajak2detail	double	double	0	high	sum,avg,min,max
m5_rnr_history	rnrtotaltransaksi	double	double	0	high	sum,avg,min,max
m5_si_material	hargapricelist	double	double	0	high	sum,avg,min,max
m5_si_material_history	hargapricelist	double	double	0	high	sum,avg,min,max
m5_sq_out_bahan	subtotal	double	double	0	high	sum,avg,min,max
m5_sq_out_bahan1	subtotal	double	double	0	high	sum,avg,min,max
m7_ae	aetotal	double	double	0	high	sum,avg,min,max
m7_ae	aetotalpajak1detail	double	double	0	high	sum,avg,min,max
m7_ae	aetotalpajak2detail	double	double	0	high	sum,avg,min,max
m7_ae	aetotaltransaksi	double	double	0	high	sum,avg,min,max
m7_ao	aototal	double	double	0	high	sum,avg,min,max
m7_ao	aototalpajak1detail	double	double	0	high	sum,avg,min,max
m7_ao	aototalpajak2detail	double	double	0	high	sum,avg,min,max
m7_ao	aototaltransaksi	double	double	0	high	sum,avg,min,max
m7_aq	aqtotal	double	double	0	high	sum,avg,min,max
m7_aq	aqtotalpajak1detail	double	double	0	high	sum,avg,min,max
m7_aq	aqtotalpajak2detail	double	double	0	high	sum,avg,min,max
m7_aq	aqtotaltransaksi	double	double	0	high	sum,avg,min,max
m7_ar	artotal	double	double	0	high	sum,avg,min,max
m7_ar	artotalpajak1detail	double	double	0	high	sum,avg,min,max
m7_ar	artotalpajak2detail	double	double	0	high	sum,avg,min,max
m7_ar	artotaltransaksi	double	double	0	high	sum,avg,min,max
m7_asl	asltotal	double	double	0	high	sum,avg,min,max
m7_asl	asltotalpajak1detail	double	double	0	high	sum,avg,min,max
m7_asl	asltotalpajak2detail	double	double	0	high	sum,avg,min,max
m7_asl	asltotaltransaksi	double	double	0	high	sum,avg,min,max
m7_asr	asrtotal	double	double	0	high	sum,avg,min,max
m7_asr	asrtotalpajak1detail	double	double	0	high	sum,avg,min,max
m7_asr	asrtotalpajak2detail	double	double	0	high	sum,avg,min,max
m7_asr	asrtotaltransaksi	double	double	0	high	sum,avg,min,max
m7_at	attotalap	double	double	0	high	sum,avg,min,max
m7_at	attotalapvalas	double	double	0	high	sum,avg,min,max
m7_at_detail	totaltransaksi	double	double	0	high	sum,avg,min,max
m7_dsa	dsatotal	double	double	0	high	sum,avg,min,max
m7_dsa	dsatotalpajak1detail	double	double	0	high	sum,avg,min,max
m7_dsa	dsatotalpajak2detail	double	double	0	high	sum,avg,min,max
m7_dsa	dsatotaltransaksi	double	double	0	high	sum,avg,min,max
m7_dsa_detail	hargapricelist	double	double	0	high	sum,avg,min,max
m7_dsr	dsrtotal	double	double	0	high	sum,avg,min,max
m7_irt	irttotal	double	double	0	high	sum,avg,min,max
m9_coa	csaldoawal	double	double	0	high	sum,avg,min,max
m9_coa	csaldoberjalan	double	double	0	high	sum,avg,min,max
m9_coa	csaldoakhir	double	double	0	high	sum,avg,min,max
m9_coa	csaldotglx	double	double	0	high	sum,avg,min,max
m9_coa_konsolidasi	csaldoawal	double	double	0	high	sum,avg,min,max
m9_coa_konsolidasi	csaldoberjalan	double	double	0	high	sum,avg,min,max
m9_coa_konsolidasi	csaldoakhir	double	double	0	high	sum,avg,min,max
m9_coa_konsolidasi	csaldoakhireliminasi	double	double	0	high	sum,avg,min,max
m_10_ad	adtotalpotongan	int	int	0	high	sum,avg,min,max
m_10_ed_detail	saldoawal	int	int	0	high	sum,avg,min,max
m_10_ed_detail	saldoakhir	int	int	0	high	sum,avg,min,max
m_10_erl	erltotalreward	int	int	0	high	sum,avg,min,max
m_10_ord	ordtotalreward	int	int	0	high	sum,avg,min,max
m_10_pc	pctotalrealisasi	int	int	0	high	sum,avg,min,max
m_10_pc_detail	total	int	int	0	high	sum,avg,min,max
m_10_pp	pptotaltj	int	int	0	high	sum,avg,min,max
m_10_pp	pptotaltjvalas	int	int	0	high	sum,avg,min,max
m_10_pp	pptotaldc	int	int	0	high	sum,avg,min,max
m_10_pp	pptotaldcvalas	int	int	0	high	sum,avg,min,max
m_10_pp_detail	totaltransaksi	int	int	0	high	sum,avg,min,max
m_11_ak	aktotaltransaksi	double	double	0	high	sum,avg,min,max
m_11_ak	aktotalobat	double	double	0	high	sum,avg,min,max
m_11_ak_detail	jmltotal	double	double	0	high	sum,avg,min,max
m_11_km	kmtotaltransaksi	double	double	0	high	sum,avg,min,max
m_11_km_history	kmtotaltransaksi	double	double	0	high	sum,avg,min,max
m_11_kw	kwtotalap	double	double	0	high	sum,avg,min,max
m_11_kw	kwtotalapvalas	double	double	0	high	sum,avg,min,max
m_11_kw	kwtotalar	double	double	0	high	sum,avg,min,max
m_11_kw	kwtotalarvalas	double	double	0	high	sum,avg,min,max
m_11_kw_detail	totaltransaksi	double	double	0	high	sum,avg,min,max
m_11_lb	lbtotaltransaksi	double	double	0	high	sum,avg,min,max
m_11_lb_detail	jmltotal	double	double	0	high	sum,avg,min,max
m_11_lu	lutotaltransaksi	double	double	0	high	sum,avg,min,max
m_11_lu_detail	jmltotal	double	double	0	high	sum,avg,min,max
m_11_lu_detail_history	jmltotal	double	double	0	high	sum,avg,min,max
m_11_lu_history	lutotaltransaksi	double	double	0	high	sum,avg,min,max
m_11_pb	pvtotalap	double	double	0	high	sum,avg,min,max
m_11_pb	pvtotalapvalas	double	double	0	high	sum,avg,min,max
m_11_pb	pvtotalar	double	double	0	high	sum,avg,min,max
m_11_pb	pvtotalarvalas	double	double	0	high	sum,avg,min,max
m_11_pb_detail	totaltransaksi	double	double	0	high	sum,avg,min,max
m_11_ro	rototaltransaksi	double	double	0	high	sum,avg,min,max
m_11_ro_detail	jmltotal	double	double	0	high	sum,avg,min,max
m_12_ppv	ppvtotalap	double	double	0	high	sum,avg,min,max
m_12_ppv	ppvtotalapvalas	double	double	0	high	sum,avg,min,max
m_12_ppv	ppvtotalar	double	double	0	high	sum,avg,min,max
m_12_ppv	ppvtotalarvalas	double	double	0	high	sum,avg,min,max
m_12_ppv_detail	totaltransaksi	double	double	0	high	sum,avg,min,max
ro_tmp	rototaltransaksi	double	double	0	high	sum,avg,min,max
temp_barang	qty	double	double	0	high	sum,avg
